{"3": {"0.0": {"reduction_in_attributes": 94.73684210526316, "time": 0.08822894096374512, "reduction": 27.801827801827805, "validation": {"accuracy": 70.65897065897066}, "test": {"accuracy": 53.67965367965368}}, "0.1": {"reduction_in_attributes": 94.73684210526316, "time": 0.08384585380554199, "reduction": 29.918229918229923, "validation": {"accuracy": 55.266955266955264}, "test": {"accuracy": 43.290043290043286}}, "0.2": {"reduction_in_attributes": 94.73684210526316, "time": 0.08318877220153809, "reduction": 17.748917748917748, "validation": {"accuracy": 26.406926406926406}, "test": {"accuracy": 17.74891774891775}}, "0.3": {"reduction_in_attributes": 94.73684210526316, "time": 0.08512377738952637, "reduction": 22.799422799422796, "validation": {"accuracy": 50.889850889850884}, "test": {"accuracy": 25.541125541125542}}, "0.4": {"reduction_in_attributes": 94.73684210526316, "time": 0.08367300033569336, "reduction": 43.53054353054353, "validation": {"accuracy": 75.46897546897547}, "test": {"accuracy": 54.54545454545454}}, "0.5": {"reduction_in_attributes": 94.73684210526316, "time": 0.08164477348327637, "reduction": 47.61904761904761, "validation": {"accuracy": 73.4006734006734}, "test": {"accuracy": 54.112554112554115}}, "0.6": {"reduction_in_attributes": 94.73684210526316, "time": 0.08017587661743164, "reduction": 44.733044733044736, "validation": {"accuracy": 58.34535834535834}, "test": {"accuracy": 44.58874458874459}}, "0.7": {"reduction_in_attributes": 94.73684210526316, "time": 0.06917715072631836, "reduction": 62.049062049062044, "validation": {"accuracy": 44.54064454064454}, "test": {"accuracy": 39.82683982683983}}, "0.8": {"reduction_in_attributes": 94.73684210526316, "time": 0.06447982788085938, "reduction": 85.13708513708514, "validation": {"accuracy": 37.181337181337184}, "test": {"accuracy": 28.13852813852814}}, "0.9": {"reduction_in_attributes": 94.73684210526316, "time": 0.05625009536743164, "reduction": 46.60894660894661, "validation": {"accuracy": 16.450216450216452}, "test": {"accuracy": 15.151515151515152}}, "1.0": {"reduction_in_attributes": 94.73684210526316, "time": 0.06047821044921875, "reduction": 99.66329966329967, "validation": {"accuracy": 42.56854256854257}, "test": {"accuracy": 43.290043290043286}}}, "4": {"0.0": {"reduction_in_attributes": 94.73684210526316, "time": 0.08623480796813965, "reduction": 45.55074555074555, "validation": {"accuracy": 96.00769600769601}, "test": {"accuracy": 38.095238095238095}}, "0.1": {"reduction_in_attributes": 94.73684210526316, "time": 0.08573698997497559, "reduction": 13.131313131313128, "validation": {"accuracy": 46.7051467051467}, "test": {"accuracy": 29.004329004329005}}, "0.2": {"reduction_in_attributes": 94.73684210526316, "time": 0.08688926696777344, "reduction": 42.13564213564214, "validation": {"accuracy": 92.20779220779221}, "test": {"accuracy": 63.63636363636363}}, "0.3": {"reduction_in_attributes": 94.73684210526316, "time": 0.0842900276184082, "reduction": 31.120731120731115, "validation": {"accuracy": 63.78066378066378}, "test": {"accuracy": 44.58874458874459}}, "0.4": {"reduction_in_attributes": 94.73684210526316, "time": 0.08533406257629395, "reduction": 32.03463203463204, "validation": {"accuracy": 60.317460317460316}, "test": {"accuracy": 45.887445887445885}}, "0.5": {"reduction_in_attributes": 94.73684210526316, "time": 0.07906317710876465, "reduction": 41.12554112554112, "validation": {"accuracy": 68.15776815776816}, "test": {"accuracy": 46.320346320346324}}, "0.6": {"reduction_in_attributes": 94.73684210526316, "time": 0.0788118839263916, "reduction": 56.854256854256846, "validation": {"accuracy": 88.31168831168831}, "test": {"accuracy": 37.66233766233766}}, "0.7": {"reduction_in_attributes": 94.73684210526316, "time": 0.055048227310180664, "reduction": 41.8951418951419, "validation": {"accuracy": 16.305916305916305}, "test": {"accuracy": 14.71861471861472}}, "0.8": {"reduction_in_attributes": 94.73684210526316, "time": 0.06990218162536621, "reduction": 61.32756132756132, "validation": {"accuracy": 64.83886483886484}, "test": {"accuracy": 48.05194805194805}}, "0.9": {"reduction_in_attributes": 94.73684210526316, "time": 0.05407381057739258, "reduction": 46.60894660894661, "validation": {"accuracy": 16.305916305916305}, "test": {"accuracy": 16.017316017316016}}, "1.0": {"reduction_in_attributes": 94.73684210526316, "time": 0.0583040714263916, "reduction": 99.66329966329967, "validation": {"accuracy": 41.17364117364117}, "test": {"accuracy": 40.692640692640694}}}, "5": {"0.0": {"reduction_in_attributes": 94.73684210526316, "time": 0.08545398712158203, "reduction": 20.731120731120733, "validation": {"accuracy": 90.18759018759019}, "test": {"accuracy": 14.71861471861472}}, "0.1": {"reduction_in_attributes": 94.73684210526316, "time": 0.08557319641113281, "reduction": 25.781625781625785, "validation": {"accuracy": 64.26166426166427}, "test": {"accuracy": 38.961038961038966}}, "0.2": {"reduction_in_attributes": 94.73684210526316, "time": 0.08212089538574219, "reduction": 17.508417508417505, "validation": {"accuracy": 47.42664742664743}, "test": {"accuracy": 27.705627705627705}}, "0.3": {"reduction_in_attributes": 94.73684210526316, "time": 0.0843040943145752, "reduction": 28.475228475228477, "validation": {"accuracy": 59.98075998075998}, "test": {"accuracy": 46.75324675324675}}, "0.4": {"reduction_in_attributes": 94.73684210526316, "time": 0.06965208053588867, "reduction": 56.80615680615681, "validation": {"accuracy": 50.45695045695046}, "test": {"accuracy": 22.943722943722943}}, "0.5": {"reduction_in_attributes": 94.73684210526316, "time": 0.08260679244995117, "reduction": 39.77873977873978, "validation": {"accuracy": 65.80086580086581}, "test": {"accuracy": 51.94805194805194}}, "0.6": {"reduction_in_attributes": 94.73684210526316, "time": 0.07279205322265625, "reduction": 43.67484367484368, "validation": {"accuracy": 25.877825877825877}, "test": {"accuracy": 19.913419913419915}}, "0.7": {"reduction_in_attributes": 94.73684210526316, "time": 0.0717771053314209, "reduction": 71.18807118807119, "validation": {"accuracy": 65.17556517556517}, "test": {"accuracy": 52.38095238095239}}, "0.8": {"reduction_in_attributes": 94.73684210526316, "time": 0.07126617431640625, "reduction": 68.92736892736893, "validation": {"accuracy": 65.993265993266}, "test": {"accuracy": 51.082251082251084}}, "0.9": {"reduction_in_attributes": 94.73684210526316, "time": 0.06638383865356445, "reduction": 72.87157287157287, "validation": {"accuracy": 47.76334776334777}, "test": {"accuracy": 41.55844155844156}}, "1.0": {"reduction_in_attributes": 94.73684210526316, "time": 0.06094789505004883, "reduction": 99.66329966329967, "validation": {"accuracy": 47.57094757094757}, "test": {"accuracy": 38.095238095238095}}}, "6": {"0.0": {"reduction_in_attributes": 94.73684210526316, "time": 0.08994674682617188, "reduction": 22.270322270322275, "validation": {"accuracy": 60.89466089466089}, "test": {"accuracy": 40.692640692640694}}, "0.1": {"reduction_in_attributes": 94.73684210526316, "time": 0.08471989631652832, "reduction": 49.735449735449734, "validation": {"accuracy": 94.22799422799423}, "test": {"accuracy": 35.93073593073593}}, "0.2": {"reduction_in_attributes": 94.73684210526316, "time": 0.08569908142089844, "reduction": 43.14574314574314, "validation": {"accuracy": 92.68879268879269}, "test": {"accuracy": 54.54545454545454}}, "0.3": {"reduction_in_attributes": 94.73684210526316, "time": 0.08308029174804688, "reduction": 46.224146224146224, "validation": {"accuracy": 88.64838864838865}, "test": {"accuracy": 52.81385281385281}}, "0.4": {"reduction_in_attributes": 94.73684210526316, "time": 0.08277130126953125, "reduction": 34.87253487253488, "validation": {"accuracy": 65.46416546416548}, "test": {"accuracy": 47.18614718614719}}, "0.5": {"reduction_in_attributes": 94.73684210526316, "time": 0.031648874282836914, "reduction": 100, "validation": 0.0, "test": 0.0},