{"3": {"0.0": {"reduction_in_attributes": 68.23529411764706, "time": 2.932528018951416, "reduction": 75.72398190045249, "validation": {"accuracy": 94.0158371040724}, "test": {"accuracy": 94.09368635437882}}, "0.1": {"reduction_in_attributes": 68.23529411764706, "time": 2.6580939292907715, "reduction": 75.89366515837104, "validation": {"accuracy": 94.0158371040724}, "test": {"accuracy": 94.09368635437882}}, "0.2": {"reduction_in_attributes": 68.23529411764706, "time": 2.9149720668792725, "reduction": 77.28506787330318, "validation": {"accuracy": 93.68778280542986}, "test": {"accuracy": 93.89002036659878}}, "0.3": {"reduction_in_attributes": 68.23529411764706, "time": 2.798336982727051, "reduction": 81.4027149321267, "validation": {"accuracy": 93.67647058823529}, "test": {"accuracy": 93.89002036659878}}, "0.4": {"reduction_in_attributes": 68.23529411764706, "time": 2.6776561737060547, "reduction": 88.52941176470588, "validation": {"accuracy": 91.44796380090497}, "test": {"accuracy": 92.26069246435846}}, "0.5": {"reduction_in_attributes": 68.23529411764706, "time": 2.2753758430480957, "reduction": 93.34841628959276, "validation": {"accuracy": 91.10859728506787}, "test": {"accuracy": 92.26069246435846}}, "0.6": {"reduction_in_attributes": 68.23529411764706, "time": 2.5665171146392822, "reduction": 96.5497737556561, "validation": {"accuracy": 90.78054298642535}, "test": {"accuracy": 91.95519348268839}}, "0.7": {"reduction_in_attributes": 68.23529411764706, "time": 2.5095150470733643, "reduction": 99.02714932126698, "validation": {"accuracy": 79.25339366515837}, "test": {"accuracy": 80.44806517311609}}, "0.8": {"reduction_in_attributes": 68.23529411764706, "time": 2.4953229427337646, "reduction": 99.83031674208145, "validation": {"accuracy": 52.33031674208145}, "test": {"accuracy": 55.80448065173116}}, "0.9": {"reduction_in_attributes": 68.23529411764706, "time": 2.1769859790802, "reduction": 99.97737556561086, "validation": {"accuracy": 75.80316742081448}, "test": {"accuracy": 76.68024439918534}}, "1.0": {"reduction_in_attributes": 68.23529411764706, "time": 2.2171850204467773, "reduction": 99.97737556561086, "validation": {"accuracy": 66.53846153846153}, "test": {"accuracy": 66.80244399185335}}}, "4": {"0.0": {"reduction_in_attributes": 65.88235294117646, "time": 3.0833311080932617, "reduction": 74.94343891402715, "validation": {"accuracy": 92.6131221719457}, "test": {"accuracy": 93.48268839103869}}, "0.1": {"reduction_in_attributes": 65.88235294117646, "time": 3.058767795562744, "reduction": 75.72398190045249, "validation": {"accuracy": 92.60180995475113}, "test": {"accuracy": 93.48268839103869}}, "0.2": {"reduction_in_attributes": 65.88235294117646, "time": 2.630629777908325, "reduction": 78.83484162895927, "validation": {"accuracy": 92.5}, "test": {"accuracy": 93.07535641547861}}, "0.3": {"reduction_in_attributes": 65.88235294117646, "time": 2.804577112197876, "reduction": 83.99321266968326, "validation": {"accuracy": 92.28506787330318}, "test": {"accuracy": 93.07535641547861}}, "0.4": {"reduction_in_attributes": 65.88235294117646, "time": 2.787564992904663, "reduction": 90.91628959276018, "validation": {"accuracy": 90.92760180995475}, "test": {"accuracy": 91.95519348268839}}, "0.5": {"reduction_in_attributes": 65.88235294117646, "time": 2.6928420066833496, "reduction": 95.83710407239819, "validation": {"accuracy": 86.44796380090499}, "test": {"accuracy": 88.4928716904277}}, "0.6": {"reduction_in_attributes": 65.88235294117646, "time": 2.308318853378296, "reduction": 98.94796380090499, "validation": {"accuracy": 89.92081447963801}, "test": {"accuracy": 90.83503054989816}}, "0.7": {"reduction_in_attributes": 65.88235294117646, "time": 2.3579962253570557, "reduction": 99.77375565610859, "validation": {"accuracy": 89.8529411764706}, "test": {"accuracy": 90.52953156822811}}, "0.8": {"reduction_in_attributes": 65.88235294117646, "time": 2.627405881881714, "reduction": 99.96606334841628, "validation": {"accuracy": 50.022624434389144}, "test": {"accuracy": 49.59266802443992}}, "0.9": {"reduction_in_attributes": 65.88235294117646, "time": 2.620605945587158, "reduction": 99.97737556561086, "validation": {"accuracy": 55.00000000000001}, "test": {"accuracy": 55.90631364562119}}, "1.0": {"reduction_in_attributes": 65.88235294117646, "time": 2.59004807472229, "reduction": 99.97737556561086, "validation": {"accuracy": 18.959276018099548}, "test": {"accuracy": 18.329938900203665}}}, "5": {"0.0": {"reduction_in_attributes": 69.41176470588235, "time": 2.4797232151031494, "reduction": 75.20361990950227, "validation": {"accuracy": 94.00452488687783}, "test": {"accuracy": 94.19551934826885}}, "0.1": {"reduction_in_attributes": 69.41176470588235, "time": 2.700141191482544, "reduction": 75.52036199095022, "validation": {"accuracy": 93.99321266968326}, "test": {"accuracy": 94.09368635437882}}, "0.2": {"reduction_in_attributes": 69.41176470588235, "time": 2.8080759048461914, "reduction": 77.0475113122172, "validation": {"accuracy": 93.94796380090497}, "test": {"accuracy": 94.09368635437882}}, "0.3": {"reduction_in_attributes": 69.41176470588235, "time": 2.708385944366455, "reduction": 82.43212669683257, "validation": {"accuracy": 93.9366515837104}, "test": {"accuracy": 93.9918533604888}}, "0.4": {"reduction_in_attributes": 69.41176470588235, "time": 2.27801513671875, "reduction": 88.97058823529412, "validation": {"accuracy": 93.47285067873304}, "test": {"accuracy": 93.78818737270875}}, "0.5": {"reduction_in_attributes": 69.41176470588235, "time": 2.5077219009399414, "reduction": 93.60859728506787, "validation": {"accuracy": 92.82805429864254}, "test": {"accuracy": 92.66802443991853}}, "0.6": {"reduction_in_attributes": 69.41176470588235, "time": 2.4479660987854004, "reduction": 97.05882352941177, "validation": {"accuracy": 90.91628959276018}, "test": {"accuracy": 90.73319755600815}}, "0.7": {"reduction_in_attributes": 69.41176470588235, "time": 2.4190659523010254, "reduction": 99.23076923076923, "validation": {"accuracy": 89.52488687782805}, "test": {"accuracy": 90.32586558044807}}, "0.8": {"reduction_in_attributes": 69.41176470588235, "time": 2.100484848022461, "reduction": 99.8868778280543, "validation": {"accuracy": 79.37782805429863}, "test": {"accuracy": 80.65173116089613}}, "0.9": {"reduction_in_attributes": 69.41176470588235, "time": 2.1736228466033936, "reduction": 99.97737556561086, "validation": {"accuracy": 13.33710407239819}, "test": {"accuracy": 13.747454175152749}}, "1.0": {"reduction_in_attributes": 69.41176470588235, "time": 2.41811203956604, "reduction": 99.97737556561086, "validation": {"accuracy": 48.38235294117647}, "test": {"accuracy": 48.472505091649694}}}, "6": {"0.0": {"reduction_in_attributes": 67.05882352941177, "time": 2.998444080352783, "reduction": 75.04524886877829, "validation": {"accuracy": 93.97058823529412}, "test": {"accuracy": 93.9918533604888}}, "0.1": {"reduction_in_attributes": 67.05882352941177, "time": 2.9552392959594727, "reduction": 76.13122171945702, "validation": {"accuracy": 93.98190045248869}, "test": {"accuracy": 93.89002036659878}}, "0.2": {"reduction_in_attributes": 67.05882352941177, "time": 2.5696229934692383, "reduction": 78.4502262443439, "validation": {"accuracy": 93.99321266968326}, "test": {"accuracy": 93.9918533604888}}, "0.3": {"reduction_in_attributes": 67.05882352941177, "time": 2.860841989517212, "reduction": 82.68099547511312, "validation": {"accuracy": 93.99321266968326}, "test": {"accuracy": 93.9918533604888}}, "0.4": {"reduction_in_attributes": 67.05882352941177, "time": 2.750394821166992, "reduction": 88.41628959276018, "validation": {"accuracy": 94.02714932126696}, "test": {"accuracy": 94.09368635437882}}, "0.5": {"reduction_in_attributes": 67.05882352941177, "time": 2.3930869102478027, "reduction": 93.46153846153847, "validation": {"accuracy": 93.97058823529412}, "test": {"accuracy": 94.09368635437882}}, "0.6": {"reduction_in_attributes": 67.05882352941177, "time": 2.3753528594970703,