{"3": {"0.0": {"time": 0.04375576972961426, "reduction": 13.258426966292136, "validation": {"accuracy": 12.808988764044942}, "test": {"accuracy": 12.751677852348994}}, "0.1": {"time": 0.04200029373168945, "reduction": 16.029962546816478, "validation": {"accuracy": 12.808988764044942}, "test": {"accuracy": 12.751677852348994}}, "0.2": {"time": 0.04039907455444336, "reduction": 19.550561797752806, "validation": {"accuracy": 12.734082397003746}, "test": {"accuracy": 12.751677852348994}}, "0.3": {"time": 0.03858208656311035, "reduction": 25.99250936329588, "validation": {"accuracy": 12.284644194756554}, "test": {"accuracy": 14.093959731543624}}, "0.4": {"time": 0.035910844802856445, "reduction": 35.80524344569288, "validation": {"accuracy": 12.134831460674157}, "test": {"accuracy": 14.76510067114094}}, "0.5": {"time": 0.033659934997558594, "reduction": 50.11235955056179, "validation": {"accuracy": 11.385767790262172}, "test": {"accuracy": 13.422818791946309}}, "0.6": {"time": 0.029668807983398438, "reduction": 65.84269662921348, "validation": {"accuracy": 12.50936329588015}, "test": {"accuracy": 13.422818791946309}}, "0.7": {"time": 0.028107166290283203, "reduction": 82.39700374531836, "validation": {"accuracy": 11.385767790262172}, "test": {"accuracy": 10.738255033557047}}, "0.8": {"time": 0.026864051818847656, "reduction": 93.55805243445693, "validation": {"accuracy": 11.46067415730337}, "test": {"accuracy": 12.080536912751679}}, "0.9": {"time": 0.02680683135986328, "reduction": 98.20224719101124, "validation": {"accuracy": 11.835205992509364}, "test": {"accuracy": 12.080536912751679}}, "1.0": {"time": 0.02679610252380371, "reduction": 99.25093632958801, "validation": {"accuracy": 12.883895131086142}, "test": {"accuracy": 13.422818791946309}}}, "4": {"0.0": {"time": 0.04621076583862305, "reduction": 13.48314606741573, "validation": {"accuracy": 17.00374531835206}, "test": {"accuracy": 17.449664429530202}}, "0.1": {"time": 0.041860103607177734, "reduction": 15.655430711610485, "validation": {"accuracy": 16.853932584269664}, "test": {"accuracy": 16.10738255033557}}, "0.2": {"time": 0.041355133056640625, "reduction": 17.752808988764045, "validation": {"accuracy": 14.382022471910114}, "test": {"accuracy": 14.093959731543624}}, "0.3": {"time": 0.039945125579833984, "reduction": 22.17228464419476, "validation": {"accuracy": 13.632958801498127}, "test": {"accuracy": 13.422818791946309}}, "0.4": {"time": 0.036855220794677734, "reduction": 31.235955056179776, "validation": {"accuracy": 12.50936329588015}, "test": {"accuracy": 15.436241610738255}}, "0.5": {"time": 0.03470015525817871, "reduction": 43.146067415730336, "validation": {"accuracy": 22.47191011235955}, "test": {"accuracy": 22.14765100671141}}, "0.6": {"time": 0.03080892562866211, "reduction": 59.40074906367041, "validation": {"accuracy": 19.250936329588015}, "test": {"accuracy": 16.10738255033557}}, "0.7": {"time": 0.028120040893554688, "reduction": 79.85018726591761, "validation": {"accuracy": 6.292134831460674}, "test": {"accuracy": 5.369127516778524}}, "0.8": {"time": 0.02769923210144043, "reduction": 92.95880149812734, "validation": {"accuracy": 11.01123595505618}, "test": {"accuracy": 8.053691275167784}}, "0.9": {"time": 0.026915788650512695, "reduction": 97.90262172284643, "validation": {"accuracy": 6.51685393258427}, "test": {"accuracy": 6.7114093959731544}}, "1.0": {"time": 0.027259111404418945, "reduction": 99.25093632958801, "validation": {"accuracy": 12.808988764044942}, "test": {"accuracy": 16.10738255033557}}}, "5": {"0.0": {"time": 0.04366016387939453, "reduction": 14.371257485029943, "validation": {"accuracy": 15.943113772455089}, "test": {"accuracy": 22.2972972972973}}, "0.1": {"time": 0.042971134185791016, "reduction": 15.86826347305389, "validation": {"accuracy": 16.317365269461078}, "test": {"accuracy": 22.2972972972973}}, "0.2": {"time": 0.04106283187866211, "reduction": 18.188622754491014, "validation": {"accuracy": 18.113772455089823}, "test": {"accuracy": 22.2972972972973}}, "0.3": {"time": 0.040422916412353516, "reduction": 22.08083832335329, "validation": {"accuracy": 18.188622754491018}, "test": {"accuracy": 22.2972972972973}}, "0.4": {"time": 0.03830599784851074, "reduction": 30.01497005988024, "validation": {"accuracy": 14.820359281437126}, "test": {"accuracy": 18.243243243243242}}, "0.5": {"time": 0.03481006622314453, "reduction": 42.66467065868264, "validation": {"accuracy": 13.248502994011977}, "test": {"accuracy": 18.243243243243242}}, "0.6": {"time": 0.030889272689819336, "reduction": 60.32934131736527, "validation": {"accuracy": 29.041916167664674}, "test": {"accuracy": 28.37837837837838}}, "0.7": {"time": 0.028038978576660156, "reduction": 79.71556886227545, "validation": {"accuracy": 31.137724550898206}, "test": {"accuracy": 32.432432432432435}}, "0.8": {"time": 0.026805639266967773, "reduction": 92.29041916167665, "validation": {"accuracy": 25.149700598802394}, "test": {"accuracy": 27.027027027027028}}, "0.9": {"time": 0.027004241943359375, "reduction": 97.30538922155688, "validation": {"accuracy": 19.16167664670659}, "test": {"accuracy": 26.351351351351347}}, "1.0": {"time": 0.027204036712646484, "reduction": 99.25149700598801, "validation": {"accuracy": 4.865269461077845}, "test": {"accuracy": 12.837837837837837}}}, "6": {"0.0": {"time": 0.04455399513244629, "reduction": 12.94910179640718, "validation": {"accuracy": 20.209580838323355}, "test": {"accuracy": 21.62162162162162}}, "0.1": {"time": 0.04536914825439453, "reduction": 14.67065868263473, "validation": {"accuracy": 20.434131736526943}, "test": {"accuracy": 22.972972972972975}}, "0.2": {"time": 0.04198193550109863, "reduction": 17.51497005988024, "validation": {"accuracy": 20.28443113772455}, "test": {"accuracy": 22.2972972972973}}, "0.3": {"time": 0.04010272026062012, "reduction": 21.332335329341312, "validation": {"accuracy": 15.269461077844312}, "test": {"accuracy": 17.56756756756757}}, "0.4": {"time": 0.03718304634094238, "reduction": 31.586826347305387, "validation": {"accuracy": 14.595808383233532}, "test": {"accuracy": 12.162162162162163}}, "0.5": {"time": 0.03508615493774414, "reduction": 46.25748502994011, "validation": {"accuracy": 18.03892215568862}, "test": {"accuracy": 12.837837837837837}}, "0.6": {"time": 0.0320429801940918, "reduction": 63.69760479041916, "validation": {"accuracy": 15.04491017964072}, "test": {"accuracy": 11.486486486486488}}, "0.7": {"time": 0.028789043426513672, "reduction": 81.73652694610777, "validation": {"accuracy": 5.763473053892216}, "test": {"accuracy": 5.405405405405405}}, "0.8": {"time": 0.026234865188598633, "reduction": 92.14071856287424, "validation": {"accuracy": 7.559880239520958}, "test": {"accuracy": 8.108108108108109}}, "0.9": {"time": 0.027833938598632812, "reduction": 97.60479041916167, "validation": {"accuracy": 5.4640718562874255}, "test": {"accuracy": 4.72972972972973}}, "1.0": {"time": 0.027288198471069336, "reduction": 99.25149700598801, "validation": {"accuracy": 27.694610778443113}, "test": {"accuracy": 31.08108108108108}}}, "7": {"0.0": {"time": 0.04365086555480957, "reduction": 14.595808383233532, "validation": {"accuracy": 18.562874251497004}, "test": {"accuracy": 21.62162162162162}}, "0.1": {"time": 0.041914939880371094, "reduction": 16.766467065868262, "validation": {"accuracy": 18.637724550898206}, "test": {"accuracy": 21.62162162162162}}, "0.2": {"time": 0.04172682762145996, "reduction": 19.760479041916167, "validation": {"accuracy": 15.269461077844312}, "test": {"accuracy": 16.216216216216218}}, "0.3": {"time": 0.04073596000671387, "reduction": 23.203592814371255, "validation": {"accuracy": 13.023952095808383}, "test": {"accuracy": 14.864864864864865}}, "0.4": {"time": 0.03848385810852051, "reduction": 30.988023952095812, "validation": {"accuracy": 13.47305389221557}, "test": {"accuracy": 12.837837837837837}}, "0.5": {"time": 0.0344998836517334, "reduction": 44.98502994011976, "validation": {"accuracy": 11.976047904191617},