{"3": {"0.0": {"reduction_in_attributes": 69.6969696969697, "time": 0.003348112106323242, "reduction": 15.506329113924055, "validation": {"accuracy": 69.9367088607595}, "test": {"accuracy": 65.71428571428571}}, "0.1": {"reduction_in_attributes": 69.6969696969697, "time": 0.0028150081634521484, "reduction": 64.87341772151899, "validation": {"accuracy": 69.9367088607595}, "test": {"accuracy": 71.42857142857143}}, "0.2": {"reduction_in_attributes": 69.6969696969697, "time": 0.002707958221435547, "reduction": 78.48101265822784, "validation": {"accuracy": 72.15189873417721}, "test": {"accuracy": 74.28571428571429}}, "0.3": {"reduction_in_attributes": 69.6969696969697, "time": 0.002694845199584961, "reduction": 82.27848101265822, "validation": {"accuracy": 72.78481012658227}, "test": {"accuracy": 71.42857142857143}}, "0.4": {"reduction_in_attributes": 69.6969696969697, "time": 0.0026092529296875, "reduction": 91.13924050632912, "validation": {"accuracy": 71.83544303797468}, "test": {"accuracy": 77.14285714285715}}, "0.5": {"reduction_in_attributes": 69.6969696969697, "time": 0.0025382041931152344, "reduction": 95.56962025316456, "validation": {"accuracy": 72.46835443037975}, "test": {"accuracy": 77.14285714285715}}, "0.6": {"reduction_in_attributes": 69.6969696969697, "time": 0.0024650096893310547, "reduction": 96.83544303797468, "validation": {"accuracy": 70.56962025316456}, "test": {"accuracy": 74.28571428571429}}, "0.7": {"reduction_in_attributes": 69.6969696969697, "time": 0.0023980140686035156, "reduction": 98.10126582278481, "validation": {"accuracy": 71.83544303797468}, "test": {"accuracy": 80.0}}, "0.8": {"reduction_in_attributes": 69.6969696969697, "time": 0.0023338794708251953, "reduction": 98.73417721518987, "validation": {"accuracy": 71.83544303797468}, "test": {"accuracy": 77.14285714285715}}, "0.9": {"reduction_in_attributes": 69.6969696969697, "time": 0.0022521018981933594, "reduction": 99.0506329113924, "validation": {"accuracy": 68.9873417721519}, "test": {"accuracy": 71.42857142857143}}, "1.0": {"reduction_in_attributes": 69.6969696969697, "time": 0.0022499561309814453, "reduction": 99.36708860759494, "validation": {"accuracy": 67.72151898734177}, "test": {"accuracy": 77.14285714285715}}}, "4": {"0.0": {"reduction_in_attributes": 69.6969696969697, "time": 0.0033500194549560547, "reduction": 16.77215189873418, "validation": {"accuracy": 71.20253164556962}, "test": {"accuracy": 68.57142857142857}}, "0.1": {"reduction_in_attributes": 69.6969696969697, "time": 0.0028181076049804688, "reduction": 67.08860759493672, "validation": {"accuracy": 71.20253164556962}, "test": {"accuracy": 68.57142857142857}}, "0.2": {"reduction_in_attributes": 69.6969696969697, "time": 0.002763986587524414, "reduction": 75.63291139240506, "validation": {"accuracy": 71.20253164556962}, "test": {"accuracy": 68.57142857142857}}, "0.3": {"reduction_in_attributes": 69.6969696969697, "time": 0.0027031898498535156, "reduction": 82.27848101265822, "validation": {"accuracy": 69.9367088607595}, "test": {"accuracy": 71.42857142857143}}, "0.4": {"reduction_in_attributes": 69.6969696969697, "time": 0.0026280879974365234, "reduction": 89.24050632911393, "validation": {"accuracy": 69.9367088607595}, "test": {"accuracy": 71.42857142857143}}, "0.5": {"reduction_in_attributes": 69.6969696969697, "time": 0.002546072006225586, "reduction": 93.35443037974683, "validation": {"accuracy": 66.45569620253164}, "test": {"accuracy": 65.71428571428571}}, "0.6": {"reduction_in_attributes": 69.6969696969697, "time": 0.0024080276489257812, "reduction": 98.41772151898735, "validation": {"accuracy": 71.20253164556962}, "test": {"accuracy": 74.28571428571429}}, "0.7": {"reduction_in_attributes": 69.6969696969697, "time": 0.0022993087768554688, "reduction": 99.0506329113924, "validation": {"accuracy": 68.67088607594937}, "test": {"accuracy": 65.71428571428571}}, "0.8": {"reduction_in_attributes": 69.6969696969697, "time": 0.0022742748260498047, "reduction": 99.36708860759494, "validation": {"accuracy": 71.20253164556962}, "test": {"accuracy": 71.42857142857143}}, "0.9": {"reduction_in_attributes": 69.6969696969697, "time": 0.0022346973419189453, "reduction": 99.36708860759494, "validation": {"accuracy": 71.20253164556962}, "test": {"accuracy": 71.42857142857143}}, "1.0": {"reduction_in_attributes": 69.6969696969697, "time": 0.002250194549560547, "reduction": 99.36708860759494, "validation": {"accuracy": 69.62025316455697}, "test": {"accuracy": 68.57142857142857}}}, "5": {"0.0": {"reduction_in_attributes": 66.66666666666667, "time": 0.0034780502319335938, "reduction": 16.455696202531644, "validation": {"accuracy": 67.08860759493672}, "test": {"accuracy": 71.42857142857143}}, "0.1": {"reduction_in_attributes": 66.66666666666667, "time": 0.0029790401458740234, "reduction": 62.65822784810127, "validation": {"accuracy": 65.82278481012658}, "test": {"accuracy": 71.42857142857143}}, "0.2": {"reduction_in_attributes": 66.66666666666667, "time": 0.00290679931640625, "reduction": 65.50632911392404, "validation": {"accuracy": 66.13924050632912}, "test": {"accuracy": 71.42857142857143}}, "0.3": {"reduction_in_attributes": 66.66666666666667, "time": 0.0028700828552246094, "reduction": 75.9493670886076, "validation": {"accuracy": 67.08860759493672}, "test": {"accuracy": 80.0}}, "0.4": {"reduction_in_attributes": 66.66666666666667, "time": 0.002724885940551758, "reduction": 89.24050632911393, "validation": {"accuracy": 67.72151898734177}, "test": {"accuracy": 82.85714285714286}}, "0.5": {"reduction_in_attributes": 66.66666666666667, "time": 0.00261688232421875, "reduction": 91.13924050632912, "validation": {"accuracy": 65.18987341772153}, "test": {"accuracy": 77.14285714285715}}, "0.6": {"reduction_in_attributes": 66.66666666666667, "time": 0.002505779266357422, "reduction": 95.25316455696202, "validation": {"accuracy": 37.9746835443038}, "test": {"accuracy": 31.428571428571427}}, "0.7": {"reduction_in_attributes": 66.66666666666667, "time": 0.002452850341796875, "reduction": 98.41772151898735, "validation": {"accuracy": 63.92405063291139}, "test": {"accuracy": 60.0}}, "0.8": {"reduction_in_attributes": 66.66666666666667, "time": 0.0023660659790039062, "reduction": 99.0506329113924, "validation": {"accuracy": 64.55696202531645}, "test": {"accuracy": 62.857142857142854}}, "0.9": {"reduction_in_attributes": 66.66666666666667, "time": 0.002337932586669922, "reduction": 99.36708860759494, "validation": {"accuracy": 73.10126582278481}, "test": {"accuracy": 77.14285714285715}}, "1.0": {"reduction_in_attributes": 66.66666666666667, "time": 0.0023920536041259766, "reduction": 99.36708860759494, "validation": {"accuracy": 66.77215189873418}, "test": {"accuracy": 68.57142857142857}}}, "6": {"0.0": {"reduction_in_attributes": 66.66666666666667, "time": 0.0035011768341064453, "reduction": 11.708860759493668, "validation": {"accuracy": 66.13924050632912}, "test": {"accuracy": 62.857142857142854}}, "0.1": {"reduction_in_attributes": 66.66666666666667, "time": 0.002955913543701172, "reduction": 62.34177215189873, "validation": {"accuracy": 66.13924050632912}, "test": {"accuracy": 62.857142857142854}}, "0.2": {"reduction_in_attributes": 66.66666666666667, "time": 0.0029299259185791016, "reduction": 63.607594936708864, "validation": {"accuracy": 66.77215189873418}, "test": {"accuracy": 62.857142857142854}}, "0.3": {"reduction_in_attributes": 66.66666666666667, "time": 0.0028710365295410156, "reduction": 71.83544303797468, "validation": {"accuracy": 68.67088607594937}, "test": {"accuracy": 65.71428571428571}}, "0.4": {"reduction_in_attributes": 66.66666666666667, "time": 0.0026900768280029297, "reduction": 87.34177215189874, "validation": {"accuracy": 37.0253164556962}, "test": {"accuracy": 34.285714285714285}}, "0.5": {"reduction_in_attributes": 66.66666666666667, "time": 0.002577066421508789, "reduction": 94.30379746835443, "validation": {"accuracy": 35.44303797468354}, "test": {"accuracy": 37.142857142857146}},