{"3": {"0.0": {"time": 0.0011179447174072266, "reduction": 86.31578947368422, "validation": {"accuracy": 54.736842105263165}, "test": {"accuracy": 36.36363636363637}}, "0.1": {"time": 0.0007197856903076172, "reduction": 89.47368421052632, "validation": {"accuracy": 45.26315789473684}, "test": {"accuracy": 36.36363636363637}}, "0.2": {"time": 0.0006556510925292969, "reduction": 92.63157894736842, "validation": {"accuracy": 63.1578947368421}, "test": {"accuracy": 54.54545454545454}}, "0.3": {"time": 0.0007197856903076172, "reduction": 93.6842105263158, "validation": {"accuracy": 81.05263157894737}, "test": {"accuracy": 63.63636363636363}}, "0.4": {"time": 0.000885009765625, "reduction": 96.84210526315789, "validation": {"accuracy": 91.57894736842105}, "test": {"accuracy": 72.72727272727273}}, "0.5": {"time": 0.0010879039764404297, "reduction": 97.89473684210527, "validation": {"accuracy": 91.57894736842105}, "test": {"accuracy": 72.72727272727273}}, "0.6": {"time": 0.0006668567657470703, "reduction": 97.89473684210527, "validation": {"accuracy": 90.52631578947368}, "test": {"accuracy": 72.72727272727273}}, "0.7": {"time": 0.0006339550018310547, "reduction": 97.89473684210527, "validation": {"accuracy": 78.94736842105263}, "test": {"accuracy": 72.72727272727273}}, "0.8": {"time": 0.0006778240203857422, "reduction": 97.89473684210527, "validation": {"accuracy": 86.31578947368422}, "test": {"accuracy": 81.81818181818183}}, "0.9": {"time": 0.0008640289306640625, "reduction": 97.89473684210527, "validation": {"accuracy": 75.78947368421053}, "test": {"accuracy": 63.63636363636363}}, "1.0": {"time": 0.0007379055023193359, "reduction": 97.89473684210527, "validation": {"accuracy": 50.526315789473685}, "test": {"accuracy": 36.36363636363637}}}, "4": {"0.0": {"time": 0.0007171630859375, "reduction": 82.10526315789474, "validation": {"accuracy": 77.89473684210526}, "test": {"accuracy": 81.81818181818183}}, "0.1": {"time": 0.0008089542388916016, "reduction": 86.31578947368422, "validation": {"accuracy": 81.05263157894737}, "test": {"accuracy": 81.81818181818183}}, "0.2": {"time": 0.0006909370422363281, "reduction": 92.63157894736842, "validation": {"accuracy": 58.94736842105262}, "test": {"accuracy": 81.81818181818183}}, "0.3": {"time": 0.0008099079132080078, "reduction": 95.78947368421052, "validation": {"accuracy": 71.57894736842105}, "test": {"accuracy": 81.81818181818183}}, "0.4": {"time": 0.0008668899536132812, "reduction": 96.84210526315789, "validation": {"accuracy": 76.84210526315789}, "test": {"accuracy": 81.81818181818183}}, "0.5": {"time": 0.0006618499755859375, "reduction": 97.89473684210527, "validation": {"accuracy": 92.63157894736842}, "test": {"accuracy": 81.81818181818183}}, "0.6": {"time": 0.0006699562072753906, "reduction": 97.89473684210527, "validation": {"accuracy": 94.73684210526315}, "test": {"accuracy": 81.81818181818183}}, "0.7": {"time": 0.0007910728454589844, "reduction": 97.89473684210527, "validation": {"accuracy": 94.73684210526315}, "test": {"accuracy": 81.81818181818183}}, "0.8": {"time": 0.0005729198455810547, "reduction": 97.89473684210527, "validation": {"accuracy": 94.73684210526315}, "test": {"accuracy": 81.81818181818183}}, "0.9": {"time": 0.0007560253143310547, "reduction": 97.89473684210527, "validation": {"accuracy": 78.94736842105263}, "test": {"accuracy": 81.81818181818183}}, "1.0": {"time": 0.0005431175231933594, "reduction": 97.89473684210527, "validation": {"accuracy": 80.0}, "test": {"accuracy": 81.81818181818183}}}, "5": {"0.0": {"time": 0.0006821155548095703, "reduction": 76.84210526315789, "validation": {"accuracy": 63.1578947368421}, "test": {"accuracy": 63.63636363636363}}, "0.1": {"time": 0.0007750988006591797, "reduction": 87.36842105263159, "validation": {"accuracy": 55.78947368421052}, "test": {"accuracy": 63.63636363636363}}, "0.2": {"time": 0.0007977485656738281, "reduction": 89.47368421052632, "validation": {"accuracy": 55.78947368421052}, "test": {"accuracy": 63.63636363636363}}, "0.3": {"time": 0.0006639957427978516, "reduction": 92.63157894736842, "validation": {"accuracy": 61.05263157894737}, "test": {"accuracy": 63.63636363636363}}, "0.4": {"time": 0.0006549358367919922, "reduction": 95.78947368421052, "validation": {"accuracy": 69.47368421052632}, "test": {"accuracy": 72.72727272727273}}, "0.5": {"time": 0.000637054443359375, "reduction": 97.89473684210527, "validation": {"accuracy": 85.26315789473684}, "test": {"accuracy": 90.9090909090909}}, "0.6": {"time": 0.0005929470062255859, "reduction": 97.89473684210527, "validation": {"accuracy": 84.21052631578947}, "test": {"accuracy": 90.9090909090909}}, "0.7": {"time": 0.0005841255187988281, "reduction": 97.89473684210527, "validation": {"accuracy": 84.21052631578947}, "test": {"accuracy": 90.9090909090909}}, "0.8": {"time": 0.0005621910095214844, "reduction": 97.89473684210527, "validation": {"accuracy": 78.94736842105263}, "test": {"accuracy": 90.9090909090909}}, "0.9": {"time": 0.0005440711975097656, "reduction": 97.89473684210527, "validation": {"accuracy": 70.52631578947368}, "test": {"accuracy": 54.54545454545454}}, "1.0": {"time": 0.0005288124084472656, "reduction": 97.89473684210527, "validation": {"accuracy": 56.84210526315789}, "test": {"accuracy": 45.45454545454545}}}, "6": {"0.0": {"time": 0.0014088153839111328, "reduction": 73.6842105263158, "validation": {"accuracy": 74.73684210526315}, "test": {"accuracy": 81.81818181818183}}, "0.1": {"time": 0.0008199214935302734, "reduction": 82.10526315789474, "validation": {"accuracy": 83.15789473684211}, "test": {"accuracy": 81.81818181818183}}, "0.2": {"time": 0.0006759166717529297, "reduction": 87.36842105263159, "validation": {"accuracy": 61.05263157894737}, "test": {"accuracy": 90.9090909090909}}, "0.3": {"time": 0.0006508827209472656, "reduction": 87.36842105263159, "validation": {"accuracy": 61.05263157894737}, "test": {"accuracy": 90.9090909090909}}, "0.4": {"time": 0.0006320476531982422, "reduction": 92.63157894736842, "validation": {"accuracy": 81.05263157894737}, "test": {"accuracy": 81.81818181818183}}, "0.5": {"time": 0.0006060600280761719, "reduction": 94.73684210526316, "validation": {"accuracy": 82.10526315789474}, "test": {"accuracy": 81.81818181818183}}, "0.6": {"time": 0.0005850791931152344, "reduction": 96.84210526315789, "validation": {"accuracy": 81.05263157894737}, "test": {"accuracy": 81.81818181818183}}, "0.7": {"time": 0.0005979537963867188, "reduction": 97.89473684210527, "validation": {"accuracy": 85.26315789473684}, "test": {"accuracy": 81.81818181818183}}, "0.8": {"time": 0.0005869865417480469, "reduction": 97.89473684210527, "validation": {"accuracy": 84.21052631578947}, "test": {"accuracy": 81.81818181818183}}, "0.9": {"time": 0.00057220458984375, "reduction": 97.89473684210527, "validation": {"accuracy": 85.26315789473684}, "test": {"accuracy": 81.81818181818183}}, "1.0": {"time": 0.0005249977111816406, "reduction": 97.89473684210527, "validation": {"accuracy": 70.52631578947368}, "test": {"accuracy": 72.72727272727273}}}, "7": {"0.0": {"time": 0.0006589889526367188, "reduction": 78.125, "validation": {"accuracy": 70.83333333333334}, "test": {"accuracy": 60.0}}, "0.1": {"time": 0.0006642341613769531, "reduction": 90.625, "validation": {"accuracy": 54.166666666666664}, "test": {"accuracy": 70.0}}, "0.2": {"time": 0.0006537437438964844, "reduction": 92.70833333333334, "validation": {"accuracy": 54.166666666666664}, "test": {"accuracy": 70.0}}, "0.3": {"time": 0.0006620883941650391, "reduction": 93.75, "validation": {"accuracy": 67.70833333333334}, "test": {"accuracy": 80.0}}, "0.4": {"time": 0.0006449222564697266, "reduction": 95.83333333333334, "validation": {"accuracy": 86.45833333333334}, "test": {"accuracy": 80.0}}, "0.5": {"time": 0.0006222724914550781, "reduction": 96.875, "validation": {"accuracy": 86.45833333333334}, "test": {"accuracy": 60.0}}, "0.6": {"time": 0.0006101131439208984, "reduction": 97.91666666666666, "validation": {"accuracy": 90.625},