{"3": {"0.0": {"reduction_in_attributes": 53.84615384615385, "time": 0.0014140605926513672, "reduction": 65.0, "validation": {"accuracy": 71.875}, "test": {"accuracy": 61.111111111111114}}, "0.1": {"reduction_in_attributes": 53.84615384615385, "time": 0.0013802051544189453, "reduction": 70.625, "validation": {"accuracy": 67.5}, "test": {"accuracy": 50.0}}, "0.2": {"reduction_in_attributes": 53.84615384615385, "time": 0.0013451576232910156, "reduction": 73.125, "validation": {"accuracy": 61.875}, "test": {"accuracy": 50.0}}, "0.3": {"reduction_in_attributes": 53.84615384615385, "time": 0.0012059211730957031, "reduction": 75.0, "validation": {"accuracy": 61.875}, "test": {"accuracy": 50.0}}, "0.4": {"reduction_in_attributes": 53.84615384615385, "time": 0.0013210773468017578, "reduction": 76.25, "validation": {"accuracy": 61.25000000000001}, "test": {"accuracy": 50.0}}, "0.5": {"reduction_in_attributes": 53.84615384615385, "time": 0.001238107681274414, "reduction": 78.125, "validation": {"accuracy": 55.625}, "test": {"accuracy": 50.0}}, "0.6": {"reduction_in_attributes": 53.84615384615385, "time": 0.0011267662048339844, "reduction": 82.5, "validation": {"accuracy": 55.00000000000001}, "test": {"accuracy": 50.0}}, "0.7": {"reduction_in_attributes": 53.84615384615385, "time": 0.0010938644409179688, "reduction": 88.75, "validation": {"accuracy": 51.87500000000001}, "test": {"accuracy": 50.0}}, "0.8": {"reduction_in_attributes": 53.84615384615385, "time": 0.0010671615600585938, "reduction": 92.5, "validation": {"accuracy": 46.875}, "test": {"accuracy": 44.44444444444444}}, "0.9": {"reduction_in_attributes": 53.84615384615385, "time": 0.001077890396118164, "reduction": 98.125, "validation": {"accuracy": 55.625}, "test": {"accuracy": 50.0}}, "1.0": {"reduction_in_attributes": 53.84615384615385, "time": 0.0010051727294921875, "reduction": 98.125, "validation": {"accuracy": 67.5}, "test": {"accuracy": 55.55555555555556}}}, "4": {"0.0": {"reduction_in_attributes": 53.84615384615385, "time": 0.001332998275756836, "reduction": 63.125, "validation": {"accuracy": 63.125}, "test": {"accuracy": 55.55555555555556}}, "0.1": {"reduction_in_attributes": 53.84615384615385, "time": 0.0012769699096679688, "reduction": 66.25, "validation": {"accuracy": 63.125}, "test": {"accuracy": 50.0}}, "0.2": {"reduction_in_attributes": 53.84615384615385, "time": 0.001238107681274414, "reduction": 70.0, "validation": {"accuracy": 56.25}, "test": {"accuracy": 44.44444444444444}}, "0.3": {"reduction_in_attributes": 53.84615384615385, "time": 0.0012979507446289062, "reduction": 71.875, "validation": {"accuracy": 57.49999999999999}, "test": {"accuracy": 44.44444444444444}}, "0.4": {"reduction_in_attributes": 53.84615384615385, "time": 0.0012640953063964844, "reduction": 75.625, "validation": {"accuracy": 56.25}, "test": {"accuracy": 44.44444444444444}}, "0.5": {"reduction_in_attributes": 53.84615384615385, "time": 0.0011930465698242188, "reduction": 81.875, "validation": {"accuracy": 57.49999999999999}, "test": {"accuracy": 44.44444444444444}}, "0.6": {"reduction_in_attributes": 53.84615384615385, "time": 0.0011200904846191406, "reduction": 86.875, "validation": {"accuracy": 56.25}, "test": {"accuracy": 44.44444444444444}}, "0.7": {"reduction_in_attributes": 53.84615384615385, "time": 0.0010609626770019531, "reduction": 91.875, "validation": {"accuracy": 53.125}, "test": {"accuracy": 44.44444444444444}}, "0.8": {"reduction_in_attributes": 53.84615384615385, "time": 0.0010597705841064453, "reduction": 96.875, "validation": {"accuracy": 63.125}, "test": {"accuracy": 44.44444444444444}}, "0.9": {"reduction_in_attributes": 53.84615384615385, "time": 0.0009520053863525391, "reduction": 98.125, "validation": {"accuracy": 65.625}, "test": {"accuracy": 38.88888888888889}}, "1.0": {"reduction_in_attributes": 53.84615384615385, "time": 0.0009410381317138672, "reduction": 98.125, "validation": {"accuracy": 64.375}, "test": {"accuracy": 38.88888888888889}}}, "5": {"0.0": {"reduction_in_attributes": 53.84615384615385, "time": 0.0012879371643066406, "reduction": 63.125, "validation": {"accuracy": 60.62499999999999}, "test": {"accuracy": 38.88888888888889}}, "0.1": {"reduction_in_attributes": 53.84615384615385, "time": 0.001277923583984375, "reduction": 67.5, "validation": {"accuracy": 61.875}, "test": {"accuracy": 38.88888888888889}}, "0.2": {"reduction_in_attributes": 53.84615384615385, "time": 0.0012497901916503906, "reduction": 70.625, "validation": {"accuracy": 60.0}, "test": {"accuracy": 38.88888888888889}}, "0.3": {"reduction_in_attributes": 53.84615384615385, "time": 0.0013148784637451172, "reduction": 71.25, "validation": {"accuracy": 60.0}, "test": {"accuracy": 38.88888888888889}}, "0.4": {"reduction_in_attributes": 53.84615384615385, "time": 0.0013048648834228516, "reduction": 74.375, "validation": {"accuracy": 58.12500000000001}, "test": {"accuracy": 38.88888888888889}}, "0.5": {"reduction_in_attributes": 53.84615384615385, "time": 0.0011861324310302734, "reduction": 79.375, "validation": {"accuracy": 58.75}, "test": {"accuracy": 38.88888888888889}}, "0.6": {"reduction_in_attributes": 53.84615384615385, "time": 0.0011370182037353516, "reduction": 85.625, "validation": {"accuracy": 58.12500000000001}, "test": {"accuracy": 38.88888888888889}}, "0.7": {"reduction_in_attributes": 53.84615384615385, "time": 0.001257181167602539, "reduction": 93.125, "validation": {"accuracy": 51.24999999999999}, "test": {"accuracy": 38.88888888888889}}, "0.8": {"reduction_in_attributes": 53.84615384615385, "time": 0.0011119842529296875, "reduction": 98.125, "validation": {"accuracy": 58.12500000000001}, "test": {"accuracy": 38.88888888888889}}, "0.9": {"reduction_in_attributes": 53.84615384615385, "time": 0.000982046127319336, "reduction": 98.125, "validation": {"accuracy": 58.12500000000001}, "test": {"accuracy": 44.44444444444444}}, "1.0": {"reduction_in_attributes": 53.84615384615385, "time": 0.0009958744049072266, "reduction": 98.125, "validation": {"accuracy": 55.625}, "test": {"accuracy": 38.88888888888889}}}, "6": {"0.0": {"reduction_in_attributes": 61.53846153846154, "time": 0.0013513565063476562, "reduction": 62.5, "validation": {"accuracy": 58.12500000000001}, "test": {"accuracy": 66.66666666666666}}, "0.1": {"reduction_in_attributes": 61.53846153846154, "time": 0.0011458396911621094, "reduction": 68.125, "validation": {"accuracy": 58.75}, "test": {"accuracy": 66.66666666666666}}, "0.2": {"reduction_in_attributes": 61.53846153846154, "time": 0.001188039779663086, "reduction": 71.25, "validation": {"accuracy": 57.49999999999999}, "test": {"accuracy": 66.66666666666666}}, "0.3": {"reduction_in_attributes": 61.53846153846154, "time": 0.0011031627655029297, "reduction": 75.0, "validation": {"accuracy": 53.125}, "test": {"accuracy": 66.66666666666666}}, "0.4": {"reduction_in_attributes": 61.53846153846154, "time": 0.0010881423950195312, "reduction": 78.75, "validation": {"accuracy": 53.75}, "test": {"accuracy": 61.111111111111114}}, "0.5": {"reduction_in_attributes": 61.53846153846154, "time": 0.0010111331939697266, "reduction": 80.0, "validation": {"accuracy": 61.25000000000001}, "test": {"accuracy": 66.66666666666666}}, "0.6": {"reduction_in_attributes": 61.53846153846154, "time": 0.0010533332824707031, "reduction": 87.5, "validation": {"accuracy": 56.875}, "test": {"accuracy": 61.111111111111114}}, "0.7": {"reduction_in_attributes": 61.53846153846154, "time": 0.0009109973907470703, "reduction": 91.25, "validation": {"accuracy": 58.12500000000001}, "test": {"accuracy": 61.111111111111114}}, "0.8": {"reduction_in_attributes": 61.53846153846154, "time": 0.0008330345153808594, "reduction": 97.5, "validation": {"accuracy": 64.375}, "test": {"accuracy": 66.66666666666666}}, "0.9": {"reduction_in_attributes": 61.53846153846154, "time": 0.0007967948913574219, "reduction": 98.125, "validation": {"accuracy": 58.12500000000001}, "test": {"accuracy": 66.66666666666666}},