{"3": {"0.0": {"reduction_in_attributes": 66.66666666666667, "time": 0.0034689903259277344, "reduction": 1.285347043701801, "validation": {"accuracy": 65.55269922879178}, "test": {"accuracy": 53.48837209302325}}, "0.1": {"reduction_in_attributes": 66.66666666666667, "time": 0.00292205810546875, "reduction": 65.03856041131105, "validation": {"accuracy": 64.52442159383034}, "test": {"accuracy": 60.46511627906976}}, "0.2": {"reduction_in_attributes": 66.66666666666667, "time": 0.0029077529907226562, "reduction": 66.58097686375322, "validation": {"accuracy": 81.74807197943444}, "test": {"accuracy": 74.4186046511628}}, "0.3": {"reduction_in_attributes": 66.66666666666667, "time": 0.0027267932891845703, "reduction": 97.68637532133675, "validation": {"accuracy": 81.74807197943444}, "test": {"accuracy": 74.4186046511628}}, "0.4": {"reduction_in_attributes": 66.66666666666667, "time": 0.0027692317962646484, "reduction": 99.22879177377892, "validation": {"accuracy": 81.74807197943444}, "test": {"accuracy": 74.4186046511628}}, "0.5": {"reduction_in_attributes": 66.66666666666667, "time": 0.002794981002807617, "reduction": 99.48586118251927, "validation": {"accuracy": 54.24164524421594}, "test": {"accuracy": 62.7906976744186}}, "0.6": {"reduction_in_attributes": 66.66666666666667, "time": 0.0027098655700683594, "reduction": 99.48586118251927, "validation": {"accuracy": 54.24164524421594}, "test": {"accuracy": 62.7906976744186}}, "0.7": {"reduction_in_attributes": 66.66666666666667, "time": 0.002802133560180664, "reduction": 99.48586118251927, "validation": {"accuracy": 54.24164524421594}, "test": {"accuracy": 62.7906976744186}}, "0.8": {"reduction_in_attributes": 66.66666666666667, "time": 0.0026650428771972656, "reduction": 99.48586118251927, "validation": {"accuracy": 80.719794344473}, "test": {"accuracy": 79.06976744186046}}, "0.9": {"reduction_in_attributes": 66.66666666666667, "time": 0.0024950504302978516, "reduction": 99.48586118251927, "validation": {"accuracy": 80.719794344473}, "test": {"accuracy": 79.06976744186046}}, "1.0": {"reduction_in_attributes": 66.66666666666667, "time": 0.0025031566619873047, "reduction": 99.48586118251927, "validation": {"accuracy": 80.719794344473}, "test": {"accuracy": 79.06976744186046}}}, "4": {"0.0": {"reduction_in_attributes": 66.66666666666667, "time": 0.0035028457641601562, "reduction": 1.285347043701801, "validation": {"accuracy": 64.26735218508998}, "test": {"accuracy": 62.7906976744186}}, "0.1": {"reduction_in_attributes": 66.66666666666667, "time": 0.0029900074005126953, "reduction": 63.75321336760926, "validation": {"accuracy": 63.75321336760925}, "test": {"accuracy": 67.44186046511628}}, "0.2": {"reduction_in_attributes": 66.66666666666667, "time": 0.002895832061767578, "reduction": 65.29562982005142, "validation": {"accuracy": 81.74807197943444}, "test": {"accuracy": 76.74418604651163}}, "0.3": {"reduction_in_attributes": 66.66666666666667, "time": 0.002734661102294922, "reduction": 97.68637532133675, "validation": {"accuracy": 81.74807197943444}, "test": {"accuracy": 76.74418604651163}}, "0.4": {"reduction_in_attributes": 66.66666666666667, "time": 0.002729177474975586, "reduction": 97.68637532133675, "validation": {"accuracy": 81.74807197943444}, "test": {"accuracy": 76.74418604651163}}, "0.5": {"reduction_in_attributes": 66.66666666666667, "time": 0.0027818679809570312, "reduction": 99.48586118251927, "validation": {"accuracy": 54.24164524421594}, "test": {"accuracy": 58.139534883720934}}, "0.6": {"reduction_in_attributes": 66.66666666666667, "time": 0.002769947052001953, "reduction": 99.48586118251927, "validation": {"accuracy": 54.24164524421594}, "test": {"accuracy": 60.46511627906976}}, "0.7": {"reduction_in_attributes": 66.66666666666667, "time": 0.0027010440826416016, "reduction": 99.48586118251927, "validation": {"accuracy": 54.24164524421594}, "test": {"accuracy": 60.46511627906976}}, "0.8": {"reduction_in_attributes": 66.66666666666667, "time": 0.002499818801879883, "reduction": 99.48586118251927, "validation": {"accuracy": 54.24164524421594}, "test": {"accuracy": 58.139534883720934}}, "0.9": {"reduction_in_attributes": 66.66666666666667, "time": 0.002666950225830078, "reduction": 99.48586118251927, "validation": {"accuracy": 80.719794344473}, "test": {"accuracy": 76.74418604651163}}, "1.0": {"reduction_in_attributes": 66.66666666666667, "time": 0.0025191307067871094, "reduction": 99.48586118251927, "validation": {"accuracy": 80.719794344473}, "test": {"accuracy": 76.74418604651163}}}, "5": {"0.0": {"reduction_in_attributes": 66.66666666666667, "time": 0.0035021305084228516, "reduction": 1.285347043701801, "validation": {"accuracy": 64.78149100257069}, "test": {"accuracy": 53.48837209302325}}, "0.1": {"reduction_in_attributes": 66.66666666666667, "time": 0.0029146671295166016, "reduction": 65.03856041131105, "validation": {"accuracy": 64.26735218508998}, "test": {"accuracy": 58.139534883720934}}, "0.2": {"reduction_in_attributes": 66.66666666666667, "time": 0.0029151439666748047, "reduction": 66.58097686375322, "validation": {"accuracy": 64.26735218508998}, "test": {"accuracy": 58.139534883720934}}, "0.3": {"reduction_in_attributes": 66.66666666666667, "time": 0.0027267932891845703, "reduction": 97.68637532133675, "validation": {"accuracy": 82.0051413881748}, "test": {"accuracy": 79.06976744186046}}, "0.4": {"reduction_in_attributes": 66.66666666666667, "time": 0.0027618408203125, "reduction": 99.22879177377892, "validation": {"accuracy": 82.0051413881748}, "test": {"accuracy": 81.3953488372093}}, "0.5": {"reduction_in_attributes": 66.66666666666667, "time": 0.002744913101196289, "reduction": 99.48586118251927, "validation": {"accuracy": 54.24164524421594}, "test": {"accuracy": 60.46511627906976}}, "0.6": {"reduction_in_attributes": 66.66666666666667, "time": 0.002705812454223633, "reduction": 99.48586118251927, "validation": {"accuracy": 54.24164524421594}, "test": {"accuracy": 60.46511627906976}}, "0.7": {"reduction_in_attributes": 66.66666666666667, "time": 0.002754688262939453, "reduction": 99.48586118251927, "validation": {"accuracy": 54.24164524421594}, "test": {"accuracy": 60.46511627906976}}, "0.8": {"reduction_in_attributes": 66.66666666666667, "time": 0.0025768280029296875, "reduction": 99.48586118251927, "validation": {"accuracy": 80.97686375321337}, "test": {"accuracy": 76.74418604651163}}, "0.9": {"reduction_in_attributes": 66.66666666666667, "time": 0.0024940967559814453, "reduction": 99.48586118251927, "validation": {"accuracy": 64.26735218508998}, "test": {"accuracy": 60.46511627906976}}, "1.0": {"reduction_in_attributes": 66.66666666666667, "time": 0.0025000572204589844, "reduction": 99.48586118251927, "validation": {"accuracy": 64.26735218508998}, "test": {"accuracy": 60.46511627906976}}}, "6": {"0.0": {"reduction_in_attributes": 66.66666666666667, "time": 0.0035400390625, "reduction": 1.285347043701801, "validation": {"accuracy": 64.01028277634961}, "test": {"accuracy": 65.11627906976744}}, "0.1": {"reduction_in_attributes": 66.66666666666667, "time": 0.0030431747436523438, "reduction": 63.49614395886889, "validation": {"accuracy": 62.98200514138818}, "test": {"accuracy": 67.44186046511628}}, "0.2": {"reduction_in_attributes": 66.66666666666667, "time": 0.0029370784759521484, "reduction": 65.03856041131105, "validation": {"accuracy": 80.719794344473}, "test": {"accuracy": 81.3953488372093}}, "0.3": {"reduction_in_attributes": 66.66666666666667, "time": 0.0027561187744140625, "reduction": 97.68637532133675, "validation": {"accuracy": 80.719794344473}, "test": {"accuracy": 81.3953488372093}}, "0.4": {"reduction_in_attributes": 66.66666666666667, "time": 0.0027451515197753906, "reduction": 97.68637532133675, "validation": {"accuracy": 80.719794344473}, "test": {"accuracy": 81.3953488372093}}, "0.5": {"reduction_in_attributes": 66.66666666666667, "time": 0.0027413368225097656, "reduction": 99.48586118251927, "validation": {"accuracy": 78.66323907455013},