{"3": {"0.0": {"reduction_in_attributes": 42.85714285714286, "time": 0.0007481575012207031, "reduction": 86.31578947368422, "validation": {"accuracy": 89.47368421052632}, "test": {"accuracy": 90.9090909090909}}, "0.1": {"reduction_in_attributes": 42.85714285714286, "time": 0.0007531642913818359, "reduction": 89.47368421052632, "validation": {"accuracy": 89.47368421052632}, "test": {"accuracy": 90.9090909090909}}, "0.2": {"reduction_in_attributes": 42.85714285714286, "time": 0.0007181167602539062, "reduction": 93.6842105263158, "validation": {"accuracy": 88.42105263157895}, "test": {"accuracy": 90.9090909090909}}, "0.3": {"reduction_in_attributes": 42.85714285714286, "time": 0.0007107257843017578, "reduction": 96.84210526315789, "validation": {"accuracy": 87.36842105263159}, "test": {"accuracy": 81.81818181818183}}, "0.4": {"reduction_in_attributes": 42.85714285714286, "time": 0.0006940364837646484, "reduction": 97.89473684210527, "validation": {"accuracy": 75.78947368421053}, "test": {"accuracy": 90.9090909090909}}, "0.5": {"reduction_in_attributes": 42.85714285714286, "time": 0.000659942626953125, "reduction": 97.89473684210527, "validation": {"accuracy": 73.68421052631578}, "test": {"accuracy": 90.9090909090909}}, "0.6": {"reduction_in_attributes": 42.85714285714286, "time": 0.0006279945373535156, "reduction": 97.89473684210527, "validation": {"accuracy": 75.78947368421053}, "test": {"accuracy": 90.9090909090909}}, "0.7": {"reduction_in_attributes": 42.85714285714286, "time": 0.0006229877471923828, "reduction": 97.89473684210527, "validation": {"accuracy": 73.68421052631578}, "test": {"accuracy": 90.9090909090909}}, "0.8": {"reduction_in_attributes": 42.85714285714286, "time": 0.0005931854248046875, "reduction": 97.89473684210527, "validation": {"accuracy": 73.68421052631578}, "test": {"accuracy": 90.9090909090909}}, "0.9": {"reduction_in_attributes": 42.85714285714286, "time": 0.0005857944488525391, "reduction": 97.89473684210527, "validation": {"accuracy": 60.0}, "test": {"accuracy": 90.9090909090909}}, "1.0": {"reduction_in_attributes": 42.85714285714286, "time": 0.0005791187286376953, "reduction": 97.89473684210527, "validation": {"accuracy": 50.526315789473685}, "test": {"accuracy": 90.9090909090909}}}, "4": {"0.0": {"reduction_in_attributes": 57.14285714285714, "time": 0.0007340908050537109, "reduction": 87.36842105263159, "validation": {"accuracy": 86.31578947368422}, "test": {"accuracy": 81.81818181818183}}, "0.1": {"reduction_in_attributes": 57.14285714285714, "time": 0.0007271766662597656, "reduction": 91.57894736842105, "validation": {"accuracy": 88.42105263157895}, "test": {"accuracy": 81.81818181818183}}, "0.2": {"reduction_in_attributes": 57.14285714285714, "time": 0.0007138252258300781, "reduction": 92.63157894736842, "validation": {"accuracy": 88.42105263157895}, "test": {"accuracy": 81.81818181818183}}, "0.3": {"reduction_in_attributes": 57.14285714285714, "time": 0.0008289813995361328, "reduction": 96.84210526315789, "validation": {"accuracy": 84.21052631578947}, "test": {"accuracy": 81.81818181818183}}, "0.4": {"reduction_in_attributes": 57.14285714285714, "time": 0.0007138252258300781, "reduction": 96.84210526315789, "validation": {"accuracy": 82.10526315789474}, "test": {"accuracy": 81.81818181818183}}, "0.5": {"reduction_in_attributes": 57.14285714285714, "time": 0.0006930828094482422, "reduction": 96.84210526315789, "validation": {"accuracy": 80.0}, "test": {"accuracy": 81.81818181818183}}, "0.6": {"reduction_in_attributes": 57.14285714285714, "time": 0.0006608963012695312, "reduction": 97.89473684210527, "validation": {"accuracy": 73.68421052631578}, "test": {"accuracy": 72.72727272727273}}, "0.7": {"reduction_in_attributes": 57.14285714285714, "time": 0.0006773471832275391, "reduction": 97.89473684210527, "validation": {"accuracy": 74.73684210526315}, "test": {"accuracy": 72.72727272727273}}, "0.8": {"reduction_in_attributes": 57.14285714285714, "time": 0.000637054443359375, "reduction": 97.89473684210527, "validation": {"accuracy": 72.63157894736842}, "test": {"accuracy": 81.81818181818183}}, "0.9": {"reduction_in_attributes": 57.14285714285714, "time": 0.0005941390991210938, "reduction": 97.89473684210527, "validation": {"accuracy": 69.47368421052632}, "test": {"accuracy": 81.81818181818183}}, "1.0": {"reduction_in_attributes": 57.14285714285714, "time": 0.0005788803100585938, "reduction": 97.89473684210527, "validation": {"accuracy": 63.1578947368421}, "test": {"accuracy": 81.81818181818183}}}, "5": {"0.0": {"reduction_in_attributes": 57.14285714285714, "time": 0.000720977783203125, "reduction": 82.10526315789474, "validation": {"accuracy": 91.57894736842105}, "test": {"accuracy": 90.9090909090909}}, "0.1": {"reduction_in_attributes": 57.14285714285714, "time": 0.0007240772247314453, "reduction": 88.42105263157895, "validation": {"accuracy": 90.52631578947368}, "test": {"accuracy": 90.9090909090909}}, "0.2": {"reduction_in_attributes": 57.14285714285714, "time": 0.0007321834564208984, "reduction": 94.73684210526316, "validation": {"accuracy": 91.57894736842105}, "test": {"accuracy": 81.81818181818183}}, "0.3": {"reduction_in_attributes": 57.14285714285714, "time": 0.0006947517395019531, "reduction": 96.84210526315789, "validation": {"accuracy": 91.57894736842105}, "test": {"accuracy": 81.81818181818183}}, "0.4": {"reduction_in_attributes": 57.14285714285714, "time": 0.0006821155548095703, "reduction": 96.84210526315789, "validation": {"accuracy": 91.57894736842105}, "test": {"accuracy": 81.81818181818183}}, "0.5": {"reduction_in_attributes": 57.14285714285714, "time": 0.0006887912750244141, "reduction": 96.84210526315789, "validation": {"accuracy": 91.57894736842105}, "test": {"accuracy": 81.81818181818183}}, "0.6": {"reduction_in_attributes": 57.14285714285714, "time": 0.0006899833679199219, "reduction": 97.89473684210527, "validation": {"accuracy": 92.63157894736842}, "test": {"accuracy": 81.81818181818183}}, "0.7": {"reduction_in_attributes": 57.14285714285714, "time": 0.0006580352783203125, "reduction": 97.89473684210527, "validation": {"accuracy": 92.63157894736842}, "test": {"accuracy": 81.81818181818183}}, "0.8": {"reduction_in_attributes": 57.14285714285714, "time": 0.0006330013275146484, "reduction": 97.89473684210527, "validation": {"accuracy": 93.6842105263158}, "test": {"accuracy": 81.81818181818183}}, "0.9": {"reduction_in_attributes": 57.14285714285714, "time": 0.0006039142608642578, "reduction": 97.89473684210527, "validation": {"accuracy": 93.6842105263158}, "test": {"accuracy": 81.81818181818183}}, "1.0": {"reduction_in_attributes": 57.14285714285714, "time": 0.0005750656127929688, "reduction": 97.89473684210527, "validation": {"accuracy": 83.15789473684211}, "test": {"accuracy": 81.81818181818183}}}, "6": {"0.0": {"reduction_in_attributes": 57.14285714285714, "time": 0.0007307529449462891, "reduction": 84.21052631578947, "validation": {"accuracy": 87.36842105263159}, "test": {"accuracy": 100.0}}, "0.1": {"reduction_in_attributes": 57.14285714285714, "time": 0.0007212162017822266, "reduction": 87.36842105263159, "validation": {"accuracy": 87.36842105263159}, "test": {"accuracy": 100.0}}, "0.2": {"reduction_in_attributes": 57.14285714285714, "time": 0.0007190704345703125, "reduction": 90.52631578947368, "validation": {"accuracy": 90.52631578947368}, "test": {"accuracy": 90.9090909090909}}, "0.3": {"reduction_in_attributes": 57.14285714285714, "time": 0.0006949901580810547, "reduction": 96.84210526315789, "validation": {"accuracy": 85.26315789473684}, "test": {"accuracy": 100.0}}, "0.4": {"reduction_in_attributes": 57.14285714285714, "time": 0.0006883144378662109, "reduction": 96.84210526315789, "validation": {"accuracy": 86.31578947368422}, "test": {"accuracy": 100.0}}, "0.5": {"reduction_in_attributes": 57.14285714285714, "time": 0.0006670951843261719, "reduction": 97.89473684210527, "validation": {"accuracy": 84.21052631578947}, "test": {"accuracy": 100.0}},