{"3": {"0.0": {"reduction_in_attributes": 75.0, "time": 0.007372856140136719, "reduction": 0.0, "validation": {"accuracy": 45.729537366548044}, "test": {"accuracy": 41.269841269841265}}, "0.1": {"reduction_in_attributes": 75.0, "time": 0.005424022674560547, "reduction": 23.843416370106763, "validation": {"accuracy": 34.69750889679715}, "test": {"accuracy": 33.33333333333333}}, "0.2": {"reduction_in_attributes": 75.0, "time": 0.005925178527832031, "reduction": 28.29181494661922, "validation": {"accuracy": 45.729537366548044}, "test": {"accuracy": 41.269841269841265}}, "0.3": {"reduction_in_attributes": 75.0, "time": 0.0060498714447021484, "reduction": 36.29893238434164, "validation": {"accuracy": 34.69750889679715}, "test": {"accuracy": 33.33333333333333}}, "0.4": {"reduction_in_attributes": 75.0, "time": 0.005452871322631836, "reduction": 51.42348754448398, "validation": {"accuracy": 34.69750889679715}, "test": {"accuracy": 33.33333333333333}}, "0.5": {"reduction_in_attributes": 75.0, "time": 0.00556492805480957, "reduction": 74.55516014234875, "validation": {"accuracy": 45.729537366548044}, "test": {"accuracy": 41.269841269841265}}, "0.6": {"reduction_in_attributes": 75.0, "time": 0.005775928497314453, "reduction": 69.21708185053382, "validation": {"accuracy": 54.62633451957295}, "test": {"accuracy": 47.61904761904761}}, "0.7": {"reduction_in_attributes": 75.0, "time": 0.005848884582519531, "reduction": 86.29893238434163, "validation": {"accuracy": 54.270462633451956}, "test": {"accuracy": 50.79365079365079}}, "0.8": {"reduction_in_attributes": 75.0, "time": 0.004639148712158203, "reduction": 82.02846975088967, "validation": {"accuracy": 54.092526690391466}, "test": {"accuracy": 52.38095238095239}}, "0.9": {"reduction_in_attributes": 75.0, "time": 0.005978107452392578, "reduction": 99.4661921708185, "validation": {"accuracy": 54.092526690391466}, "test": {"accuracy": 52.38095238095239}}, "1.0": {"reduction_in_attributes": 75.0, "time": 0.005491971969604492, "reduction": 99.4661921708185, "validation": {"accuracy": 54.44839857651246}, "test": {"accuracy": 49.2063492063492}}}, "4": {"0.0": {"reduction_in_attributes": 75.0, "time": 0.005987644195556641, "reduction": 0.0, "validation": {"accuracy": 45.195729537366546}, "test": {"accuracy": 46.03174603174603}}, "0.1": {"reduction_in_attributes": 75.0, "time": 0.0074160099029541016, "reduction": 21.88612099644128, "validation": {"accuracy": 39.32384341637011}, "test": {"accuracy": 44.44444444444444}}, "0.2": {"reduction_in_attributes": 75.0, "time": 0.005426883697509766, "reduction": 28.469750889679712, "validation": {"accuracy": 54.270462633451956}, "test": {"accuracy": 50.79365079365079}}, "0.3": {"reduction_in_attributes": 75.0, "time": 0.004995107650756836, "reduction": 49.28825622775801, "validation": {"accuracy": 45.195729537366546}, "test": {"accuracy": 46.03174603174603}}, "0.4": {"reduction_in_attributes": 75.0, "time": 0.005688667297363281, "reduction": 50.355871886120994, "validation": {"accuracy": 54.270462633451956}, "test": {"accuracy": 50.79365079365079}}, "0.5": {"reduction_in_attributes": 75.0, "time": 0.0051310062408447266, "reduction": 58.185053380782925, "validation": {"accuracy": 45.195729537366546}, "test": {"accuracy": 46.03174603174603}}, "0.6": {"reduction_in_attributes": 75.0, "time": 0.005141019821166992, "reduction": 69.3950177935943, "validation": {"accuracy": 45.195729537366546}, "test": {"accuracy": 46.03174603174603}}, "0.7": {"reduction_in_attributes": 75.0, "time": 0.005404233932495117, "reduction": 69.03914590747331, "validation": {"accuracy": 54.270462633451956}, "test": {"accuracy": 50.79365079365079}}, "0.8": {"reduction_in_attributes": 75.0, "time": 0.0046520233154296875, "reduction": 82.20640569395017, "validation": {"accuracy": 39.32384341637011}, "test": {"accuracy": 44.44444444444444}}, "0.9": {"reduction_in_attributes": 75.0, "time": 0.004798173904418945, "reduction": 82.38434163701068, "validation": {"accuracy": 45.01779359430605}, "test": {"accuracy": 44.44444444444444}}, "1.0": {"reduction_in_attributes": 75.0, "time": 0.004868030548095703, "reduction": 82.38434163701068, "validation": {"accuracy": 45.01779359430605}, "test": {"accuracy": 44.44444444444444}}}, "5": {"0.0": {"reduction_in_attributes": 75.0, "time": 0.0059430599212646484, "reduction": 0.0, "validation": {"accuracy": 45.90747330960854}, "test": {"accuracy": 39.682539682539684}}, "0.1": {"reduction_in_attributes": 75.0, "time": 0.00598907470703125, "reduction": 23.66548042704626, "validation": {"accuracy": 45.729537366548044}, "test": {"accuracy": 41.269841269841265}}, "0.2": {"reduction_in_attributes": 75.0, "time": 0.004895925521850586, "reduction": 43.238434163701065, "validation": {"accuracy": 52.66903914590747}, "test": {"accuracy": 65.07936507936508}}, "0.3": {"reduction_in_attributes": 75.0, "time": 0.005242109298706055, "reduction": 48.93238434163701, "validation": {"accuracy": 53.91459074733096}, "test": {"accuracy": 53.96825396825397}}, "0.4": {"reduction_in_attributes": 75.0, "time": 0.0053861141204833984, "reduction": 66.54804270462633, "validation": {"accuracy": 45.729537366548044}, "test": {"accuracy": 41.269841269841265}}, "0.5": {"reduction_in_attributes": 75.0, "time": 0.00533294677734375, "reduction": 70.46263345195729, "validation": {"accuracy": 52.66903914590747}, "test": {"accuracy": 65.07936507936508}}, "0.6": {"reduction_in_attributes": 75.0, "time": 0.00512385368347168, "reduction": 69.21708185053382, "validation": {"accuracy": 53.91459074733096}, "test": {"accuracy": 53.96825396825397}}, "0.7": {"reduction_in_attributes": 75.0, "time": 0.0069119930267333984, "reduction": 69.21708185053382, "validation": {"accuracy": 53.91459074733096}, "test": {"accuracy": 53.96825396825397}}, "0.8": {"reduction_in_attributes": 75.0, "time": 0.004696846008300781, "reduction": 99.4661921708185, "validation": {"accuracy": 53.736654804270465}, "test": {"accuracy": 55.55555555555556}}, "0.9": {"reduction_in_attributes": 75.0, "time": 0.0045778751373291016, "reduction": 99.4661921708185, "validation": {"accuracy": 54.092526690391466}, "test": {"accuracy": 52.38095238095239}}, "1.0": {"reduction_in_attributes": 75.0, "time": 0.005032777786254883, "reduction": 82.38434163701068, "validation": {"accuracy": 59.07473309608541}, "test": {"accuracy": 58.730158730158735}}}, "6": {"0.0": {"reduction_in_attributes": 75.0, "time": 0.008022069931030273, "reduction": 0.0, "validation": {"accuracy": 46.35879218472469}, "test": {"accuracy": 35.483870967741936}}, "0.1": {"reduction_in_attributes": 75.0, "time": 0.006564140319824219, "reduction": 22.024866785079933, "validation": {"accuracy": 46.35879218472469}, "test": {"accuracy": 35.483870967741936}}, "0.2": {"reduction_in_attributes": 75.0, "time": 0.006996870040893555, "reduction": 27.886323268206038, "validation": {"accuracy": 46.35879218472469}, "test": {"accuracy": 35.483870967741936}}, "0.3": {"reduction_in_attributes": 75.0, "time": 0.0054967403411865234, "reduction": 34.10301953818827, "validation": {"accuracy": 46.35879218472469}, "test": {"accuracy": 35.483870967741936}}, "0.4": {"reduction_in_attributes": 75.0, "time": 0.005730867385864258, "reduction": 34.10301953818827, "validation": {"accuracy": 46.35879218472469}, "test": {"accuracy": 35.483870967741936}}, "0.5": {"reduction_in_attributes": 75.0, "time": 0.0074999332427978516, "reduction": 56.6607460035524, "validation": {"accuracy": 46.35879218472469}, "test": {"accuracy": 35.483870967741936}}, "0.6": {"reduction_in_attributes": 75.0, "time": 0.005321979522705078, "reduction": 68.56127886323269, "validation": {"accuracy": 46.35879218472469}, "test": {"accuracy": 35.483870967741936}}, "0.7": {"reduction_in_attributes": 75.0, "time": 0.0054168701171875, "reduction": 68.56127886323269, "validation": {"accuracy": 46.35879218472469}, "test": {"accuracy": 35.483870967741936}}, "0.8": {"reduction_in_attributes": 75.0, "time": 0.004678964614868164, "reduction": 82.06039076376554,