{"3": {"0.0": {"reduction_in_attributes": 94.73684210526316, "time": 0.08363628387451172, "reduction": 19.047619047619047, "validation": {"accuracy": 91.53439153439153}, "test": {"accuracy": 12.554112554112553}}, "0.1": {"reduction_in_attributes": 94.73684210526316, "time": 0.07475709915161133, "reduction": 32.37133237133237, "validation": {"accuracy": 55.36315536315536}, "test": {"accuracy": 17.74891774891775}}, "0.2": {"reduction_in_attributes": 94.73684210526316, "time": 0.07473158836364746, "reduction": 19.384319384319383, "validation": {"accuracy": 26.406926406926406}, "test": {"accuracy": 23.809523809523807}}, "0.3": {"reduction_in_attributes": 94.73684210526316, "time": 0.07793903350830078, "reduction": 52.38095238095239, "validation": {"accuracy": 92.88119288119289}, "test": {"accuracy": 53.246753246753244}}, "0.4": {"reduction_in_attributes": 94.73684210526316, "time": 0.06269502639770508, "reduction": 45.02164502164502, "validation": {"accuracy": 52.38095238095239}, "test": {"accuracy": 23.376623376623375}}, "0.5": {"reduction_in_attributes": 94.73684210526316, "time": 0.06576204299926758, "reduction": 40.115440115440116, "validation": {"accuracy": 66.61856661856662}, "test": {"accuracy": 39.39393939393939}}, "0.6": {"reduction_in_attributes": 94.73684210526316, "time": 0.07445001602172852, "reduction": 56.95045695045695, "validation": {"accuracy": 89.56228956228956}, "test": {"accuracy": 53.246753246753244}}, "0.7": {"reduction_in_attributes": 94.73684210526316, "time": 0.059892892837524414, "reduction": 74.60317460317461, "validation": {"accuracy": 41.07744107744108}, "test": {"accuracy": 23.376623376623375}}, "0.8": {"reduction_in_attributes": 94.73684210526316, "time": 0.06217598915100098, "reduction": 60.84656084656085, "validation": {"accuracy": 24.05002405002405}, "test": {"accuracy": 20.77922077922078}}, "0.9": {"reduction_in_attributes": 94.73684210526316, "time": 0.0498051643371582, "reduction": 88.40788840788841, "validation": {"accuracy": 35.11303511303511}, "test": {"accuracy": 18.181818181818183}}, "1.0": {"reduction_in_attributes": 94.73684210526316, "time": 0.04813432693481445, "reduction": 99.66329966329967, "validation": {"accuracy": 24.146224146224146}, "test": {"accuracy": 25.541125541125542}}}, "4": {"0.0": {"reduction_in_attributes": 94.73684210526316, "time": 0.08269691467285156, "reduction": 45.93554593554594, "validation": {"accuracy": 97.64309764309765}, "test": {"accuracy": 34.1991341991342}}, "0.1": {"reduction_in_attributes": 94.73684210526316, "time": 0.07916712760925293, "reduction": 25.44492544492545, "validation": {"accuracy": 64.3097643097643}, "test": {"accuracy": 38.961038961038966}}, "0.2": {"reduction_in_attributes": 94.73684210526316, "time": 0.07078289985656738, "reduction": 45.35834535834535, "validation": {"accuracy": 73.35257335257336}, "test": {"accuracy": 19.913419913419915}}, "0.3": {"reduction_in_attributes": 94.73684210526316, "time": 0.04275679588317871, "reduction": 26.83982683982684, "validation": {"accuracy": 15.921115921115922}, "test": {"accuracy": 13.852813852813853}}, "0.4": {"reduction_in_attributes": 94.73684210526316, "time": 0.024896860122680664, "reduction": 100, "validation": 0.0, "test": 0.0}, "0.5": {"reduction_in_attributes": 94.73684210526316, "time": 0.08314180374145508, "reduction": 41.75084175084175, "validation": {"accuracy": 67.86916786916787}, "test": {"accuracy": 50.649350649350644}}, "0.6": {"reduction_in_attributes": 94.73684210526316, "time": 0.06537294387817383, "reduction": 44.25204425204426, "validation": {"accuracy": 25.877825877825877}, "test": {"accuracy": 13.852813852813853}}, "0.7": {"reduction_in_attributes": 94.73684210526316, "time": 0.06475615501403809, "reduction": 58.92255892255892, "validation": {"accuracy": 46.079846079846085}, "test": {"accuracy": 42.42424242424242}}, "0.8": {"reduction_in_attributes": 94.73684210526316, "time": 0.06531596183776855, "reduction": 68.15776815776815, "validation": {"accuracy": 45.310245310245314}, "test": {"accuracy": 46.320346320346324}}, "0.9": {"reduction_in_attributes": 94.73684210526316, "time": 0.05320882797241211, "reduction": 46.51274651274652, "validation": {"accuracy": 16.257816257816256}, "test": {"accuracy": 16.883116883116884}}, "1.0": {"reduction_in_attributes": 94.73684210526316, "time": 0.05804014205932617, "reduction": 99.66329966329967, "validation": {"accuracy": 29.196729196729198}, "test": {"accuracy": 32.03463203463203}}}, "5": {"0.0": {"reduction_in_attributes": 94.73684210526316, "time": 0.06145811080932617, "reduction": 0.0, "validation": {"accuracy": 15.68061568061568}, "test": {"accuracy": 16.883116883116884}}, "0.1": {"reduction_in_attributes": 94.73684210526316, "time": 0.07134103775024414, "reduction": 20.586820586820586, "validation": {"accuracy": 51.80375180375181}, "test": {"accuracy": 31.16883116883117}}, "0.2": {"reduction_in_attributes": 94.73684210526316, "time": 0.06648015975952148, "reduction": 48.96584896584897, "validation": {"accuracy": 69.5045695045695}, "test": {"accuracy": 20.77922077922078}}, "0.3": {"reduction_in_attributes": 94.73684210526316, "time": 0.05133509635925293, "reduction": 27.03222703222703, "validation": {"accuracy": 15.68061568061568}, "test": {"accuracy": 16.883116883116884}}, "0.4": {"reduction_in_attributes": 94.73684210526316, "time": 0.09301280975341797, "reduction": 49.398749398749395, "validation": {"accuracy": 85.28138528138528}, "test": {"accuracy": 54.97835497835498}}, "0.5": {"reduction_in_attributes": 94.73684210526316, "time": 0.07686614990234375, "reduction": 37.32563732563733, "validation": {"accuracy": 59.16305916305916}, "test": {"accuracy": 45.02164502164502}}, "0.6": {"reduction_in_attributes": 94.73684210526316, "time": 0.061994075775146484, "reduction": 67.96536796536796, "validation": {"accuracy": 44.82924482924483}, "test": {"accuracy": 40.692640692640694}}, "0.7": {"reduction_in_attributes": 94.73684210526316, "time": 0.058683156967163086, "reduction": 59.78835978835979, "validation": {"accuracy": 62.818662818662816}, "test": {"accuracy": 56.709956709956714}}, "0.8": {"reduction_in_attributes": 94.73684210526316, "time": 0.06402373313903809, "reduction": 68.83116883116884, "validation": {"accuracy": 66.13756613756614}, "test": {"accuracy": 57.14285714285714}}, "0.9": {"reduction_in_attributes": 94.73684210526316, "time": 0.05788683891296387, "reduction": 85.85858585858585, "validation": {"accuracy": 50.02405002405003}, "test": {"accuracy": 47.61904761904761}}, "1.0": {"reduction_in_attributes": 94.73684210526316, "time": 0.05744361877441406, "reduction": 93.79509379509379, "validation": {"accuracy": 35.88263588263588}, "test": {"accuracy": 35.93073593073593}}}, "6": {"0.0": {"reduction_in_attributes": 94.73684210526316, "time": 0.08138394355773926, "reduction": 28.090428090428087, "validation": {"accuracy": 71.04377104377105}, "test": {"accuracy": 49.78354978354979}}, "0.1": {"reduction_in_attributes": 94.73684210526316, "time": 0.08251285552978516, "reduction": 12.169312169312175, "validation": {"accuracy": 26.022126022126024}, "test": {"accuracy": 19.480519480519483}}, "0.2": {"reduction_in_attributes": 94.73684210526316, "time": 0.024641036987304688, "reduction": 100, "validation": 0.0, "test": 0.0}, "0.3": {"reduction_in_attributes": 94.73684210526316, "time": 0.062133073806762695, "reduction": 47.42664742664743, "validation": {"accuracy": 67.96536796536796}, "test": {"accuracy": 23.809523809523807}}, "0.4": {"reduction_in_attributes": 94.73684210526316, "time": 0.06663393974304199, "reduction": 53.05435305435305, "validation": {"accuracy": 91.24579124579124}, "test": {"accuracy": 50.649350649350644}}, "0.5": {"reduction_in_attributes": 94.73684210526316, "time": 0.06656694412231445, "reduction": 42.27994227994228, "validation": {"accuracy": 66.42616642616642}, "test": {"accuracy": 50.649350649350644}}, "0.6": {"reduction_in_attributes": 94.73684210526316, "time": 0.06368088722229004, "reduction": 44.107744107744104,