{"3": {"0.0": {"reduction_in_attributes": 94.73684210526316, "time": 0.0885169506072998, "reduction": 18.133718133718133, "validation": {"accuracy": 51.61135161135161}, "test": {"accuracy": 35.064935064935064}}, "0.1": {"reduction_in_attributes": 94.73684210526316, "time": 0.055901288986206055, "reduction": 39.92303992303993, "validation": {"accuracy": 15.776815776815777}, "test": {"accuracy": 16.017316017316016}}, "0.2": {"reduction_in_attributes": 94.73684210526316, "time": 0.08652496337890625, "reduction": 32.03463203463204, "validation": {"accuracy": 69.93746993746994}, "test": {"accuracy": 47.61904761904761}}, "0.3": {"reduction_in_attributes": 94.73684210526316, "time": 0.05617380142211914, "reduction": 39.92303992303993, "validation": {"accuracy": 15.776815776815777}, "test": {"accuracy": 16.017316017316016}}, "0.4": {"reduction_in_attributes": 94.73684210526316, "time": 0.07686400413513184, "reduction": 47.71524771524771, "validation": {"accuracy": 68.49446849446849}, "test": {"accuracy": 17.74891774891775}}, "0.5": {"reduction_in_attributes": 94.73684210526316, "time": 0.07262396812438965, "reduction": 36.89273689273689, "validation": {"accuracy": 26.64742664742665}, "test": {"accuracy": 20.346320346320347}}, "0.6": {"reduction_in_attributes": 94.73684210526316, "time": 0.07665300369262695, "reduction": 47.23424723424724, "validation": {"accuracy": 68.15776815776816}, "test": {"accuracy": 51.515151515151516}}, "0.7": {"reduction_in_attributes": 94.73684210526316, "time": 0.07858490943908691, "reduction": 61.904761904761905, "validation": {"accuracy": 68.30206830206829}, "test": {"accuracy": 53.246753246753244}}, "0.8": {"reduction_in_attributes": 94.73684210526316, "time": 0.06490921974182129, "reduction": 63.01106301106301, "validation": {"accuracy": 44.34824434824435}, "test": {"accuracy": 33.33333333333333}}, "0.9": {"reduction_in_attributes": 94.73684210526316, "time": 0.05023312568664551, "reduction": 29.581529581529587, "validation": {"accuracy": 15.824915824915825}, "test": {"accuracy": 15.151515151515152}}, "1.0": {"reduction_in_attributes": 94.73684210526316, "time": 0.05752968788146973, "reduction": 99.66329966329967, "validation": {"accuracy": 41.17364117364117}, "test": {"accuracy": 38.961038961038966}}}, "4": {"0.0": {"reduction_in_attributes": 94.73684210526316, "time": 0.05938410758972168, "reduction": 0.0, "validation": {"accuracy": 14.285714285714285}, "test": {"accuracy": 14.285714285714285}}, "0.1": {"reduction_in_attributes": 94.73684210526316, "time": 0.029123783111572266, "reduction": 100, "validation": 0.0, "test": 0.0}, "0.2": {"reduction_in_attributes": 94.73684210526316, "time": 0.08168506622314453, "reduction": 28.042328042328045, "validation": {"accuracy": 66.13756613756614}, "test": {"accuracy": 42.42424242424242}}, "0.3": {"reduction_in_attributes": 94.73684210526316, "time": 0.08074808120727539, "reduction": 25.204425204425206, "validation": {"accuracy": 52.23665223665223}, "test": {"accuracy": 23.376623376623375}}, "0.4": {"reduction_in_attributes": 94.73684210526316, "time": 0.0796210765838623, "reduction": 44.15584415584416, "validation": {"accuracy": 75.75757575757575}, "test": {"accuracy": 52.81385281385281}}, "0.5": {"reduction_in_attributes": 94.73684210526316, "time": 0.07914614677429199, "reduction": 39.249639249639245, "validation": {"accuracy": 65.56036556036557}, "test": {"accuracy": 44.58874458874459}}, "0.6": {"reduction_in_attributes": 94.73684210526316, "time": 0.05025005340576172, "reduction": 27.08032708032708, "validation": {"accuracy": 15.728715728715729}, "test": {"accuracy": 16.450216450216452}}, "0.7": {"reduction_in_attributes": 94.73684210526316, "time": 0.07183384895324707, "reduction": 52.76575276575277, "validation": {"accuracy": 63.2996632996633}, "test": {"accuracy": 19.480519480519483}}, "0.8": {"reduction_in_attributes": 94.73684210526316, "time": 0.0639500617980957, "reduction": 73.01587301587303, "validation": {"accuracy": 42.23184223184223}, "test": {"accuracy": 26.406926406926406}}, "0.9": {"reduction_in_attributes": 94.73684210526316, "time": 0.06606411933898926, "reduction": 78.40307840307841, "validation": {"accuracy": 72.4867724867725}, "test": {"accuracy": 35.064935064935064}}, "1.0": {"reduction_in_attributes": 94.73684210526316, "time": 0.05904507637023926, "reduction": 99.66329966329967, "validation": {"accuracy": 15.247715247715249}, "test": {"accuracy": 14.285714285714285}}}, "5": {"0.0": {"reduction_in_attributes": 94.73684210526316, "time": 0.2337779998779297, "reduction": 22.029822029822032, "validation": {"accuracy": 59.78835978835979}, "test": {"accuracy": 45.02164502164502}}, "0.1": {"reduction_in_attributes": 94.73684210526316, "time": 0.09018898010253906, "reduction": 36.45983645983646, "validation": {"accuracy": 79.46127946127946}, "test": {"accuracy": 54.112554112554115}}, "0.2": {"reduction_in_attributes": 94.73684210526316, "time": 0.07893490791320801, "reduction": 39.39393939393939, "validation": {"accuracy": 53.92015392015392}, "test": {"accuracy": 18.181818181818183}}, "0.3": {"reduction_in_attributes": 94.73684210526316, "time": 0.08305811882019043, "reduction": 46.897546897546896, "validation": {"accuracy": 71.81337181337182}, "test": {"accuracy": 22.943722943722943}}, "0.4": {"reduction_in_attributes": 94.73684210526316, "time": 0.08676290512084961, "reduction": 49.158249158249156, "validation": {"accuracy": 83.88648388648389}, "test": {"accuracy": 52.38095238095239}}, "0.5": {"reduction_in_attributes": 94.73684210526316, "time": 0.07955408096313477, "reduction": 53.63155363155363, "validation": {"accuracy": 65.56036556036557}, "test": {"accuracy": 22.51082251082251}}, "0.6": {"reduction_in_attributes": 94.73684210526316, "time": 0.057503700256347656, "reduction": 26.83982683982684, "validation": {"accuracy": 15.873015873015872}, "test": {"accuracy": 14.71861471861472}}, "0.7": {"reduction_in_attributes": 94.73684210526316, "time": 0.07593965530395508, "reduction": 57.76815776815777, "validation": {"accuracy": 62.38576238576239}, "test": {"accuracy": 54.97835497835498}}, "0.8": {"reduction_in_attributes": 94.73684210526316, "time": 0.06852984428405762, "reduction": 68.01346801346801, "validation": {"accuracy": 45.983645983645985}, "test": {"accuracy": 43.290043290043286}}, "0.9": {"reduction_in_attributes": 94.73684210526316, "time": 0.09504199028015137, "reduction": 84.7041847041847, "validation": {"accuracy": 39.44203944203944}, "test": {"accuracy": 22.07792207792208}}, "1.0": {"reduction_in_attributes": 94.73684210526316, "time": 0.06207680702209473, "reduction": 99.66329966329967, "validation": {"accuracy": 24.627224627224628}, "test": {"accuracy": 19.047619047619047}}}, "6": {"0.0": {"reduction_in_attributes": 94.73684210526316, "time": 0.08614206314086914, "reduction": 19.240019240019237, "validation": {"accuracy": 90.76479076479076}, "test": {"accuracy": 40.692640692640694}}, "0.1": {"reduction_in_attributes": 94.73684210526316, "time": 0.0846242904663086, "reduction": 26.455026455026452, "validation": {"accuracy": 64.98316498316498}, "test": {"accuracy": 42.42424242424242}}, "0.2": {"reduction_in_attributes": 94.73684210526316, "time": 0.08227896690368652, "reduction": 51.65945165945166, "validation": {"accuracy": 93.65079365079364}, "test": {"accuracy": 49.35064935064935}}, "0.3": {"reduction_in_attributes": 94.73684210526316, "time": 0.07161331176757812, "reduction": 39.249639249639245, "validation": {"accuracy": 53.535353535353536}, "test": {"accuracy": 43.722943722943725}}, "0.4": {"reduction_in_attributes": 94.73684210526316, "time": 0.0765843391418457, "reduction": 34.53583453583453, "validation": {"accuracy": 66.61856661856662}, "test": {"accuracy": 47.18614718614719}}, "0.5": {"reduction_in_attributes": 94.73684210526316, "time": 0.06922507286071777, "reduction": 42.23184223184223, "validation": {"accuracy": 67.62866762866763}, "test": {"accuracy": 43.290043290043286}}, "0.6": {"reduction_in_attributes": 94.73684210526316,