{"3": {"0.0": {"reduction_in_attributes": 92.3076923076923, "time": 0.8042769432067871, "reduction": 0.0, "validation": {"accuracy": 24.56367162249515}, "test": {"accuracy": 24.563953488372093}}, "0.1": {"reduction_in_attributes": 92.3076923076923, "time": 0.7257139682769775, "reduction": 9.82546864899806, "validation": {"accuracy": 14.334195216548157}, "test": {"accuracy": 18.168604651162788}}, "0.2": {"reduction_in_attributes": 92.3076923076923, "time": 0.6545243263244629, "reduction": 46.864899806076274, "validation": {"accuracy": 10.908209437621203}, "test": {"accuracy": 10.029069767441861}}, "0.3": {"reduction_in_attributes": 92.3076923076923, "time": 0.703521728515625, "reduction": 13.461538461538458, "validation": {"accuracy": 20.168067226890756}, "test": {"accuracy": 21.075581395348838}}, "0.4": {"reduction_in_attributes": 92.3076923076923, "time": 0.710040807723999, "reduction": 23.012281835811244, "validation": {"accuracy": 12.62120232708468}, "test": {"accuracy": 12.645348837209303}}, "0.5": {"reduction_in_attributes": 92.3076923076923, "time": 0.6943719387054443, "reduction": 20.95992243051067, "validation": {"accuracy": 11.893988364576598}, "test": {"accuracy": 12.5}}, "0.6": {"reduction_in_attributes": 92.3076923076923, "time": 0.623492956161499, "reduction": 37.362637362637365, "validation": {"accuracy": 16.338073691014866}, "test": {"accuracy": 15.11627906976744}}, "0.7": {"reduction_in_attributes": 92.3076923076923, "time": 0.6754739284515381, "reduction": 35.37491919844861, "validation": {"accuracy": 12.62120232708468}, "test": {"accuracy": 12.645348837209303}}, "0.8": {"reduction_in_attributes": 92.3076923076923, "time": 0.6378657817840576, "reduction": 37.08791208791209, "validation": {"accuracy": 13.72010342598578}, "test": {"accuracy": 13.08139534883721}}, "0.9": {"reduction_in_attributes": 92.3076923076923, "time": 0.5811362266540527, "reduction": 68.90756302521008, "validation": {"accuracy": 16.338073691014866}, "test": {"accuracy": 15.11627906976744}}, "1.0": {"reduction_in_attributes": 92.3076923076923, "time": 0.6564500331878662, "reduction": 46.864899806076274, "validation": {"accuracy": 10.908209437621203}, "test": {"accuracy": 10.029069767441861}}}, "4": {"0.0": {"reduction_in_attributes": 92.3076923076923, "time": 0.5479710102081299, "reduction": 0.0, "validation": {"accuracy": 13.041370394311572}, "test": {"accuracy": 13.08139534883721}}, "0.1": {"reduction_in_attributes": 92.3076923076923, "time": 0.6460187435150146, "reduction": 12.184873949579833, "validation": {"accuracy": 22.64059469941823}, "test": {"accuracy": 22.96511627906977}}, "0.2": {"reduction_in_attributes": 92.3076923076923, "time": 0.5949840545654297, "reduction": 14.414996767937948, "validation": {"accuracy": 16.30575307045895}, "test": {"accuracy": 14.680232558139537}}, "0.3": {"reduction_in_attributes": 92.3076923076923, "time": 0.4397408962249756, "reduction": 31.43180349062702, "validation": {"accuracy": 13.041370394311572}, "test": {"accuracy": 13.08139534883721}}, "0.4": {"reduction_in_attributes": 92.3076923076923, "time": 0.42431187629699707, "reduction": 31.90045248868778, "validation": {"accuracy": 13.041370394311572}, "test": {"accuracy": 13.08139534883721}}, "0.5": {"reduction_in_attributes": 92.3076923076923, "time": 0.43526601791381836, "reduction": 32.417582417582416, "validation": {"accuracy": 13.041370394311572}, "test": {"accuracy": 13.08139534883721}}, "0.6": {"reduction_in_attributes": 92.3076923076923, "time": 0.6384320259094238, "reduction": 30.52682611506141, "validation": {"accuracy": 14.463477698771818}, "test": {"accuracy": 16.71511627906977}}, "0.7": {"reduction_in_attributes": 92.3076923076923, "time": 0.5165500640869141, "reduction": 50.61409179056238, "validation": {"accuracy": 13.106011635423402}, "test": {"accuracy": 11.773255813953488}}, "0.8": {"reduction_in_attributes": 92.3076923076923, "time": 0.6796650886535645, "reduction": 30.542986425339368, "validation": {"accuracy": 22.64059469941823}, "test": {"accuracy": 22.96511627906977}}, "0.9": {"reduction_in_attributes": 92.3076923076923, "time": 0.6408450603485107, "reduction": 49.93535875888817, "validation": {"accuracy": 22.64059469941823}, "test": {"accuracy": 22.96511627906977}}, "1.0": {"reduction_in_attributes": 92.3076923076923, "time": 0.6423139572143555, "reduction": 49.93535875888817, "validation": {"accuracy": 22.64059469941823}, "test": {"accuracy": 22.96511627906977}}}, "5": {"0.0": {"reduction_in_attributes": 92.3076923076923, "time": 0.7774848937988281, "reduction": 0.0, "validation": {"accuracy": 24.919198448610214}, "test": {"accuracy": 25.290697674418606}}, "0.1": {"reduction_in_attributes": 92.3076923076923, "time": 0.7033588886260986, "reduction": 20.29734970911441, "validation": {"accuracy": 24.919198448610214}, "test": {"accuracy": 25.290697674418606}}, "0.2": {"reduction_in_attributes": 92.3076923076923, "time": 0.7182791233062744, "reduction": 15.610859728506787, "validation": {"accuracy": 24.612152553329025}, "test": {"accuracy": 24.563953488372093}}, "0.3": {"reduction_in_attributes": 92.3076923076923, "time": 0.7118868827819824, "reduction": 19.311570782159016, "validation": {"accuracy": 24.612152553329025}, "test": {"accuracy": 24.563953488372093}}, "0.4": {"reduction_in_attributes": 92.3076923076923, "time": 0.6189548969268799, "reduction": 33.484162895927604, "validation": {"accuracy": 15.35229476405947}, "test": {"accuracy": 14.38953488372093}}, "0.5": {"reduction_in_attributes": 92.3076923076923, "time": 0.6496479511260986, "reduction": 29.654169360051707, "validation": {"accuracy": 24.64447317388494}, "test": {"accuracy": 24.563953488372093}}, "0.6": {"reduction_in_attributes": 92.3076923076923, "time": 0.62605881690979, "reduction": 31.205559146735617, "validation": {"accuracy": 23.254686489980607}, "test": {"accuracy": 22.238372093023255}}, "0.7": {"reduction_in_attributes": 92.3076923076923, "time": 0.6462509632110596, "reduction": 33.22559793148029, "validation": {"accuracy": 24.64447317388494}, "test": {"accuracy": 24.563953488372093}}, "0.8": {"reduction_in_attributes": 92.3076923076923, "time": 0.6732237339019775, "reduction": 30.446024563671624, "validation": {"accuracy": 24.612152553329025}, "test": {"accuracy": 24.563953488372093}}, "0.9": {"reduction_in_attributes": 92.3076923076923, "time": 0.5112597942352295, "reduction": 56.59340659340659, "validation": {"accuracy": 13.138332255979316}, "test": {"accuracy": 12.354651162790697}}, "1.0": {"reduction_in_attributes": 92.3076923076923, "time": 0.6213572025299072, "reduction": 47.575953458306394, "validation": {"accuracy": 24.595992243051064}, "test": {"accuracy": 24.709302325581394}}}, "6": {"0.0": {"reduction_in_attributes": 92.3076923076923, "time": 0.7428128719329834, "reduction": 0.0, "validation": {"accuracy": 24.789915966386555}, "test": {"accuracy": 26.16279069767442}}, "0.1": {"reduction_in_attributes": 92.3076923076923, "time": 0.6359348297119141, "reduction": 46.96186166774402, "validation": {"accuracy": 10.342598577892694}, "test": {"accuracy": 10.029069767441861}}, "0.2": {"reduction_in_attributes": 92.3076923076923, "time": 0.4283289909362793, "reduction": 31.286360698125403, "validation": {"accuracy": 9.760827407886232}, "test": {"accuracy": 9.593023255813954}}, "0.3": {"reduction_in_attributes": 92.3076923076923, "time": 0.6460170745849609, "reduction": 28.587588881706527, "validation": {"accuracy": 24.789915966386555}, "test": {"accuracy": 26.16279069767442}}, "0.4": {"reduction_in_attributes": 92.3076923076923, "time": 0.6521279811859131, "reduction": 24.40206851971558, "validation": {"accuracy": 13.881706528765353}, "test": {"accuracy": 12.790697674418606}}, "0.5": {"reduction_in_attributes": 92.3076923076923, "time": 0.6804897785186768, "reduction": 20.07110536522301, "validation": {"accuracy": 14.124111182934712}, "test": {"accuracy": 15.11627906976744}}, "0.6": {"reduction_in_attributes": 92.3076923076923, "time": 0.4264187812805176,