{"3": {"0.0": {"time": 0.00730586051940918, "reduction": 1.9572953736654797, "validation": {"accuracy": 15.658362989323843}, "test": {"accuracy": 25.396825396825395}}, "0.1": {"time": 0.00674891471862793, "reduction": 24.911032028469748, "validation": {"accuracy": 16.370106761565836}, "test": {"accuracy": 22.22222222222222}}, "0.2": {"time": 0.0068988800048828125, "reduction": 30.96085409252669, "validation": {"accuracy": 16.72597864768683}, "test": {"accuracy": 25.396825396825395}}, "0.3": {"time": 0.006807088851928711, "reduction": 40.39145907473309, "validation": {"accuracy": 26.334519572953734}, "test": {"accuracy": 25.396825396825395}}, "0.4": {"time": 0.006248950958251953, "reduction": 40.92526690391459, "validation": {"accuracy": 26.51245551601423}, "test": {"accuracy": 22.22222222222222}}, "0.5": {"time": 0.005658864974975586, "reduction": 71.53024911032028, "validation": {"accuracy": 42.170818505338076}, "test": {"accuracy": 39.682539682539684}}, "0.6": {"time": 0.00554203987121582, "reduction": 84.69750889679715, "validation": {"accuracy": 62.989323843416365}, "test": {"accuracy": 66.66666666666666}}, "0.7": {"time": 0.005741119384765625, "reduction": 98.93238434163702, "validation": {"accuracy": 60.4982206405694}, "test": {"accuracy": 73.01587301587301}}, "0.8": {"time": 0.004986763000488281, "reduction": 99.11032028469751, "validation": {"accuracy": 46.44128113879004}, "test": {"accuracy": 47.61904761904761}}, "0.9": {"time": 0.005385160446166992, "reduction": 99.4661921708185, "validation": {"accuracy": 46.08540925266904}, "test": {"accuracy": 46.03174603174603}}, "1.0": {"time": 0.004996061325073242, "reduction": 99.4661921708185, "validation": {"accuracy": 45.90747330960854}, "test": {"accuracy": 46.03174603174603}}}, "4": {"0.0": {"time": 0.008352041244506836, "reduction": 1.7793594306049876, "validation": {"accuracy": 19.217081850533805}, "test": {"accuracy": 30.158730158730158}}, "0.1": {"time": 0.0066072940826416016, "reduction": 22.953736654804267, "validation": {"accuracy": 19.217081850533805}, "test": {"accuracy": 30.158730158730158}}, "0.2": {"time": 0.0060939788818359375, "reduction": 41.99288256227758, "validation": {"accuracy": 30.2491103202847}, "test": {"accuracy": 38.095238095238095}}, "0.3": {"time": 0.006057024002075195, "reduction": 43.594306049822066, "validation": {"accuracy": 30.2491103202847}, "test": {"accuracy": 38.095238095238095}}, "0.4": {"time": 0.005583286285400391, "reduction": 69.03914590747331, "validation": {"accuracy": 19.217081850533805}, "test": {"accuracy": 28.57142857142857}}, "0.5": {"time": 0.005535125732421875, "reduction": 69.7508896797153, "validation": {"accuracy": 19.395017793594306}, "test": {"accuracy": 28.57142857142857}}, "0.6": {"time": 0.005812168121337891, "reduction": 70.10676156583631, "validation": {"accuracy": 19.217081850533805}, "test": {"accuracy": 28.57142857142857}}, "0.7": {"time": 0.005941152572631836, "reduction": 82.38434163701068, "validation": {"accuracy": 24.02135231316726}, "test": {"accuracy": 26.984126984126984}}, "0.8": {"time": 0.005033016204833984, "reduction": 82.74021352313167, "validation": {"accuracy": 46.263345195729535}, "test": {"accuracy": 46.03174603174603}}, "0.9": {"time": 0.0051648616790771484, "reduction": 83.09608540925267, "validation": {"accuracy": 46.263345195729535}, "test": {"accuracy": 46.03174603174603}}, "1.0": {"time": 0.005545139312744141, "reduction": 83.27402135231317, "validation": {"accuracy": 46.263345195729535}, "test": {"accuracy": 46.03174603174603}}}, "5": {"0.0": {"time": 0.007153749465942383, "reduction": 1.6014234875444844, "validation": {"accuracy": 10.320284697508896}, "test": {"accuracy": 22.22222222222222}}, "0.1": {"time": 0.006356954574584961, "reduction": 22.953736654804267, "validation": {"accuracy": 10.320284697508896}, "test": {"accuracy": 22.22222222222222}}, "0.2": {"time": 0.006710052490234375, "reduction": 28.647686832740217, "validation": {"accuracy": 10.85409252669039}, "test": {"accuracy": 23.809523809523807}}, "0.3": {"time": 0.0060558319091796875, "reduction": 48.93238434163701, "validation": {"accuracy": 20.99644128113879}, "test": {"accuracy": 33.33333333333333}}, "0.4": {"time": 0.006108283996582031, "reduction": 49.4661921708185, "validation": {"accuracy": 10.320284697508896}, "test": {"accuracy": 23.809523809523807}}, "0.5": {"time": 0.00565028190612793, "reduction": 57.82918149466192, "validation": {"accuracy": 10.320284697508896}, "test": {"accuracy": 23.809523809523807}}, "0.6": {"time": 0.0054318904876708984, "reduction": 69.5729537366548, "validation": {"accuracy": 29.00355871886121}, "test": {"accuracy": 36.507936507936506}}, "0.7": {"time": 0.005728006362915039, "reduction": 69.7508896797153, "validation": {"accuracy": 29.00355871886121}, "test": {"accuracy": 36.507936507936506}}, "0.8": {"time": 0.005877017974853516, "reduction": 81.85053380782918, "validation": {"accuracy": 22.77580071174377}, "test": {"accuracy": 30.158730158730158}}, "0.9": {"time": 0.00492095947265625, "reduction": 82.56227758007117, "validation": {"accuracy": 45.37366548042704}, "test": {"accuracy": 47.61904761904761}}, "1.0": {"time": 0.0052340030670166016, "reduction": 99.4661921708185, "validation": {"accuracy": 46.08540925266904}, "test": {"accuracy": 46.03174603174603}}}, "6": {"0.0": {"time": 0.007773876190185547, "reduction": 1.7761989342806372, "validation": {"accuracy": 21.847246891651864}, "test": {"accuracy": 16.129032258064516}}, "0.1": {"time": 0.006737947463989258, "reduction": 23.80106571936057, "validation": {"accuracy": 21.847246891651864}, "test": {"accuracy": 19.35483870967742}}, "0.2": {"time": 0.006273031234741211, "reduction": 29.484902309058615, "validation": {"accuracy": 22.202486678507995}, "test": {"accuracy": 19.35483870967742}}, "0.3": {"time": 0.005776166915893555, "reduction": 49.55595026642984, "validation": {"accuracy": 22.202486678507995}, "test": {"accuracy": 19.35483870967742}}, "0.4": {"time": 0.005980968475341797, "reduction": 50.08880994671403, "validation": {"accuracy": 22.380106571936057}, "test": {"accuracy": 16.129032258064516}}, "0.5": {"time": 0.005620241165161133, "reduction": 59.32504440497336, "validation": {"accuracy": 22.202486678507995}, "test": {"accuracy": 20.967741935483872}}, "0.6": {"time": 0.005442142486572266, "reduction": 70.87033747779752, "validation": {"accuracy": 18.82770870337478}, "test": {"accuracy": 22.58064516129032}}, "0.7": {"time": 0.005609035491943359, "reduction": 86.50088809946715, "validation": {"accuracy": 19.36056838365897}, "test": {"accuracy": 17.741935483870968}}, "0.8": {"time": 0.005754232406616211, "reduction": 98.75666074600356, "validation": {"accuracy": 22.735346358792185}, "test": {"accuracy": 30.64516129032258}}, "0.9": {"time": 0.00499725341796875, "reduction": 99.46714031971581, "validation": {"accuracy": 46.181172291296626}, "test": {"accuracy": 46.774193548387096}}, "1.0": {"time": 0.0055637359619140625, "reduction": 99.46714031971581, "validation": {"accuracy": 46.181172291296626}, "test": {"accuracy": 46.774193548387096}}}, "7": {"0.0": {"time": 0.00745391845703125, "reduction": 1.4209591474245165, "validation": {"accuracy": 10.301953818827709}, "test": {"accuracy": 24.193548387096776}}, "0.1": {"time": 0.006771087646484375, "reduction": 9.946714031971581, "validation": {"accuracy": 18.47246891651865}, "test": {"accuracy": 32.25806451612903}}, "0.2": {"time": 0.0068547725677490234, "reduction": 15.808170515097686, "validation": {"accuracy": 18.47246891651865}, "test": {"accuracy": 33.87096774193548}}, "0.3": {"time": 0.006350994110107422, "reduction": 28.95204262877442, "validation": {"accuracy": 29.129662522202487}, "test": {"accuracy": 40.32258064516129}}, "0.4": {"time": 0.00519561767578125, "reduction": 47.95737122557726, "validation": {"accuracy": 34.280639431616336}, "test": {"accuracy": 32.25806451612903}}, "0.5": {"time": 0.004606008529663086, "reduction": 80.63943161634103, "validation": {"accuracy": 23.44582593250444},