{"3": {"0.0": {"reduction_in_attributes": 72.72727272727273, "time": 0.0032477378845214844, "reduction": 13.291139240506332, "validation": {"accuracy": 46.835443037974684}, "test": {"accuracy": 62.857142857142854}}, "0.1": {"reduction_in_attributes": 72.72727272727273, "time": 0.002721071243286133, "reduction": 63.607594936708864, "validation": {"accuracy": 46.20253164556962}, "test": {"accuracy": 65.71428571428571}}, "0.2": {"reduction_in_attributes": 72.72727272727273, "time": 0.002724885940551758, "reduction": 65.18987341772151, "validation": {"accuracy": 48.41772151898734}, "test": {"accuracy": 62.857142857142854}}, "0.3": {"reduction_in_attributes": 72.72727272727273, "time": 0.0026979446411132812, "reduction": 68.0379746835443, "validation": {"accuracy": 47.78481012658228}, "test": {"accuracy": 62.857142857142854}}, "0.4": {"reduction_in_attributes": 72.72727272727273, "time": 0.0025222301483154297, "reduction": 87.0253164556962, "validation": {"accuracy": 44.620253164556964}, "test": {"accuracy": 57.14285714285714}}, "0.5": {"reduction_in_attributes": 72.72727272727273, "time": 0.002401113510131836, "reduction": 94.9367088607595, "validation": {"accuracy": 68.35443037974683}, "test": {"accuracy": 60.0}}, "0.6": {"reduction_in_attributes": 72.72727272727273, "time": 0.0023317337036132812, "reduction": 96.83544303797468, "validation": {"accuracy": 65.82278481012658}, "test": {"accuracy": 57.14285714285714}}, "0.7": {"reduction_in_attributes": 72.72727272727273, "time": 0.0023059844970703125, "reduction": 98.10126582278481, "validation": {"accuracy": 36.392405063291136}, "test": {"accuracy": 34.285714285714285}}, "0.8": {"reduction_in_attributes": 72.72727272727273, "time": 0.0022568702697753906, "reduction": 98.73417721518987, "validation": {"accuracy": 40.822784810126585}, "test": {"accuracy": 54.285714285714285}}, "0.9": {"reduction_in_attributes": 72.72727272727273, "time": 0.002174854278564453, "reduction": 99.36708860759494, "validation": {"accuracy": 73.41772151898735}, "test": {"accuracy": 74.28571428571429}}, "1.0": {"reduction_in_attributes": 72.72727272727273, "time": 0.0021162033081054688, "reduction": 99.36708860759494, "validation": {"accuracy": 64.87341772151899}, "test": {"accuracy": 65.71428571428571}}}, "4": {"0.0": {"reduction_in_attributes": 69.6969696969697, "time": 0.0033779144287109375, "reduction": 15.189873417721522, "validation": {"accuracy": 68.67088607594937}, "test": {"accuracy": 57.14285714285714}}, "0.1": {"reduction_in_attributes": 69.6969696969697, "time": 0.002891063690185547, "reduction": 62.0253164556962, "validation": {"accuracy": 42.405063291139236}, "test": {"accuracy": 40.0}}, "0.2": {"reduction_in_attributes": 69.6969696969697, "time": 0.0027709007263183594, "reduction": 72.15189873417722, "validation": {"accuracy": 40.50632911392405}, "test": {"accuracy": 40.0}}, "0.3": {"reduction_in_attributes": 69.6969696969697, "time": 0.002701997756958008, "reduction": 81.0126582278481, "validation": {"accuracy": 42.08860759493671}, "test": {"accuracy": 40.0}}, "0.4": {"reduction_in_attributes": 69.6969696969697, "time": 0.002645730972290039, "reduction": 87.9746835443038, "validation": {"accuracy": 44.303797468354425}, "test": {"accuracy": 45.714285714285715}}, "0.5": {"reduction_in_attributes": 69.6969696969697, "time": 0.0025818347930908203, "reduction": 91.77215189873418, "validation": {"accuracy": 41.77215189873418}, "test": {"accuracy": 40.0}}, "0.6": {"reduction_in_attributes": 69.6969696969697, "time": 0.0021278858184814453, "reduction": 95.56962025316456, "validation": {"accuracy": 71.20253164556962}, "test": {"accuracy": 74.28571428571429}}, "0.7": {"reduction_in_attributes": 69.6969696969697, "time": 0.002064228057861328, "reduction": 97.78481012658227, "validation": {"accuracy": 72.78481012658227}, "test": {"accuracy": 71.42857142857143}}, "0.8": {"reduction_in_attributes": 69.6969696969697, "time": 0.0021262168884277344, "reduction": 99.0506329113924, "validation": {"accuracy": 69.62025316455697}, "test": {"accuracy": 71.42857142857143}}, "0.9": {"reduction_in_attributes": 69.6969696969697, "time": 0.002101898193359375, "reduction": 99.0506329113924, "validation": {"accuracy": 67.40506329113924}, "test": {"accuracy": 65.71428571428571}}, "1.0": {"reduction_in_attributes": 69.6969696969697, "time": 0.0019881725311279297, "reduction": 99.36708860759494, "validation": {"accuracy": 64.55696202531645}, "test": {"accuracy": 65.71428571428571}}}, "5": {"0.0": {"reduction_in_attributes": 66.66666666666667, "time": 0.0029850006103515625, "reduction": 19.303797468354432, "validation": {"accuracy": 65.50632911392405}, "test": {"accuracy": 51.42857142857142}}, "0.1": {"reduction_in_attributes": 66.66666666666667, "time": 0.0024619102478027344, "reduction": 67.72151898734178, "validation": {"accuracy": 62.34177215189873}, "test": {"accuracy": 51.42857142857142}}, "0.2": {"reduction_in_attributes": 66.66666666666667, "time": 0.002465963363647461, "reduction": 72.78481012658227, "validation": {"accuracy": 62.65822784810127}, "test": {"accuracy": 51.42857142857142}}, "0.3": {"reduction_in_attributes": 66.66666666666667, "time": 0.0026302337646484375, "reduction": 83.54430379746836, "validation": {"accuracy": 68.9873417721519}, "test": {"accuracy": 60.0}}, "0.4": {"reduction_in_attributes": 66.66666666666667, "time": 0.002309083938598633, "reduction": 86.07594936708861, "validation": {"accuracy": 69.30379746835443}, "test": {"accuracy": 60.0}}, "0.5": {"reduction_in_attributes": 66.66666666666667, "time": 0.0022058486938476562, "reduction": 93.9873417721519, "validation": {"accuracy": 72.78481012658227}, "test": {"accuracy": 71.42857142857143}}, "0.6": {"reduction_in_attributes": 66.66666666666667, "time": 0.0020868778228759766, "reduction": 98.10126582278481, "validation": {"accuracy": 65.82278481012658}, "test": {"accuracy": 65.71428571428571}}, "0.7": {"reduction_in_attributes": 66.66666666666667, "time": 0.001940011978149414, "reduction": 99.36708860759494, "validation": {"accuracy": 72.15189873417721}, "test": {"accuracy": 71.42857142857143}}, "0.8": {"reduction_in_attributes": 66.66666666666667, "time": 0.0021491050720214844, "reduction": 99.36708860759494, "validation": {"accuracy": 70.56962025316456}, "test": {"accuracy": 74.28571428571429}}, "0.9": {"reduction_in_attributes": 66.66666666666667, "time": 0.002330780029296875, "reduction": 99.36708860759494, "validation": {"accuracy": 71.51898734177216}, "test": {"accuracy": 74.28571428571429}}, "1.0": {"reduction_in_attributes": 66.66666666666667, "time": 0.002315998077392578, "reduction": 99.36708860759494, "validation": {"accuracy": 69.9367088607595}, "test": {"accuracy": 74.28571428571429}}}, "6": {"0.0": {"reduction_in_attributes": 69.6969696969697, "time": 0.003309965133666992, "reduction": 17.405063291139243, "validation": {"accuracy": 75.0}, "test": {"accuracy": 71.42857142857143}}, "0.1": {"reduction_in_attributes": 69.6969696969697, "time": 0.0028128623962402344, "reduction": 68.9873417721519, "validation": {"accuracy": 75.0}, "test": {"accuracy": 71.42857142857143}}, "0.2": {"reduction_in_attributes": 69.6969696969697, "time": 0.002811908721923828, "reduction": 69.62025316455696, "validation": {"accuracy": 71.20253164556962}, "test": {"accuracy": 71.42857142857143}}, "0.3": {"reduction_in_attributes": 69.6969696969697, "time": 0.0027260780334472656, "reduction": 78.48101265822784, "validation": {"accuracy": 70.25316455696202}, "test": {"accuracy": 68.57142857142857}}, "0.4": {"reduction_in_attributes": 69.6969696969697, "time": 0.006042957305908203, "reduction": 88.92405063291139, "validation": {"accuracy": 72.46835443037975}, "test": {"accuracy": 65.71428571428571}}, "0.5": {"reduction_in_attributes": 69.6969696969697, "time": 0.0025849342346191406, "reduction": 91.77215189873418, "validation": {"accuracy": 73.10126582278481}, "test": {"accuracy": 65.71428571428571}}, "0.6": {"reduction_in_attributes": 69.6969696969697, "time": 0.002471923828125,