{"3": {"0.0": {"reduction_in_attributes": 66.66666666666667, "time": 0.003107786178588867, "reduction": 11.075949367088612, "validation": {"accuracy": 70.25316455696202}, "test": {"accuracy": 68.57142857142857}}, "0.1": {"reduction_in_attributes": 66.66666666666667, "time": 0.0025250911712646484, "reduction": 58.86075949367089, "validation": {"accuracy": 70.88607594936708}, "test": {"accuracy": 68.57142857142857}}, "0.2": {"reduction_in_attributes": 66.66666666666667, "time": 0.002680063247680664, "reduction": 65.18987341772151, "validation": {"accuracy": 67.72151898734177}, "test": {"accuracy": 60.0}}, "0.3": {"reduction_in_attributes": 66.66666666666667, "time": 0.0027298927307128906, "reduction": 73.10126582278481, "validation": {"accuracy": 68.9873417721519}, "test": {"accuracy": 54.285714285714285}}, "0.4": {"reduction_in_attributes": 66.66666666666667, "time": 0.0023238658905029297, "reduction": 86.39240506329114, "validation": {"accuracy": 67.72151898734177}, "test": {"accuracy": 60.0}}, "0.5": {"reduction_in_attributes": 66.66666666666667, "time": 0.002329111099243164, "reduction": 93.67088607594937, "validation": {"accuracy": 66.77215189873418}, "test": {"accuracy": 25.71428571428571}}, "0.6": {"reduction_in_attributes": 66.66666666666667, "time": 0.0024940967559814453, "reduction": 95.56962025316456, "validation": {"accuracy": 66.77215189873418}, "test": {"accuracy": 25.71428571428571}}, "0.7": {"reduction_in_attributes": 66.66666666666667, "time": 0.00218963623046875, "reduction": 98.10126582278481, "validation": {"accuracy": 36.708860759493675}, "test": {"accuracy": 34.285714285714285}}, "0.8": {"reduction_in_attributes": 66.66666666666667, "time": 0.0020380020141601562, "reduction": 98.73417721518987, "validation": {"accuracy": 37.34177215189873}, "test": {"accuracy": 37.142857142857146}}, "0.9": {"reduction_in_attributes": 66.66666666666667, "time": 0.0021021366119384766, "reduction": 99.0506329113924, "validation": {"accuracy": 39.24050632911392}, "test": {"accuracy": 42.857142857142854}}, "1.0": {"reduction_in_attributes": 66.66666666666667, "time": 0.0020716190338134766, "reduction": 99.36708860759494, "validation": {"accuracy": 38.924050632911396}, "test": {"accuracy": 68.57142857142857}}}, "4": {"0.0": {"reduction_in_attributes": 63.63636363636363, "time": 0.003306865692138672, "reduction": 15.189873417721522, "validation": {"accuracy": 71.83544303797468}, "test": {"accuracy": 77.14285714285715}}, "0.1": {"reduction_in_attributes": 63.63636363636363, "time": 0.002639293670654297, "reduction": 63.607594936708864, "validation": {"accuracy": 68.35443037974683}, "test": {"accuracy": 71.42857142857143}}, "0.2": {"reduction_in_attributes": 63.63636363636363, "time": 0.0030417442321777344, "reduction": 65.50632911392404, "validation": {"accuracy": 68.9873417721519}, "test": {"accuracy": 71.42857142857143}}, "0.3": {"reduction_in_attributes": 63.63636363636363, "time": 0.0029740333557128906, "reduction": 74.68354430379746, "validation": {"accuracy": 68.67088607594937}, "test": {"accuracy": 71.42857142857143}}, "0.4": {"reduction_in_attributes": 63.63636363636363, "time": 0.0029430389404296875, "reduction": 85.12658227848101, "validation": {"accuracy": 66.45569620253164}, "test": {"accuracy": 62.857142857142854}}, "0.5": {"reduction_in_attributes": 63.63636363636363, "time": 0.0027360916137695312, "reduction": 90.50632911392404, "validation": {"accuracy": 66.13924050632912}, "test": {"accuracy": 65.71428571428571}}, "0.6": {"reduction_in_attributes": 63.63636363636363, "time": 0.002621173858642578, "reduction": 96.20253164556962, "validation": {"accuracy": 67.72151898734177}, "test": {"accuracy": 77.14285714285715}}, "0.7": {"reduction_in_attributes": 63.63636363636363, "time": 0.002537965774536133, "reduction": 99.0506329113924, "validation": {"accuracy": 66.13924050632912}, "test": {"accuracy": 77.14285714285715}}, "0.8": {"reduction_in_attributes": 63.63636363636363, "time": 0.0021178722381591797, "reduction": 99.36708860759494, "validation": {"accuracy": 67.40506329113924}, "test": {"accuracy": 77.14285714285715}}, "0.9": {"reduction_in_attributes": 63.63636363636363, "time": 0.0021889209747314453, "reduction": 99.36708860759494, "validation": {"accuracy": 64.24050632911393}, "test": {"accuracy": 65.71428571428571}}, "1.0": {"reduction_in_attributes": 63.63636363636363, "time": 0.0020837783813476562, "reduction": 99.36708860759494, "validation": {"accuracy": 63.60759493670886}, "test": {"accuracy": 65.71428571428571}}}, "5": {"0.0": {"reduction_in_attributes": 66.66666666666667, "time": 0.0036008358001708984, "reduction": 19.620253164556967, "validation": {"accuracy": 42.08860759493671}, "test": {"accuracy": 37.142857142857146}}, "0.1": {"reduction_in_attributes": 66.66666666666667, "time": 0.003393888473510742, "reduction": 67.08860759493672, "validation": {"accuracy": 42.08860759493671}, "test": {"accuracy": 37.142857142857146}}, "0.2": {"reduction_in_attributes": 66.66666666666667, "time": 0.002986907958984375, "reduction": 72.15189873417722, "validation": {"accuracy": 43.67088607594937}, "test": {"accuracy": 37.142857142857146}}, "0.3": {"reduction_in_attributes": 66.66666666666667, "time": 0.0024650096893310547, "reduction": 80.37974683544304, "validation": {"accuracy": 44.303797468354425}, "test": {"accuracy": 37.142857142857146}}, "0.4": {"reduction_in_attributes": 66.66666666666667, "time": 0.002683877944946289, "reduction": 88.29113924050634, "validation": {"accuracy": 44.936708860759495}, "test": {"accuracy": 34.285714285714285}}, "0.5": {"reduction_in_attributes": 66.66666666666667, "time": 0.0024271011352539062, "reduction": 93.35443037974683, "validation": {"accuracy": 65.18987341772153}, "test": {"accuracy": 57.14285714285714}}, "0.6": {"reduction_in_attributes": 66.66666666666667, "time": 0.003981113433837891, "reduction": 96.51898734177216, "validation": {"accuracy": 65.82278481012658}, "test": {"accuracy": 65.71428571428571}}, "0.7": {"reduction_in_attributes": 66.66666666666667, "time": 0.0029649734497070312, "reduction": 98.41772151898735, "validation": {"accuracy": 71.20253164556962}, "test": {"accuracy": 71.42857142857143}}, "0.8": {"reduction_in_attributes": 66.66666666666667, "time": 0.0021772384643554688, "reduction": 99.0506329113924, "validation": {"accuracy": 72.46835443037975}, "test": {"accuracy": 74.28571428571429}}, "0.9": {"reduction_in_attributes": 66.66666666666667, "time": 0.002176046371459961, "reduction": 99.36708860759494, "validation": {"accuracy": 72.78481012658227}, "test": {"accuracy": 71.42857142857143}}, "1.0": {"reduction_in_attributes": 66.66666666666667, "time": 0.0023419857025146484, "reduction": 99.36708860759494, "validation": {"accuracy": 70.88607594936708}, "test": {"accuracy": 71.42857142857143}}}, "6": {"0.0": {"reduction_in_attributes": 66.66666666666667, "time": 0.003652811050415039, "reduction": 13.607594936708855, "validation": {"accuracy": 48.41772151898734}, "test": {"accuracy": 62.857142857142854}}, "0.1": {"reduction_in_attributes": 66.66666666666667, "time": 0.003339052200317383, "reduction": 64.24050632911393, "validation": {"accuracy": 48.41772151898734}, "test": {"accuracy": 62.857142857142854}}, "0.2": {"reduction_in_attributes": 66.66666666666667, "time": 0.0029129981994628906, "reduction": 68.67088607594937, "validation": {"accuracy": 48.41772151898734}, "test": {"accuracy": 57.14285714285714}}, "0.3": {"reduction_in_attributes": 66.66666666666667, "time": 0.0028488636016845703, "reduction": 79.11392405063292, "validation": {"accuracy": 72.78481012658227}, "test": {"accuracy": 80.0}}, "0.4": {"reduction_in_attributes": 66.66666666666667, "time": 0.0027358531951904297, "reduction": 87.9746835443038, "validation": {"accuracy": 72.46835443037975}, "test": {"accuracy": 80.0}}, "0.5": {"reduction_in_attributes": 66.66666666666667, "time": 0.0025930404663085938, "reduction": 92.08860759493672, "validation": {"accuracy": 70.88607594936708},