{"3": {"0.0": {"time": 7.902434825897217, "reduction": 28.608597285067873, "validation": {"accuracy": 91.56108597285068}, "test": {"accuracy": 91.44602851323829}}, "0.1": {"time": 7.385671854019165, "reduction": 36.15384615384616, "validation": {"accuracy": 90.47511312217195}, "test": {"accuracy": 89.40936863543789}}, "0.2": {"time": 7.336714029312134, "reduction": 38.009049773755656, "validation": {"accuracy": 90.3054298642534}, "test": {"accuracy": 89.10386965376782}}, "0.3": {"time": 6.922269105911255, "reduction": 49.98868778280543, "validation": {"accuracy": 90.23755656108598}, "test": {"accuracy": 89.10386965376782}}, "0.4": {"time": 6.385209083557129, "reduction": 69.06108597285068, "validation": {"accuracy": 88.81221719457014}, "test": {"accuracy": 86.86354378818737}}, "0.5": {"time": 5.989762783050537, "reduction": 85.59954751131222, "validation": {"accuracy": 89.61538461538461}, "test": {"accuracy": 87.9837067209776}}, "0.6": {"time": 5.870694875717163, "reduction": 94.73981900452489, "validation": {"accuracy": 31.244343891402714}, "test": {"accuracy": 24.236252545824847}}, "0.7": {"time": 5.775378227233887, "reduction": 97.7262443438914, "validation": {"accuracy": 17.171945701357465}, "test": {"accuracy": 12.525458248472503}}, "0.8": {"time": 5.712864875793457, "reduction": 99.2420814479638, "validation": {"accuracy": 12.205882352941176}, "test": {"accuracy": 6.924643584521386}}, "0.9": {"time": 5.730677843093872, "reduction": 99.75113122171946, "validation": {"accuracy": 12.194570135746606}, "test": {"accuracy": 6.924643584521386}}, "1.0": {"time": 5.7349889278411865, "reduction": 99.97737556561086, "validation": {"accuracy": 90.76923076923077}, "test": {"accuracy": 91.34419551934828}}}, "4": {"0.0": {"time": 7.852885961532593, "reduction": 24.558823529411768, "validation": {"accuracy": 91.69683257918551}, "test": {"accuracy": 91.95519348268839}}, "0.1": {"time": 7.48132586479187, "reduction": 32.160633484162894, "validation": {"accuracy": 84.2420814479638}, "test": {"accuracy": 80.24439918533605}}, "0.2": {"time": 7.377636909484863, "reduction": 35.12443438914027, "validation": {"accuracy": 84.23076923076923}, "test": {"accuracy": 80.24439918533605}}, "0.3": {"time": 6.9175450801849365, "reduction": 46.68552036199095, "validation": {"accuracy": 84.15158371040724}, "test": {"accuracy": 80.14256619144604}}, "0.4": {"time": 6.260689973831177, "reduction": 70.29411764705881, "validation": {"accuracy": 19.083710407239817}, "test": {"accuracy": 19.85743380855397}}, "0.5": {"time": 5.856971025466919, "reduction": 90.88235294117646, "validation": {"accuracy": 9.536199095022624}, "test": {"accuracy": 9.266802443991853}}, "0.6": {"time": 5.769948244094849, "reduction": 96.50452488687783, "validation": {"accuracy": 6.0633484162895925}, "test": {"accuracy": 5.906313645621181}}, "0.7": {"time": 5.781658887863159, "reduction": 98.35972850678732, "validation": {"accuracy": 5.984162895927602}, "test": {"accuracy": 5.906313645621181}}, "0.8": {"time": 5.713675022125244, "reduction": 99.2420814479638, "validation": {"accuracy": 5.972850678733032}, "test": {"accuracy": 5.906313645621181}}, "0.9": {"time": 5.713953018188477, "reduction": 99.83031674208145, "validation": {"accuracy": 5.984162895927602}, "test": {"accuracy": 5.906313645621181}}, "1.0": {"time": 5.709152936935425, "reduction": 99.97737556561086, "validation": {"accuracy": 12.364253393665159}, "test": {"accuracy": 11.201629327902241}}}, "5": {"0.0": {"time": 7.913009881973267, "reduction": 22.81674208144796, "validation": {"accuracy": 91.30090497737557}, "test": {"accuracy": 89.81670061099797}}, "0.1": {"time": 7.583112955093384, "reduction": 29.40045248868778, "validation": {"accuracy": 84.0158371040724}, "test": {"accuracy": 87.37270875763747}}, "0.2": {"time": 7.545377731323242, "reduction": 30.55429864253394, "validation": {"accuracy": 84.0158371040724}, "test": {"accuracy": 87.37270875763747}}, "0.3": {"time": 7.1671061515808105, "reduction": 41.289592760180994, "validation": {"accuracy": 39.90950226244344}, "test": {"accuracy": 42.15885947046843}}, "0.4": {"time": 6.567328929901123, "reduction": 61.4027149321267, "validation": {"accuracy": 24.21945701357466}, "test": {"accuracy": 26.782077393075355}}, "0.5": {"time": 5.988647222518921, "reduction": 87.10407239819004, "validation": {"accuracy": 16.696832579185518}, "test": {"accuracy": 17.41344195519348}}, "0.6": {"time": 5.793259859085083, "reduction": 96.08597285067873, "validation": {"accuracy": 6.877828054298643}, "test": {"accuracy": 6.619144602851323}}, "0.7": {"time": 5.7145469188690186, "reduction": 99.06108597285068, "validation": {"accuracy": 5.984162895927602}, "test": {"accuracy": 5.906313645621181}}, "0.8": {"time": 5.708684921264648, "reduction": 99.73981900452489, "validation": {"accuracy": 5.984162895927602}, "test": {"accuracy": 5.906313645621181}}, "0.9": {"time": 5.704815149307251, "reduction": 99.94343891402715, "validation": {"accuracy": 6.346153846153846}, "test": {"accuracy": 6.109979633401222}}, "1.0": {"time": 5.714171886444092, "reduction": 99.97737556561086, "validation": {"accuracy": 11.979638009049774}, "test": {"accuracy": 12.321792260692463}}}, "6": {"0.0": {"time": 7.745232105255127, "reduction": 29.004524886877824, "validation": {"accuracy": 93.29185520361992}, "test": {"accuracy": 93.9918533604888}}, "0.1": {"time": 7.329468727111816, "reduction": 40.079185520361996, "validation": {"accuracy": 83.48416289592761}, "test": {"accuracy": 92.66802443991853}}, "0.2": {"time": 7.189367055892944, "reduction": 41.66289592760181, "validation": {"accuracy": 83.48416289592761}, "test": {"accuracy": 92.66802443991853}}, "0.3": {"time": 6.93109917640686, "reduction": 50.09049773755656, "validation": {"accuracy": 83.31447963800905}, "test": {"accuracy": 92.56619144602851}}, "0.4": {"time": 6.400593996047974, "reduction": 68.08823529411765, "validation": {"accuracy": 82.86199095022624}, "test": {"accuracy": 92.26069246435846}}, "0.5": {"time": 6.066354990005493, "reduction": 83.4502262443439, "validation": {"accuracy": 82.92986425339367}, "test": {"accuracy": 92.15885947046843}}, "0.6": {"time": 5.824549198150635, "reduction": 94.18552036199095, "validation": {"accuracy": 28.846153846153843}, "test": {"accuracy": 35.437881873727086}}, "0.7": {"time": 5.764938831329346, "reduction": 98.16742081447963, "validation": {"accuracy": 11.572398190045249}, "test": {"accuracy": 12.118126272912424}}, "0.8": {"time": 5.74309778213501, "reduction": 99.33257918552036, "validation": {"accuracy": 11.80995475113122}, "test": {"accuracy": 12.525458248472503}}, "0.9": {"time": 5.701972007751465, "reduction": 99.79638009049773, "validation": {"accuracy": 5.984162895927602}, "test": {"accuracy": 5.906313645621181}}, "1.0": {"time": 5.716277837753296, "reduction": 99.97737556561086, "validation": {"accuracy": 11.945701357466064}, "test": {"accuracy": 13.95112016293279}}}, "7": {"0.0": {"time": 7.775172710418701, "reduction": 25.622171945701353, "validation": {"accuracy": 92.2737556561086}, "test": {"accuracy": 92.15885947046843}}, "0.1": {"time": 7.49884295463562, "reduction": 31.515837104072396, "validation": {"accuracy": 85.75791855203619}, "test": {"accuracy": 87.67820773930754}}, "0.2": {"time": 7.391763210296631, "reduction": 33.529411764705884, "validation": {"accuracy": 85.72398190045249}, "test": {"accuracy": 87.67820773930754}}, "0.3": {"time": 7.062746047973633, "reduction": 43.50678733031674, "validation": {"accuracy": 85.31674208144796}, "test": {"accuracy": 87.06720977596741}}, "0.4": {"time": 6.410016059875488, "reduction": 65.58823529411765, "validation": {"accuracy": 83.51809954751131}, "test": {"accuracy": 84.72505091649694}}, "0.5": {"time": 5.972132682800293, "reduction": 86.34615384615385, "validation": {"accuracy": 20.893665158371043}, "test": {"accuracy": 19.551934826883908}}, "0.6": {"time": 5.7917211055755615, "reduction": 95.56561085972851, "validation": {"accuracy": 7.307692307692308},