{"3": {"0.0": {"reduction_in_attributes": 92.3076923076923, "time": 0.016849994659423828, "reduction": 17.84511784511784, "validation": {"accuracy": 92.36812570145904}, "test": {"accuracy": 23.232323232323232}}, "0.1": {"reduction_in_attributes": 92.3076923076923, "time": 0.015426158905029297, "reduction": 18.181818181818176, "validation": {"accuracy": 76.99214365881033}, "test": {"accuracy": 12.121212121212121}}, "0.2": {"reduction_in_attributes": 92.3076923076923, "time": 0.014883041381835938, "reduction": 25.14029180695847, "validation": {"accuracy": 86.86868686868688}, "test": {"accuracy": 24.242424242424242}}, "0.3": {"reduction_in_attributes": 92.3076923076923, "time": 0.013351917266845703, "reduction": 24.242424242424242, "validation": {"accuracy": 75.64534231200898}, "test": {"accuracy": 12.121212121212121}}, "0.4": {"reduction_in_attributes": 92.3076923076923, "time": 0.01233673095703125, "reduction": 40.29180695847363, "validation": {"accuracy": 60.38159371492705}, "test": {"accuracy": 11.11111111111111}}, "0.5": {"reduction_in_attributes": 92.3076923076923, "time": 0.012320995330810547, "reduction": 41.18967452300786, "validation": {"accuracy": 58.36139169472503}, "test": {"accuracy": 10.1010101010101}}, "0.6": {"reduction_in_attributes": 92.3076923076923, "time": 0.012237071990966797, "reduction": 47.025813692480355, "validation": {"accuracy": 65.31986531986533}, "test": {"accuracy": 29.292929292929294}}, "0.7": {"reduction_in_attributes": 92.3076923076923, "time": 0.008617162704467773, "reduction": 49.046015712682376, "validation": {"accuracy": 9.20314253647587}, "test": {"accuracy": 8.080808080808081}}, "0.8": {"reduction_in_attributes": 92.3076923076923, "time": 0.010673046112060547, "reduction": 79.7979797979798, "validation": {"accuracy": 29.96632996632997}, "test": {"accuracy": 16.161616161616163}}, "0.9": {"reduction_in_attributes": 92.3076923076923, "time": 0.010448932647705078, "reduction": 84.73625140291807, "validation": {"accuracy": 26.823793490460158}, "test": {"accuracy": 11.11111111111111}}, "1.0": {"reduction_in_attributes": 92.3076923076923, "time": 0.00983285903930664, "reduction": 98.76543209876543, "validation": {"accuracy": 26.936026936026934}, "test": {"accuracy": 30.303030303030305}}}, "4": {"0.0": {"reduction_in_attributes": 92.3076923076923, "time": 0.014510154724121094, "reduction": 7.295173961840629, "validation": {"accuracy": 84.73625140291807}, "test": {"accuracy": 9.090909090909092}}, "0.1": {"reduction_in_attributes": 92.3076923076923, "time": 0.013799905776977539, "reduction": 13.580246913580252, "validation": {"accuracy": 76.87991021324355}, "test": {"accuracy": 14.14141414141414}}, "0.2": {"reduction_in_attributes": 92.3076923076923, "time": 0.012854576110839844, "reduction": 23.905723905723907, "validation": {"accuracy": 71.38047138047138}, "test": {"accuracy": 10.1010101010101}}, "0.3": {"reduction_in_attributes": 92.3076923076923, "time": 0.00849008560180664, "reduction": 29.40516273849607, "validation": {"accuracy": 9.20314253647587}, "test": {"accuracy": 8.080808080808081}}, "0.4": {"reduction_in_attributes": 92.3076923076923, "time": 0.008582830429077148, "reduction": 50.953984287317624, "validation": {"accuracy": 9.20314253647587}, "test": {"accuracy": 8.080808080808081}}, "0.5": {"reduction_in_attributes": 92.3076923076923, "time": 0.012312889099121094, "reduction": 43.54657687991021, "validation": {"accuracy": 57.80022446689114}, "test": {"accuracy": 15.151515151515152}}, "0.6": {"reduction_in_attributes": 92.3076923076923, "time": 0.011917829513549805, "reduction": 47.47474747474747, "validation": {"accuracy": 53.086419753086425}, "test": {"accuracy": 15.151515151515152}}, "0.7": {"reduction_in_attributes": 92.3076923076923, "time": 0.008742094039916992, "reduction": 49.94388327721661, "validation": {"accuracy": 9.20314253647587}, "test": {"accuracy": 8.080808080808081}}, "0.8": {"reduction_in_attributes": 92.3076923076923, "time": 0.010690927505493164, "reduction": 71.38047138047139, "validation": {"accuracy": 34.792368125701465}, "test": {"accuracy": 12.121212121212121}}, "0.9": {"reduction_in_attributes": 92.3076923076923, "time": 0.00872182846069336, "reduction": 50.953984287317624, "validation": {"accuracy": 9.20314253647587}, "test": {"accuracy": 8.080808080808081}}, "1.0": {"reduction_in_attributes": 92.3076923076923, "time": 0.00970911979675293, "reduction": 98.76543209876543, "validation": {"accuracy": 18.51851851851852}, "test": {"accuracy": 16.161616161616163}}}, "5": {"0.0": {"reduction_in_attributes": 92.3076923076923, "time": 0.012151002883911133, "reduction": 0.0, "validation": {"accuracy": 9.31537598204265}, "test": {"accuracy": 7.07070707070707}}, "0.1": {"reduction_in_attributes": 92.3076923076923, "time": 0.014890909194946289, "reduction": 9.764309764309765, "validation": {"accuracy": 82.15488215488216}, "test": {"accuracy": 18.181818181818183}}, "0.2": {"reduction_in_attributes": 92.3076923076923, "time": 0.008693933486938477, "reduction": 48.372615039281705, "validation": {"accuracy": 9.31537598204265}, "test": {"accuracy": 7.07070707070707}}, "0.3": {"reduction_in_attributes": 92.3076923076923, "time": 0.01401519775390625, "reduction": 29.40516273849607, "validation": {"accuracy": 66.89113355780022}, "test": {"accuracy": 10.1010101010101}}, "0.4": {"reduction_in_attributes": 92.3076923076923, "time": 0.012907981872558594, "reduction": 28.731762065095403, "validation": {"accuracy": 70.14590347923682}, "test": {"accuracy": 19.19191919191919}}, "0.5": {"reduction_in_attributes": 92.3076923076923, "time": 0.012237071990966797, "reduction": 40.85297418630752, "validation": {"accuracy": 58.0246913580247}, "test": {"accuracy": 15.151515151515152}}, "0.6": {"reduction_in_attributes": 92.3076923076923, "time": 0.012072086334228516, "reduction": 41.9753086419753, "validation": {"accuracy": 58.13692480359147}, "test": {"accuracy": 14.14141414141414}}, "0.7": {"reduction_in_attributes": 92.3076923076923, "time": 0.011924028396606445, "reduction": 52.300785634118974, "validation": {"accuracy": 64.98316498316498}, "test": {"accuracy": 22.22222222222222}}, "0.8": {"reduction_in_attributes": 92.3076923076923, "time": 0.010742902755737305, "reduction": 6.846240179573515, "validation": {"accuracy": 9.090909090909092}, "test": {"accuracy": 9.090909090909092}}, "0.9": {"reduction_in_attributes": 92.3076923076923, "time": 0.010056018829345703, "reduction": 6.846240179573515, "validation": {"accuracy": 9.090909090909092}, "test": {"accuracy": 9.090909090909092}}, "1.0": {"reduction_in_attributes": 92.3076923076923, "time": 0.009860754013061523, "reduction": 98.76543209876543, "validation": {"accuracy": 17.845117845117844}, "test": {"accuracy": 14.14141414141414}}}, "6": {"0.0": {"reduction_in_attributes": 92.3076923076923, "time": 0.011975765228271484, "reduction": 0.0, "validation": {"accuracy": 9.090909090909092}, "test": {"accuracy": 9.090909090909092}}, "0.1": {"reduction_in_attributes": 92.3076923076923, "time": 0.013884305953979492, "reduction": 17.28395061728395, "validation": {"accuracy": 86.53198653198653}, "test": {"accuracy": 26.262626262626267}}, "0.2": {"reduction_in_attributes": 92.3076923076923, "time": 0.012603998184204102, "reduction": 29.966329966329962, "validation": {"accuracy": 66.55443322109988}, "test": {"accuracy": 13.131313131313133}}, "0.3": {"reduction_in_attributes": 92.3076923076923, "time": 0.012964725494384766, "reduction": 25.476992143658805, "validation": {"accuracy": 70.59483726150393}, "test": {"accuracy": 15.151515151515152}}, "0.4": {"reduction_in_attributes": 92.3076923076923, "time": 0.01324605941772461, "reduction": 39.50617283950617, "validation": {"accuracy": 61.27946127946128}, "test": {"accuracy": 17.17171717171717}}, "0.5": {"reduction_in_attributes": 92.3076923076923, "time": 0.0124359130859375, "reduction": 39.95510662177328, "validation": {"accuracy": 59.59595959595959}, "test": {"accuracy": 17.17171717171717}},