{"3": {"0.0": {"reduction_in_attributes": 66.66666666666667, "time": 0.07363200187683105, "reduction": 0.0, "validation": {"accuracy": 77.78899545683998}, "test": {"accuracy": 75.9090909090909}}, "0.1": {"reduction_in_attributes": 66.66666666666667, "time": 0.052555084228515625, "reduction": 99.89904088844018, "validation": {"accuracy": 77.78899545683998}, "test": {"accuracy": 75.9090909090909}}, "0.2": {"reduction_in_attributes": 66.66666666666667, "time": 0.05373787879943848, "reduction": 99.89904088844018, "validation": {"accuracy": 77.78899545683998}, "test": {"accuracy": 75.9090909090909}}, "0.3": {"reduction_in_attributes": 66.66666666666667, "time": 0.05293607711791992, "reduction": 99.89904088844018, "validation": {"accuracy": 77.78899545683998}, "test": {"accuracy": 75.9090909090909}}, "0.4": {"reduction_in_attributes": 66.66666666666667, "time": 0.05314898490905762, "reduction": 99.89904088844018, "validation": {"accuracy": 77.78899545683998}, "test": {"accuracy": 75.9090909090909}}, "0.5": {"reduction_in_attributes": 66.66666666666667, "time": 0.052764177322387695, "reduction": 99.89904088844018, "validation": {"accuracy": 77.78899545683998}, "test": {"accuracy": 75.9090909090909}}, "0.6": {"reduction_in_attributes": 66.66666666666667, "time": 0.05271720886230469, "reduction": 99.89904088844018, "validation": {"accuracy": 77.78899545683998}, "test": {"accuracy": 75.9090909090909}}, "0.7": {"reduction_in_attributes": 66.66666666666667, "time": 0.053009986877441406, "reduction": 99.89904088844018, "validation": {"accuracy": 77.78899545683998}, "test": {"accuracy": 75.9090909090909}}, "0.8": {"reduction_in_attributes": 66.66666666666667, "time": 0.052987098693847656, "reduction": 99.89904088844018, "validation": {"accuracy": 77.78899545683998}, "test": {"accuracy": 75.9090909090909}}, "0.9": {"reduction_in_attributes": 66.66666666666667, "time": 0.0531008243560791, "reduction": 99.89904088844018, "validation": {"accuracy": 77.78899545683998}, "test": {"accuracy": 75.9090909090909}}, "1.0": {"reduction_in_attributes": 66.66666666666667, "time": 0.05343794822692871, "reduction": 99.89904088844018, "validation": {"accuracy": 77.78899545683998}, "test": {"accuracy": 75.9090909090909}}}, "4": {"0.0": {"reduction_in_attributes": 66.66666666666667, "time": 0.07269883155822754, "reduction": 0.0, "validation": {"accuracy": 77.48611812216053}, "test": {"accuracy": 78.63636363636364}}, "0.1": {"reduction_in_attributes": 66.66666666666667, "time": 0.05297207832336426, "reduction": 99.89904088844018, "validation": {"accuracy": 77.48611812216053}, "test": {"accuracy": 78.63636363636364}}, "0.2": {"reduction_in_attributes": 66.66666666666667, "time": 0.05281496047973633, "reduction": 99.89904088844018, "validation": {"accuracy": 77.48611812216053}, "test": {"accuracy": 78.63636363636364}}, "0.3": {"reduction_in_attributes": 66.66666666666667, "time": 0.052893877029418945, "reduction": 99.89904088844018, "validation": {"accuracy": 77.48611812216053}, "test": {"accuracy": 78.63636363636364}}, "0.4": {"reduction_in_attributes": 66.66666666666667, "time": 0.052809953689575195, "reduction": 99.89904088844018, "validation": {"accuracy": 77.48611812216053}, "test": {"accuracy": 78.63636363636364}}, "0.5": {"reduction_in_attributes": 66.66666666666667, "time": 0.05316901206970215, "reduction": 99.89904088844018, "validation": {"accuracy": 77.48611812216053}, "test": {"accuracy": 78.63636363636364}}, "0.6": {"reduction_in_attributes": 66.66666666666667, "time": 0.05400514602661133, "reduction": 99.89904088844018, "validation": {"accuracy": 77.48611812216053}, "test": {"accuracy": 78.63636363636364}}, "0.7": {"reduction_in_attributes": 66.66666666666667, "time": 0.05297112464904785, "reduction": 99.89904088844018, "validation": {"accuracy": 77.48611812216053}, "test": {"accuracy": 78.63636363636364}}, "0.8": {"reduction_in_attributes": 66.66666666666667, "time": 0.05283689498901367, "reduction": 99.89904088844018, "validation": {"accuracy": 77.48611812216053}, "test": {"accuracy": 78.63636363636364}}, "0.9": {"reduction_in_attributes": 66.66666666666667, "time": 0.05312371253967285, "reduction": 99.89904088844018, "validation": {"accuracy": 77.48611812216053}, "test": {"accuracy": 78.63636363636364}}, "1.0": {"reduction_in_attributes": 66.66666666666667, "time": 0.052937984466552734, "reduction": 99.89904088844018, "validation": {"accuracy": 77.48611812216053}, "test": {"accuracy": 78.63636363636364}}}, "5": {"0.0": {"reduction_in_attributes": 66.66666666666667, "time": 0.07359004020690918, "reduction": 0.0, "validation": {"accuracy": 77.73851590106007}, "test": {"accuracy": 76.36363636363637}}, "0.1": {"reduction_in_attributes": 66.66666666666667, "time": 0.052999019622802734, "reduction": 99.89904088844018, "validation": {"accuracy": 77.73851590106007}, "test": {"accuracy": 76.36363636363637}}, "0.2": {"reduction_in_attributes": 66.66666666666667, "time": 0.05231785774230957, "reduction": 99.89904088844018, "validation": {"accuracy": 77.73851590106007}, "test": {"accuracy": 76.36363636363637}}, "0.3": {"reduction_in_attributes": 66.66666666666667, "time": 0.052326202392578125, "reduction": 99.89904088844018, "validation": {"accuracy": 77.73851590106007}, "test": {"accuracy": 76.36363636363637}}, "0.4": {"reduction_in_attributes": 66.66666666666667, "time": 0.05254983901977539, "reduction": 99.89904088844018, "validation": {"accuracy": 77.73851590106007}, "test": {"accuracy": 76.36363636363637}}, "0.5": {"reduction_in_attributes": 66.66666666666667, "time": 0.05218505859375, "reduction": 99.89904088844018, "validation": {"accuracy": 77.73851590106007}, "test": {"accuracy": 76.36363636363637}}, "0.6": {"reduction_in_attributes": 66.66666666666667, "time": 0.052459716796875, "reduction": 99.89904088844018, "validation": {"accuracy": 77.73851590106007}, "test": {"accuracy": 76.36363636363637}}, "0.7": {"reduction_in_attributes": 66.66666666666667, "time": 0.052204132080078125, "reduction": 99.89904088844018, "validation": {"accuracy": 77.73851590106007}, "test": {"accuracy": 76.36363636363637}}, "0.8": {"reduction_in_attributes": 66.66666666666667, "time": 0.05215001106262207, "reduction": 99.89904088844018, "validation": {"accuracy": 77.73851590106007}, "test": {"accuracy": 76.36363636363637}}, "0.9": {"reduction_in_attributes": 66.66666666666667, "time": 0.052130937576293945, "reduction": 99.89904088844018, "validation": {"accuracy": 77.73851590106007}, "test": {"accuracy": 76.36363636363637}}, "1.0": {"reduction_in_attributes": 66.66666666666667, "time": 0.05220198631286621, "reduction": 99.89904088844018, "validation": {"accuracy": 77.73851590106007}, "test": {"accuracy": 76.36363636363637}}}, "6": {"0.0": {"reduction_in_attributes": 66.66666666666667, "time": 0.07242417335510254, "reduction": 0.0, "validation": {"accuracy": 77.9404341241797}, "test": {"accuracy": 74.54545454545455}}, "0.1": {"reduction_in_attributes": 66.66666666666667, "time": 0.05281424522399902, "reduction": 99.89904088844018, "validation": {"accuracy": 77.9404341241797}, "test": {"accuracy": 74.54545454545455}}, "0.2": {"reduction_in_attributes": 66.66666666666667, "time": 0.05446195602416992, "reduction": 99.89904088844018, "validation": {"accuracy": 77.9404341241797}, "test": {"accuracy": 74.54545454545455}}, "0.3": {"reduction_in_attributes": 66.66666666666667, "time": 0.05247998237609863, "reduction": 99.89904088844018, "validation": {"accuracy": 77.9404341241797}, "test": {"accuracy": 74.54545454545455}}, "0.4": {"reduction_in_attributes": 66.66666666666667, "time": 0.052546024322509766, "reduction": 99.89904088844018, "validation": {"accuracy": 77.9404341241797}, "test": {"accuracy": 74.54545454545455}}, "0.5": {"reduction_in_attributes": 66.66666666666667, "time": 0.05246901512145996, "reduction": 99.89904088844018, "validation": {"accuracy": 77.9404341241797}, "test": {"accuracy": 74.54545454545455}}, "0.6": {"reduction_in_attributes": 66.66666666666667, "time": 0.05238199234008789,