{"3": {"0.0": {"reduction_in_attributes": 66.66666666666667, "time": 123.45775890350342, "reduction": 12.670844229535694, "validation": {"accuracy": 61.21774312922484}, "test": {"accuracy": 61.04203670811131}}, "0.1": {"reduction_in_attributes": 66.66666666666667, "time": 127.76318311691284, "reduction": 26.90251805068996, "validation": {"accuracy": 61.22596667817963}, "test": {"accuracy": 61.101243339254}}, "0.2": {"reduction_in_attributes": 66.66666666666667, "time": 101.44178104400635, "reduction": 68.7422904228549, "validation": {"accuracy": 64.13545829838326}, "test": {"accuracy": 64.12078152753108}}, "0.3": {"reduction_in_attributes": 66.66666666666667, "time": 92.66188502311707, "reduction": 83.51671847502509, "validation": {"accuracy": 65.00879919738162}, "test": {"accuracy": 65.33451746595618}}, "0.4": {"reduction_in_attributes": 66.66666666666667, "time": 88.4719569683075, "reduction": 87.91138303646322, "validation": {"accuracy": 65.57951349484384}, "test": {"accuracy": 65.67495559502665}}, "0.5": {"reduction_in_attributes": 66.66666666666667, "time": 92.42800903320312, "reduction": 90.29292281376951, "validation": {"accuracy": 65.69135376062893}, "test": {"accuracy": 65.66015393724098}}, "0.6": {"reduction_in_attributes": 66.66666666666667, "time": 89.22113108634949, "reduction": 91.46231147514021, "validation": {"accuracy": 65.73576092498479}, "test": {"accuracy": 65.76376554174067}}, "0.7": {"reduction_in_attributes": 66.66666666666667, "time": 82.76041221618652, "reduction": 92.24190391605401, "validation": {"accuracy": 65.74891860331245}, "test": {"accuracy": 65.73416222616933}}, "0.8": {"reduction_in_attributes": 66.66666666666667, "time": 82.59971904754639, "reduction": 92.98531274156674, "validation": {"accuracy": 65.7702998305949}, "test": {"accuracy": 65.77856719952635}}, "0.9": {"reduction_in_attributes": 66.66666666666667, "time": 80.37919521331787, "reduction": 94.02476932945181, "validation": {"accuracy": 65.78016808934063}, "test": {"accuracy": 65.77856719952635}}, "1.0": {"reduction_in_attributes": 66.66666666666667, "time": 77.33377718925476, "reduction": 94.02805874903373, "validation": {"accuracy": 65.78016808934063}, "test": {"accuracy": 65.77856719952635}}}, "4": {"0.0": {"reduction_in_attributes": 66.66666666666667, "time": 128.19069910049438, "reduction": 12.927418956925052, "validation": {"accuracy": 61.53023798950675}, "test": {"accuracy": 61.72291296625222}}, "0.1": {"reduction_in_attributes": 66.66666666666667, "time": 118.02788925170898, "reduction": 21.953586289699178, "validation": {"accuracy": 61.54668508741633}, "test": {"accuracy": 61.693309650680874}}, "0.2": {"reduction_in_attributes": 66.66666666666667, "time": 81.61823391914368, "reduction": 68.58604299271394, "validation": {"accuracy": 63.89204124932155}, "test": {"accuracy": 64.3724097098875}}, "0.3": {"reduction_in_attributes": 66.66666666666667, "time": 75.28349208831787, "reduction": 83.39994407986711, "validation": {"accuracy": 65.21932205062416}, "test": {"accuracy": 65.24570751924216}}, "0.4": {"reduction_in_attributes": 66.66666666666667, "time": 74.00369215011597, "reduction": 88.12355059949672, "validation": {"accuracy": 65.54661929902468}, "test": {"accuracy": 65.61574896388396}}, "0.5": {"reduction_in_attributes": 66.66666666666667, "time": 73.2573790550232, "reduction": 90.44917024391046, "validation": {"accuracy": 65.66503840397363}, "test": {"accuracy": 65.60094730609828}}, "0.6": {"reduction_in_attributes": 66.66666666666667, "time": 72.88657784461975, "reduction": 91.57250703113435, "validation": {"accuracy": 65.6847749214651}, "test": {"accuracy": 65.61574896388396}}, "0.7": {"reduction_in_attributes": 66.66666666666667, "time": 73.57694482803345, "reduction": 92.35209947204815, "validation": {"accuracy": 65.71931382707521}, "test": {"accuracy": 65.66015393724098}}, "0.8": {"reduction_in_attributes": 66.66666666666667, "time": 70.50955390930176, "reduction": 93.02478577654972, "validation": {"accuracy": 65.73576092498479}, "test": {"accuracy": 65.68975725281231}}, "0.9": {"reduction_in_attributes": 66.66666666666667, "time": 67.46983885765076, "reduction": 94.07082120359863, "validation": {"accuracy": 65.75714215226724}, "test": {"accuracy": 65.70455891059798}}, "1.0": {"reduction_in_attributes": 66.66666666666667, "time": 66.89676475524902, "reduction": 94.07411062318054, "validation": {"accuracy": 65.75714215226724}, "test": {"accuracy": 65.70455891059798}}}, "5": {"0.0": {"reduction_in_attributes": 66.66666666666667, "time": 113.27038884162903, "reduction": 12.559003963750593, "validation": {"accuracy": 61.44142366079506}, "test": {"accuracy": 61.116044997039666}}, "0.1": {"reduction_in_attributes": 66.66666666666667, "time": 123.0014488697052, "reduction": 21.910823835134284, "validation": {"accuracy": 61.45293662933176}, "test": {"accuracy": 61.13084665482534}}, "0.2": {"reduction_in_attributes": 66.66666666666667, "time": 91.50131797790527, "reduction": 68.39032252759, "validation": {"accuracy": 64.15190539629282}, "test": {"accuracy": 64.13558318531676}}, "0.3": {"reduction_in_attributes": 66.66666666666667, "time": 89.7259430885315, "reduction": 83.13021167415009, "validation": {"accuracy": 65.10090294567523}, "test": {"accuracy": 65.26050917702783}}, "0.4": {"reduction_in_attributes": 66.66666666666667, "time": 87.49487781524658, "reduction": 88.10545879179618, "validation": {"accuracy": 65.56800052630713}, "test": {"accuracy": 65.63055062166963}}, "0.5": {"reduction_in_attributes": 66.66666666666667, "time": 84.00814628601074, "reduction": 90.47384089077482, "validation": {"accuracy": 65.650236015855}, "test": {"accuracy": 65.6453522794553}}, "0.6": {"reduction_in_attributes": 66.66666666666667, "time": 89.33648824691772, "reduction": 91.54783638427, "validation": {"accuracy": 65.66997253334648}, "test": {"accuracy": 65.67495559502665}}, "0.7": {"reduction_in_attributes": 66.66666666666667, "time": 84.25047707557678, "reduction": 92.36032302100294, "validation": {"accuracy": 65.69464318021086}, "test": {"accuracy": 65.70455891059798}}, "0.8": {"reduction_in_attributes": 66.66666666666667, "time": 83.1382782459259, "reduction": 93.09879771714282, "validation": {"accuracy": 65.70451143895659}, "test": {"accuracy": 65.71936056838365}}, "0.9": {"reduction_in_attributes": 66.66666666666667, "time": 77.84053683280945, "reduction": 94.13167546586405, "validation": {"accuracy": 65.72918208582095}, "test": {"accuracy": 65.748963883955}}, "1.0": {"reduction_in_attributes": 66.66666666666667, "time": 77.13705086708069, "reduction": 94.13660959523692, "validation": {"accuracy": 65.72918208582095}, "test": {"accuracy": 65.748963883955}}}, "6": {"0.0": {"reduction_in_attributes": 66.66666666666667, "time": 127.59755802154541, "reduction": 12.672488939326653, "validation": {"accuracy": 61.350964622292395}, "test": {"accuracy": 61.42687981053878}}, "0.1": {"reduction_in_attributes": 66.66666666666667, "time": 120.53131294250488, "reduction": 22.218384566043326, "validation": {"accuracy": 61.38221410832059}, "test": {"accuracy": 61.41207815275311}}, "0.2": {"reduction_in_attributes": 66.66666666666667, "time": 100.28940105438232, "reduction": 68.21104916037567, "validation": {"accuracy": 63.998947385733786}, "test": {"accuracy": 63.765541740674955}}, "0.3": {"reduction_in_attributes": 66.66666666666667, "time": 94.15114092826843, "reduction": 83.0529103139751, "validation": {"accuracy": 65.2028749527146}, "test": {"accuracy": 65.45293072824157}}, "0.4": {"reduction_in_attributes": 66.66666666666667, "time": 88.5561261177063, "reduction": 88.12684001907863, "validation": {"accuracy": 65.57951349484384}, "test": {"accuracy": 65.58614564831261}}, "0.5": {"reduction_in_attributes": 66.66666666666667, "time": 84.97705388069153, "reduction": 90.33732997812535, "validation": {"accuracy": 65.6469465962731}, "test": {"accuracy": 65.68975725281231}}, "0.6": {"reduction_in_attributes": 66.66666666666667, "time": 87.40880942344666,