{"3": {"0.0": {"reduction_in_attributes": 98.88888888888889, "time": 0.004573822021484375, "reduction": 8.333333333333337, "validation": {"accuracy": 65.4320987654321}, "test": {"accuracy": 25.0}}, "0.1": {"reduction_in_attributes": 98.88888888888889, "time": 0.004873991012573242, "reduction": 12.037037037037035, "validation": {"accuracy": 55.55555555555556}, "test": {"accuracy": 11.11111111111111}}, "0.2": {"reduction_in_attributes": 98.88888888888889, "time": 0.004464149475097656, "reduction": 16.049382716049386, "validation": {"accuracy": 67.28395061728395}, "test": {"accuracy": 5.555555555555555}}, "0.3": {"reduction_in_attributes": 98.88888888888889, "time": 0.004293203353881836, "reduction": 25.92592592592593, "validation": {"accuracy": 58.0246913580247}, "test": {"accuracy": 13.88888888888889}}, "0.4": {"reduction_in_attributes": 98.88888888888889, "time": 0.004209280014038086, "reduction": 34.25925925925925, "validation": {"accuracy": 56.481481481481474}, "test": {"accuracy": 13.88888888888889}}, "0.5": {"reduction_in_attributes": 98.88888888888889, "time": 0.004187107086181641, "reduction": 37.65432098765432, "validation": {"accuracy": 56.17283950617284}, "test": {"accuracy": 8.333333333333332}}, "0.6": {"reduction_in_attributes": 98.88888888888889, "time": 0.004038095474243164, "reduction": 47.53086419753087, "validation": {"accuracy": 48.148148148148145}, "test": {"accuracy": 5.555555555555555}}, "0.7": {"reduction_in_attributes": 98.88888888888889, "time": 0.003953218460083008, "reduction": 56.790123456790134, "validation": {"accuracy": 47.839506172839506}, "test": {"accuracy": 19.444444444444446}}, "0.8": {"reduction_in_attributes": 98.88888888888889, "time": 0.003877878189086914, "reduction": 60.49382716049383, "validation": {"accuracy": 41.9753086419753}, "test": {"accuracy": 5.555555555555555}}, "0.9": {"reduction_in_attributes": 98.88888888888889, "time": 0.0031659603118896484, "reduction": 72.22222222222221, "validation": {"accuracy": 34.5679012345679}, "test": {"accuracy": 11.11111111111111}}, "1.0": {"reduction_in_attributes": 98.88888888888889, "time": 0.0036351680755615234, "reduction": 95.37037037037037, "validation": {"accuracy": 21.91358024691358}, "test": {"accuracy": 11.11111111111111}}}, "4": {"0.0": {"reduction_in_attributes": 98.88888888888889, "time": 0.004591226577758789, "reduction": 5.246913580246915, "validation": {"accuracy": 66.35802469135803}, "test": {"accuracy": 22.22222222222222}}, "0.1": {"reduction_in_attributes": 98.88888888888889, "time": 0.0043637752532958984, "reduction": 22.22222222222222, "validation": {"accuracy": 63.580246913580254}, "test": {"accuracy": 8.333333333333332}}, "0.2": {"reduction_in_attributes": 98.88888888888889, "time": 0.0043659210205078125, "reduction": 21.604938271604933, "validation": {"accuracy": 63.580246913580254}, "test": {"accuracy": 13.88888888888889}}, "0.3": {"reduction_in_attributes": 98.88888888888889, "time": 0.004265308380126953, "reduction": 25.92592592592593, "validation": {"accuracy": 58.95061728395061}, "test": {"accuracy": 19.444444444444446}}, "0.4": {"reduction_in_attributes": 98.88888888888889, "time": 0.004311084747314453, "reduction": 26.543209876543205, "validation": {"accuracy": 53.39506172839506}, "test": {"accuracy": 19.444444444444446}}, "0.5": {"reduction_in_attributes": 98.88888888888889, "time": 0.004229068756103516, "reduction": 32.71604938271605, "validation": {"accuracy": 55.24691358024691}, "test": {"accuracy": 19.444444444444446}}, "0.6": {"reduction_in_attributes": 98.88888888888889, "time": 0.00403594970703125, "reduction": 44.44444444444444, "validation": {"accuracy": 49.691358024691354}, "test": {"accuracy": 19.444444444444446}}, "0.7": {"reduction_in_attributes": 98.88888888888889, "time": 0.0040018558502197266, "reduction": 48.76543209876543, "validation": {"accuracy": 47.839506172839506}, "test": {"accuracy": 13.88888888888889}}, "0.8": {"reduction_in_attributes": 98.88888888888889, "time": 0.0032682418823242188, "reduction": 56.48148148148149, "validation": {"accuracy": 45.67901234567901}, "test": {"accuracy": 16.666666666666664}}, "0.9": {"reduction_in_attributes": 98.88888888888889, "time": 0.0039141178131103516, "reduction": 67.5925925925926, "validation": {"accuracy": 33.95061728395062}, "test": {"accuracy": 2.7777777777777777}}, "1.0": {"reduction_in_attributes": 98.88888888888889, "time": 0.0035409927368164062, "reduction": 95.37037037037037, "validation": {"accuracy": 22.530864197530864}, "test": {"accuracy": 30.555555555555557}}}, "5": {"0.0": {"reduction_in_attributes": 98.88888888888889, "time": 0.0043828487396240234, "reduction": 6.79012345679012, "validation": {"accuracy": 71.29629629629629}, "test": {"accuracy": 13.88888888888889}}, "0.1": {"reduction_in_attributes": 98.88888888888889, "time": 0.004694938659667969, "reduction": 14.814814814814813, "validation": {"accuracy": 62.96296296296296}, "test": {"accuracy": 27.77777777777778}}, "0.2": {"reduction_in_attributes": 98.88888888888889, "time": 0.0042798519134521484, "reduction": 14.50617283950617, "validation": {"accuracy": 56.481481481481474}, "test": {"accuracy": 11.11111111111111}}, "0.3": {"reduction_in_attributes": 98.88888888888889, "time": 0.004236698150634766, "reduction": 29.01234567901234, "validation": {"accuracy": 58.0246913580247}, "test": {"accuracy": 16.666666666666664}}, "0.4": {"reduction_in_attributes": 98.88888888888889, "time": 0.0040891170501708984, "reduction": 32.407407407407405, "validation": {"accuracy": 53.086419753086425}, "test": {"accuracy": 16.666666666666664}}, "0.5": {"reduction_in_attributes": 98.88888888888889, "time": 0.004082202911376953, "reduction": 33.95061728395061, "validation": {"accuracy": 54.629629629629626}, "test": {"accuracy": 11.11111111111111}}, "0.6": {"reduction_in_attributes": 98.88888888888889, "time": 0.004062175750732422, "reduction": 40.123456790123456, "validation": {"accuracy": 51.23456790123457}, "test": {"accuracy": 8.333333333333332}}, "0.7": {"reduction_in_attributes": 98.88888888888889, "time": 0.0037686824798583984, "reduction": 54.32098765432099, "validation": {"accuracy": 47.839506172839506}, "test": {"accuracy": 16.666666666666664}}, "0.8": {"reduction_in_attributes": 98.88888888888889, "time": 0.00376129150390625, "reduction": 60.49382716049383, "validation": {"accuracy": 41.9753086419753}, "test": {"accuracy": 13.88888888888889}}, "0.9": {"reduction_in_attributes": 98.88888888888889, "time": 0.003796100616455078, "reduction": 67.5925925925926, "validation": {"accuracy": 33.0246913580247}, "test": {"accuracy": 5.555555555555555}}, "1.0": {"reduction_in_attributes": 98.88888888888889, "time": 0.003579854965209961, "reduction": 95.37037037037037, "validation": {"accuracy": 14.19753086419753}, "test": {"accuracy": 11.11111111111111}}}, "6": {"0.0": {"reduction_in_attributes": 98.88888888888889, "time": 0.004448652267456055, "reduction": 7.716049382716051, "validation": {"accuracy": 65.4320987654321}, "test": {"accuracy": 13.88888888888889}}, "0.1": {"reduction_in_attributes": 98.88888888888889, "time": 0.004240989685058594, "reduction": 18.518518518518523, "validation": {"accuracy": 65.74074074074075}, "test": {"accuracy": 11.11111111111111}}, "0.2": {"reduction_in_attributes": 98.88888888888889, "time": 0.004148960113525391, "reduction": 19.444444444444443, "validation": {"accuracy": 62.34567901234568}, "test": {"accuracy": 22.22222222222222}}, "0.3": {"reduction_in_attributes": 98.88888888888889, "time": 0.004045009613037109, "reduction": 28.395061728395067, "validation": {"accuracy": 58.95061728395061}, "test": {"accuracy": 16.666666666666664}}, "0.4": {"reduction_in_attributes": 98.88888888888889, "time": 0.004094123840332031, "reduction": 31.172839506172846, "validation": {"accuracy": 61.419753086419746}, "test": {"accuracy": 13.88888888888889}}, "0.5": {"reduction_in_attributes": 98.88888888888889, "time": 0.0037190914154052734, "reduction": 36.419753086419746,