{"3": {"0.0": {"reduction_in_attributes": 75.0, "time": 0.0010371208190917969, "reduction": 6.944444444444442, "validation": {"accuracy": 59.72222222222222}, "test": {"accuracy": 68.75}}, "0.1": {"reduction_in_attributes": 75.0, "time": 0.0013971328735351562, "reduction": 51.388888888888886, "validation": {"accuracy": 59.72222222222222}, "test": {"accuracy": 68.75}}, "0.2": {"reduction_in_attributes": 75.0, "time": 0.0011420249938964844, "reduction": 97.91666666666666, "validation": {"accuracy": 54.166666666666664}, "test": {"accuracy": 50.0}}, "0.3": {"reduction_in_attributes": 75.0, "time": 0.0013780593872070312, "reduction": 97.91666666666666, "validation": {"accuracy": 54.861111111111114}, "test": {"accuracy": 50.0}}, "0.4": {"reduction_in_attributes": 75.0, "time": 0.0008609294891357422, "reduction": 97.91666666666666, "validation": {"accuracy": 54.861111111111114}, "test": {"accuracy": 50.0}}, "0.5": {"reduction_in_attributes": 75.0, "time": 0.0009951591491699219, "reduction": 61.111111111111114, "validation": {"accuracy": 31.25}, "test": {"accuracy": 31.25}}, "0.6": {"reduction_in_attributes": 75.0, "time": 0.0009331703186035156, "reduction": 97.91666666666666, "validation": {"accuracy": 54.166666666666664}, "test": {"accuracy": 50.0}}, "0.7": {"reduction_in_attributes": 75.0, "time": 0.0011992454528808594, "reduction": 97.91666666666666, "validation": {"accuracy": 54.166666666666664}, "test": {"accuracy": 50.0}}, "0.8": {"reduction_in_attributes": 75.0, "time": 0.0010099411010742188, "reduction": 97.91666666666666, "validation": {"accuracy": 54.166666666666664}, "test": {"accuracy": 50.0}}, "0.9": {"reduction_in_attributes": 75.0, "time": 0.0008409023284912109, "reduction": 97.91666666666666, "validation": {"accuracy": 54.861111111111114}, "test": {"accuracy": 56.25}}, "1.0": {"reduction_in_attributes": 75.0, "time": 0.0008618831634521484, "reduction": 97.91666666666666, "validation": {"accuracy": 54.861111111111114}, "test": {"accuracy": 50.0}}}, "4": {"0.0": {"reduction_in_attributes": 75.0, "time": 0.0011439323425292969, "reduction": 0.0, "validation": {"accuracy": 36.80555555555556}, "test": {"accuracy": 31.25}}, "0.1": {"reduction_in_attributes": 75.0, "time": 0.0011708736419677734, "reduction": 34.02777777777778, "validation": {"accuracy": 36.80555555555556}, "test": {"accuracy": 31.25}}, "0.2": {"reduction_in_attributes": 75.0, "time": 0.0008697509765625, "reduction": 88.88888888888889, "validation": {"accuracy": 54.166666666666664}, "test": {"accuracy": 56.25}}, "0.3": {"reduction_in_attributes": 75.0, "time": 0.0008442401885986328, "reduction": 88.19444444444444, "validation": {"accuracy": 59.72222222222222}, "test": {"accuracy": 68.75}}, "0.4": {"reduction_in_attributes": 75.0, "time": 0.0008158683776855469, "reduction": 97.91666666666666, "validation": {"accuracy": 53.47222222222222}, "test": {"accuracy": 56.25}}, "0.5": {"reduction_in_attributes": 75.0, "time": 0.0010690689086914062, "reduction": 97.91666666666666, "validation": {"accuracy": 54.166666666666664}, "test": {"accuracy": 56.25}}, "0.6": {"reduction_in_attributes": 75.0, "time": 0.0015649795532226562, "reduction": 97.91666666666666, "validation": {"accuracy": 53.47222222222222}, "test": {"accuracy": 56.25}}, "0.7": {"reduction_in_attributes": 75.0, "time": 0.0011141300201416016, "reduction": 97.91666666666666, "validation": {"accuracy": 54.166666666666664}, "test": {"accuracy": 56.25}}, "0.8": {"reduction_in_attributes": 75.0, "time": 0.0008931159973144531, "reduction": 61.111111111111114, "validation": {"accuracy": 31.25}, "test": {"accuracy": 37.5}}, "0.9": {"reduction_in_attributes": 75.0, "time": 0.0008170604705810547, "reduction": 97.91666666666666, "validation": {"accuracy": 54.166666666666664}, "test": {"accuracy": 56.25}}, "1.0": {"reduction_in_attributes": 75.0, "time": 0.0008080005645751953, "reduction": 97.91666666666666, "validation": {"accuracy": 54.166666666666664}, "test": {"accuracy": 62.5}}}, "5": {"0.0": {"reduction_in_attributes": 75.0, "time": 0.0010418891906738281, "reduction": 8.333333333333337, "validation": {"accuracy": 61.111111111111114}, "test": {"accuracy": 43.75}}, "0.1": {"reduction_in_attributes": 75.0, "time": 0.0008940696716308594, "reduction": 63.888888888888886, "validation": {"accuracy": 52.77777777777778}, "test": {"accuracy": 62.5}}, "0.2": {"reduction_in_attributes": 75.0, "time": 0.0008618831634521484, "reduction": 41.666666666666664, "validation": {"accuracy": 32.63888888888889}, "test": {"accuracy": 18.75}}, "0.3": {"reduction_in_attributes": 75.0, "time": 0.0008528232574462891, "reduction": 41.666666666666664, "validation": {"accuracy": 32.63888888888889}, "test": {"accuracy": 18.75}}, "0.4": {"reduction_in_attributes": 75.0, "time": 0.0008587837219238281, "reduction": 59.72222222222222, "validation": {"accuracy": 32.63888888888889}, "test": {"accuracy": 18.75}}, "0.5": {"reduction_in_attributes": 75.0, "time": 0.0013740062713623047, "reduction": 97.22222222222221, "validation": {"accuracy": 61.111111111111114}, "test": {"accuracy": 68.75}}, "0.6": {"reduction_in_attributes": 75.0, "time": 0.0008687973022460938, "reduction": 97.91666666666666, "validation": {"accuracy": 56.94444444444444}, "test": {"accuracy": 31.25}}, "0.7": {"reduction_in_attributes": 75.0, "time": 0.0008249282836914062, "reduction": 97.91666666666666, "validation": {"accuracy": 52.77777777777778}, "test": {"accuracy": 62.5}}, "0.8": {"reduction_in_attributes": 75.0, "time": 0.0008671283721923828, "reduction": 97.91666666666666, "validation": {"accuracy": 53.47222222222222}, "test": {"accuracy": 68.75}}, "0.9": {"reduction_in_attributes": 75.0, "time": 0.0009930133819580078, "reduction": 97.91666666666666, "validation": {"accuracy": 56.94444444444444}, "test": {"accuracy": 31.25}}, "1.0": {"reduction_in_attributes": 75.0, "time": 0.0010690689086914062, "reduction": 97.91666666666666, "validation": {"accuracy": 53.47222222222222}, "test": {"accuracy": 68.75}}}, "6": {"0.0": {"reduction_in_attributes": 75.0, "time": 0.0011360645294189453, "reduction": 7.638888888888884, "validation": {"accuracy": 55.55555555555556}, "test": {"accuracy": 37.5}}, "0.1": {"reduction_in_attributes": 75.0, "time": 0.0009982585906982422, "reduction": 50.0, "validation": {"accuracy": 60.416666666666664}, "test": {"accuracy": 50.0}}, "0.2": {"reduction_in_attributes": 75.0, "time": 0.0009870529174804688, "reduction": 54.16666666666667, "validation": {"accuracy": 60.416666666666664}, "test": {"accuracy": 50.0}}, "0.3": {"reduction_in_attributes": 75.0, "time": 0.0013682842254638672, "reduction": 27.083333333333336, "validation": {"accuracy": 30.555555555555557}, "test": {"accuracy": 37.5}}, "0.4": {"reduction_in_attributes": 75.0, "time": 0.0009129047393798828, "reduction": 86.80555555555556, "validation": {"accuracy": 60.416666666666664}, "test": {"accuracy": 50.0}}, "0.5": {"reduction_in_attributes": 75.0, "time": 0.0008389949798583984, "reduction": 97.22222222222221, "validation": {"accuracy": 60.416666666666664}, "test": {"accuracy": 50.0}}, "0.6": {"reduction_in_attributes": 75.0, "time": 0.0010690689086914062, "reduction": 97.91666666666666, "validation": {"accuracy": 55.55555555555556}, "test": {"accuracy": 37.5}}, "0.7": {"reduction_in_attributes": 75.0, "time": 0.0009639263153076172, "reduction": 97.91666666666666, "validation": {"accuracy": 54.861111111111114}, "test": {"accuracy": 50.0}}, "0.8": {"reduction_in_attributes": 75.0, "time": 0.0008208751678466797, "reduction": 97.91666666666666, "validation": {"accuracy": 55.55555555555556}, "test": {"accuracy": 37.5}}, "0.9": {"reduction_in_attributes": 75.0, "time": 0.001077890396118164, "reduction": 97.91666666666666, "validation": {"accuracy": 52.77777777777778}, "test": {"accuracy": 75.0}}, "1.0": {"reduction_in_attributes": 75.0, "time": 0.0010688304901123047, "reduction": 97.91666666666666, "validation": {"accuracy": 55.55555555555556}, "test": {"accuracy": 37.5}}}, "7": {"0.0": {"reduction_in_attributes": 75.0,