{"3": {"0.0": {"reduction_in_attributes": 53.84615384615385, "time": 0.0012311935424804688, "reduction": 70.0, "validation": {"accuracy": 66.875}, "test": {"accuracy": 38.88888888888889}}, "0.1": {"reduction_in_attributes": 53.84615384615385, "time": 0.0012478828430175781, "reduction": 73.75, "validation": {"accuracy": 64.375}, "test": {"accuracy": 38.88888888888889}}, "0.2": {"reduction_in_attributes": 53.84615384615385, "time": 0.0012233257293701172, "reduction": 76.25, "validation": {"accuracy": 64.375}, "test": {"accuracy": 38.88888888888889}}, "0.3": {"reduction_in_attributes": 53.84615384615385, "time": 0.0011529922485351562, "reduction": 76.25, "validation": {"accuracy": 64.375}, "test": {"accuracy": 38.88888888888889}}, "0.4": {"reduction_in_attributes": 53.84615384615385, "time": 0.001129150390625, "reduction": 80.625, "validation": {"accuracy": 61.25000000000001}, "test": {"accuracy": 44.44444444444444}}, "0.5": {"reduction_in_attributes": 53.84615384615385, "time": 0.002010822296142578, "reduction": 83.125, "validation": {"accuracy": 60.62499999999999}, "test": {"accuracy": 44.44444444444444}}, "0.6": {"reduction_in_attributes": 53.84615384615385, "time": 0.0010602474212646484, "reduction": 88.125, "validation": {"accuracy": 55.625}, "test": {"accuracy": 44.44444444444444}}, "0.7": {"reduction_in_attributes": 53.84615384615385, "time": 0.0017800331115722656, "reduction": 91.875, "validation": {"accuracy": 57.49999999999999}, "test": {"accuracy": 44.44444444444444}}, "0.8": {"reduction_in_attributes": 53.84615384615385, "time": 0.001004934310913086, "reduction": 96.875, "validation": {"accuracy": 61.25000000000001}, "test": {"accuracy": 44.44444444444444}}, "0.9": {"reduction_in_attributes": 53.84615384615385, "time": 0.0009448528289794922, "reduction": 98.125, "validation": {"accuracy": 61.875}, "test": {"accuracy": 44.44444444444444}}, "1.0": {"reduction_in_attributes": 53.84615384615385, "time": 0.0011997222900390625, "reduction": 98.125, "validation": {"accuracy": 60.62499999999999}, "test": {"accuracy": 38.88888888888889}}}, "4": {"0.0": {"reduction_in_attributes": 61.53846153846154, "time": 0.001241922378540039, "reduction": 66.25, "validation": {"accuracy": 59.375}, "test": {"accuracy": 61.111111111111114}}, "0.1": {"reduction_in_attributes": 61.53846153846154, "time": 0.001264810562133789, "reduction": 68.75, "validation": {"accuracy": 61.25000000000001}, "test": {"accuracy": 50.0}}, "0.2": {"reduction_in_attributes": 61.53846153846154, "time": 0.0016999244689941406, "reduction": 70.625, "validation": {"accuracy": 71.25}, "test": {"accuracy": 55.55555555555556}}, "0.3": {"reduction_in_attributes": 61.53846153846154, "time": 0.001134634017944336, "reduction": 75.625, "validation": {"accuracy": 67.5}, "test": {"accuracy": 61.111111111111114}}, "0.4": {"reduction_in_attributes": 61.53846153846154, "time": 0.001851797103881836, "reduction": 77.5, "validation": {"accuracy": 66.25}, "test": {"accuracy": 61.111111111111114}}, "0.5": {"reduction_in_attributes": 61.53846153846154, "time": 0.0012898445129394531, "reduction": 79.375, "validation": {"accuracy": 68.75}, "test": {"accuracy": 66.66666666666666}}, "0.6": {"reduction_in_attributes": 61.53846153846154, "time": 0.001127004623413086, "reduction": 86.25, "validation": {"accuracy": 67.5}, "test": {"accuracy": 55.55555555555556}}, "0.7": {"reduction_in_attributes": 61.53846153846154, "time": 0.0011241436004638672, "reduction": 90.625, "validation": {"accuracy": 66.25}, "test": {"accuracy": 66.66666666666666}}, "0.8": {"reduction_in_attributes": 61.53846153846154, "time": 0.0009620189666748047, "reduction": 96.875, "validation": {"accuracy": 68.75}, "test": {"accuracy": 50.0}}, "0.9": {"reduction_in_attributes": 61.53846153846154, "time": 0.0008940696716308594, "reduction": 98.125, "validation": {"accuracy": 70.0}, "test": {"accuracy": 55.55555555555556}}, "1.0": {"reduction_in_attributes": 61.53846153846154, "time": 0.0008602142333984375, "reduction": 98.125, "validation": {"accuracy": 65.0}, "test": {"accuracy": 50.0}}}, "5": {"0.0": {"reduction_in_attributes": 53.84615384615385, "time": 0.0012269020080566406, "reduction": 62.5, "validation": {"accuracy": 68.125}, "test": {"accuracy": 44.44444444444444}}, "0.1": {"reduction_in_attributes": 53.84615384615385, "time": 0.0013370513916015625, "reduction": 65.625, "validation": {"accuracy": 64.375}, "test": {"accuracy": 44.44444444444444}}, "0.2": {"reduction_in_attributes": 53.84615384615385, "time": 0.0013570785522460938, "reduction": 67.5, "validation": {"accuracy": 65.0}, "test": {"accuracy": 44.44444444444444}}, "0.3": {"reduction_in_attributes": 53.84615384615385, "time": 0.0012159347534179688, "reduction": 69.375, "validation": {"accuracy": 61.875}, "test": {"accuracy": 44.44444444444444}}, "0.4": {"reduction_in_attributes": 53.84615384615385, "time": 0.0014257431030273438, "reduction": 70.625, "validation": {"accuracy": 58.12500000000001}, "test": {"accuracy": 38.88888888888889}}, "0.5": {"reduction_in_attributes": 53.84615384615385, "time": 0.0011110305786132812, "reduction": 76.25, "validation": {"accuracy": 56.875}, "test": {"accuracy": 38.88888888888889}}, "0.6": {"reduction_in_attributes": 53.84615384615385, "time": 0.001741647720336914, "reduction": 83.125, "validation": {"accuracy": 56.25}, "test": {"accuracy": 38.88888888888889}}, "0.7": {"reduction_in_attributes": 53.84615384615385, "time": 0.001049041748046875, "reduction": 91.875, "validation": {"accuracy": 55.625}, "test": {"accuracy": 38.88888888888889}}, "0.8": {"reduction_in_attributes": 53.84615384615385, "time": 0.0011439323425292969, "reduction": 97.5, "validation": {"accuracy": 55.625}, "test": {"accuracy": 27.77777777777778}}, "0.9": {"reduction_in_attributes": 53.84615384615385, "time": 0.0009279251098632812, "reduction": 98.125, "validation": {"accuracy": 48.125}, "test": {"accuracy": 27.77777777777778}}, "1.0": {"reduction_in_attributes": 53.84615384615385, "time": 0.0008618831634521484, "reduction": 98.125, "validation": {"accuracy": 57.49999999999999}, "test": {"accuracy": 27.77777777777778}}}, "6": {"0.0": {"reduction_in_attributes": 53.84615384615385, "time": 0.0012450218200683594, "reduction": 63.125, "validation": {"accuracy": 66.875}, "test": {"accuracy": 44.44444444444444}}, "0.1": {"reduction_in_attributes": 53.84615384615385, "time": 0.0012056827545166016, "reduction": 68.125, "validation": {"accuracy": 66.875}, "test": {"accuracy": 44.44444444444444}}, "0.2": {"reduction_in_attributes": 53.84615384615385, "time": 0.001226186752319336, "reduction": 72.5, "validation": {"accuracy": 66.25}, "test": {"accuracy": 44.44444444444444}}, "0.3": {"reduction_in_attributes": 53.84615384615385, "time": 0.0014221668243408203, "reduction": 74.375, "validation": {"accuracy": 61.875}, "test": {"accuracy": 44.44444444444444}}, "0.4": {"reduction_in_attributes": 53.84615384615385, "time": 0.0011868476867675781, "reduction": 75.625, "validation": {"accuracy": 61.25000000000001}, "test": {"accuracy": 44.44444444444444}}, "0.5": {"reduction_in_attributes": 53.84615384615385, "time": 0.001107931137084961, "reduction": 80.0, "validation": {"accuracy": 54.37499999999999}, "test": {"accuracy": 44.44444444444444}}, "0.6": {"reduction_in_attributes": 53.84615384615385, "time": 0.0010919570922851562, "reduction": 85.0, "validation": {"accuracy": 53.75}, "test": {"accuracy": 44.44444444444444}}, "0.7": {"reduction_in_attributes": 53.84615384615385, "time": 0.0010073184967041016, "reduction": 90.625, "validation": {"accuracy": 51.24999999999999}, "test": {"accuracy": 38.88888888888889}}, "0.8": {"reduction_in_attributes": 53.84615384615385, "time": 0.0009589195251464844, "reduction": 95.625, "validation": {"accuracy": 48.125}, "test": {"accuracy": 38.88888888888889}}, "0.9": {"reduction_in_attributes": 53.84615384615385, "time": 0.0009701251983642578, "reduction": 98.125, "validation": {"accuracy": 48.75}, "test": {"accuracy": 38.88888888888889}},