{"3": {"0.0": {"reduction_in_attributes": 66.66666666666667, "time": 0.003201007843017578, "reduction": 1.0282776349614386, "validation": {"accuracy": 80.20565552699229}, "test": {"accuracy": 79.06976744186046}}, "0.1": {"reduction_in_attributes": 66.66666666666667, "time": 0.0026581287384033203, "reduction": 97.94344473007712, "validation": {"accuracy": 80.20565552699229}, "test": {"accuracy": 79.06976744186046}}, "0.2": {"reduction_in_attributes": 66.66666666666667, "time": 0.002552032470703125, "reduction": 97.94344473007712, "validation": {"accuracy": 80.20565552699229}, "test": {"accuracy": 79.06976744186046}}, "0.3": {"reduction_in_attributes": 66.66666666666667, "time": 0.0024521350860595703, "reduction": 97.94344473007712, "validation": {"accuracy": 80.20565552699229}, "test": {"accuracy": 79.06976744186046}}, "0.4": {"reduction_in_attributes": 66.66666666666667, "time": 0.002482175827026367, "reduction": 97.94344473007712, "validation": {"accuracy": 80.20565552699229}, "test": {"accuracy": 79.06976744186046}}, "0.5": {"reduction_in_attributes": 66.66666666666667, "time": 0.0024340152740478516, "reduction": 99.48586118251927, "validation": {"accuracy": 79.43444730077121}, "test": {"accuracy": 90.69767441860465}}, "0.6": {"reduction_in_attributes": 66.66666666666667, "time": 0.0024302005767822266, "reduction": 99.48586118251927, "validation": {"accuracy": 79.43444730077121}, "test": {"accuracy": 90.69767441860465}}, "0.7": {"reduction_in_attributes": 66.66666666666667, "time": 0.0025300979614257812, "reduction": 99.48586118251927, "validation": {"accuracy": 79.43444730077121}, "test": {"accuracy": 90.69767441860465}}, "0.8": {"reduction_in_attributes": 66.66666666666667, "time": 0.0024149417877197266, "reduction": 99.48586118251927, "validation": {"accuracy": 79.43444730077121}, "test": {"accuracy": 90.69767441860465}}, "0.9": {"reduction_in_attributes": 66.66666666666667, "time": 0.002437114715576172, "reduction": 99.48586118251927, "validation": {"accuracy": 79.43444730077121}, "test": {"accuracy": 90.69767441860465}}, "1.0": {"reduction_in_attributes": 66.66666666666667, "time": 0.002431154251098633, "reduction": 99.48586118251927, "validation": {"accuracy": 79.43444730077121}, "test": {"accuracy": 90.69767441860465}}}, "4": {"0.0": {"reduction_in_attributes": 66.66666666666667, "time": 0.0033516883850097656, "reduction": 1.285347043701801, "validation": {"accuracy": 81.49100257069408}, "test": {"accuracy": 72.09302325581395}}, "0.1": {"reduction_in_attributes": 66.66666666666667, "time": 0.0025458335876464844, "reduction": 97.68637532133675, "validation": {"accuracy": 81.49100257069408}, "test": {"accuracy": 72.09302325581395}}, "0.2": {"reduction_in_attributes": 66.66666666666667, "time": 0.002502918243408203, "reduction": 97.68637532133675, "validation": {"accuracy": 81.49100257069408}, "test": {"accuracy": 72.09302325581395}}, "0.3": {"reduction_in_attributes": 66.66666666666667, "time": 0.0024831295013427734, "reduction": 97.68637532133675, "validation": {"accuracy": 81.49100257069408}, "test": {"accuracy": 72.09302325581395}}, "0.4": {"reduction_in_attributes": 66.66666666666667, "time": 0.0025529861450195312, "reduction": 97.68637532133675, "validation": {"accuracy": 81.49100257069408}, "test": {"accuracy": 72.09302325581395}}, "0.5": {"reduction_in_attributes": 66.66666666666667, "time": 0.002537250518798828, "reduction": 99.48586118251927, "validation": {"accuracy": 80.46272493573264}, "test": {"accuracy": 81.3953488372093}}, "0.6": {"reduction_in_attributes": 66.66666666666667, "time": 0.002480030059814453, "reduction": 99.48586118251927, "validation": {"accuracy": 80.46272493573264}, "test": {"accuracy": 81.3953488372093}}, "0.7": {"reduction_in_attributes": 66.66666666666667, "time": 0.0024619102478027344, "reduction": 99.48586118251927, "validation": {"accuracy": 80.46272493573264}, "test": {"accuracy": 81.3953488372093}}, "0.8": {"reduction_in_attributes": 66.66666666666667, "time": 0.002640962600708008, "reduction": 99.48586118251927, "validation": {"accuracy": 80.46272493573264}, "test": {"accuracy": 81.3953488372093}}, "0.9": {"reduction_in_attributes": 66.66666666666667, "time": 0.0025479793548583984, "reduction": 99.48586118251927, "validation": {"accuracy": 80.46272493573264}, "test": {"accuracy": 81.3953488372093}}, "1.0": {"reduction_in_attributes": 66.66666666666667, "time": 0.0024628639221191406, "reduction": 99.48586118251927, "validation": {"accuracy": 80.46272493573264}, "test": {"accuracy": 81.3953488372093}}}, "5": {"0.0": {"reduction_in_attributes": 66.66666666666667, "time": 0.0032792091369628906, "reduction": 1.285347043701801, "validation": {"accuracy": 81.49100257069408}, "test": {"accuracy": 74.4186046511628}}, "0.1": {"reduction_in_attributes": 66.66666666666667, "time": 0.002485036849975586, "reduction": 97.68637532133675, "validation": {"accuracy": 81.49100257069408}, "test": {"accuracy": 74.4186046511628}}, "0.2": {"reduction_in_attributes": 66.66666666666667, "time": 0.002643108367919922, "reduction": 97.68637532133675, "validation": {"accuracy": 81.49100257069408}, "test": {"accuracy": 74.4186046511628}}, "0.3": {"reduction_in_attributes": 66.66666666666667, "time": 0.0025060176849365234, "reduction": 97.68637532133675, "validation": {"accuracy": 81.49100257069408}, "test": {"accuracy": 74.4186046511628}}, "0.4": {"reduction_in_attributes": 66.66666666666667, "time": 0.0025081634521484375, "reduction": 97.68637532133675, "validation": {"accuracy": 81.49100257069408}, "test": {"accuracy": 74.4186046511628}}, "0.5": {"reduction_in_attributes": 66.66666666666667, "time": 0.0026607513427734375, "reduction": 99.48586118251927, "validation": {"accuracy": 78.9203084832905}, "test": {"accuracy": 74.4186046511628}}, "0.6": {"reduction_in_attributes": 66.66666666666667, "time": 0.0025069713592529297, "reduction": 99.48586118251927, "validation": {"accuracy": 81.49100257069408}, "test": {"accuracy": 74.4186046511628}}, "0.7": {"reduction_in_attributes": 66.66666666666667, "time": 0.0024499893188476562, "reduction": 99.48586118251927, "validation": {"accuracy": 81.49100257069408}, "test": {"accuracy": 74.4186046511628}}, "0.8": {"reduction_in_attributes": 66.66666666666667, "time": 0.0024979114532470703, "reduction": 99.48586118251927, "validation": {"accuracy": 81.49100257069408}, "test": {"accuracy": 74.4186046511628}}, "0.9": {"reduction_in_attributes": 66.66666666666667, "time": 0.002398967742919922, "reduction": 99.48586118251927, "validation": {"accuracy": 81.49100257069408}, "test": {"accuracy": 74.4186046511628}}, "1.0": {"reduction_in_attributes": 66.66666666666667, "time": 0.0024461746215820312, "reduction": 99.48586118251927, "validation": {"accuracy": 81.49100257069408}, "test": {"accuracy": 74.4186046511628}}}, "6": {"0.0": {"reduction_in_attributes": 66.66666666666667, "time": 0.0032520294189453125, "reduction": 1.285347043701801, "validation": {"accuracy": 80.97686375321337}, "test": {"accuracy": 86.04651162790698}}, "0.1": {"reduction_in_attributes": 66.66666666666667, "time": 0.002521991729736328, "reduction": 97.68637532133675, "validation": {"accuracy": 80.97686375321337}, "test": {"accuracy": 86.04651162790698}}, "0.2": {"reduction_in_attributes": 66.66666666666667, "time": 0.0025191307067871094, "reduction": 97.68637532133675, "validation": {"accuracy": 80.97686375321337}, "test": {"accuracy": 86.04651162790698}}, "0.3": {"reduction_in_attributes": 66.66666666666667, "time": 0.0024840831756591797, "reduction": 97.68637532133675, "validation": {"accuracy": 80.97686375321337}, "test": {"accuracy": 86.04651162790698}}, "0.4": {"reduction_in_attributes": 66.66666666666667, "time": 0.0024862289428710938, "reduction": 97.68637532133675, "validation": {"accuracy": 80.97686375321337}, "test": {"accuracy": 86.04651162790698}}, "0.5": {"reduction_in_attributes": 66.66666666666667, "time": 0.002485990524291992, "reduction": 99.48586118251927, "validation": {"accuracy": 78.9203084832905},