{"3": {"0.0": {"reduction_in_attributes": 14.28571428571429, "time": 0.0009479522705078125, "reduction": 82.10526315789474, "validation": {"accuracy": 78.94736842105263}, "test": {"accuracy": 90.9090909090909}}, "0.1": {"reduction_in_attributes": 14.28571428571429, "time": 0.0007121562957763672, "reduction": 83.15789473684211, "validation": {"accuracy": 78.94736842105263}, "test": {"accuracy": 90.9090909090909}}, "0.2": {"reduction_in_attributes": 14.28571428571429, "time": 0.0006811618804931641, "reduction": 90.52631578947368, "validation": {"accuracy": 61.05263157894737}, "test": {"accuracy": 90.9090909090909}}, "0.3": {"reduction_in_attributes": 14.28571428571429, "time": 0.0007967948913574219, "reduction": 92.63157894736842, "validation": {"accuracy": 65.26315789473685}, "test": {"accuracy": 90.9090909090909}}, "0.4": {"reduction_in_attributes": 14.28571428571429, "time": 0.0006909370422363281, "reduction": 96.84210526315789, "validation": {"accuracy": 86.31578947368422}, "test": {"accuracy": 90.9090909090909}}, "0.5": {"reduction_in_attributes": 14.28571428571429, "time": 0.0007770061492919922, "reduction": 97.89473684210527, "validation": {"accuracy": 91.57894736842105}, "test": {"accuracy": 81.81818181818183}}, "0.6": {"reduction_in_attributes": 14.28571428571429, "time": 0.0006160736083984375, "reduction": 97.89473684210527, "validation": {"accuracy": 91.57894736842105}, "test": {"accuracy": 81.81818181818183}}, "0.7": {"reduction_in_attributes": 14.28571428571429, "time": 0.0006067752838134766, "reduction": 97.89473684210527, "validation": {"accuracy": 91.57894736842105}, "test": {"accuracy": 81.81818181818183}}, "0.8": {"reduction_in_attributes": 14.28571428571429, "time": 0.0006248950958251953, "reduction": 97.89473684210527, "validation": {"accuracy": 87.36842105263159}, "test": {"accuracy": 81.81818181818183}}, "0.9": {"reduction_in_attributes": 14.28571428571429, "time": 0.0007421970367431641, "reduction": 97.89473684210527, "validation": {"accuracy": 87.36842105263159}, "test": {"accuracy": 81.81818181818183}}, "1.0": {"reduction_in_attributes": 14.28571428571429, "time": 0.0005600452423095703, "reduction": 97.89473684210527, "validation": {"accuracy": 65.26315789473685}, "test": {"accuracy": 72.72727272727273}}}, "4": {"0.0": {"reduction_in_attributes": 14.28571428571429, "time": 0.0007112026214599609, "reduction": 80.0, "validation": {"accuracy": 66.3157894736842}, "test": {"accuracy": 81.81818181818183}}, "0.1": {"reduction_in_attributes": 14.28571428571429, "time": 0.0007507801055908203, "reduction": 87.36842105263159, "validation": {"accuracy": 73.68421052631578}, "test": {"accuracy": 72.72727272727273}}, "0.2": {"reduction_in_attributes": 14.28571428571429, "time": 0.0006721019744873047, "reduction": 89.47368421052632, "validation": {"accuracy": 75.78947368421053}, "test": {"accuracy": 72.72727272727273}}, "0.3": {"reduction_in_attributes": 14.28571428571429, "time": 0.0006959438323974609, "reduction": 91.57894736842105, "validation": {"accuracy": 80.0}, "test": {"accuracy": 81.81818181818183}}, "0.4": {"reduction_in_attributes": 14.28571428571429, "time": 0.0006651878356933594, "reduction": 96.84210526315789, "validation": {"accuracy": 74.73684210526315}, "test": {"accuracy": 81.81818181818183}}, "0.5": {"reduction_in_attributes": 14.28571428571429, "time": 0.0006322860717773438, "reduction": 97.89473684210527, "validation": {"accuracy": 89.47368421052632}, "test": {"accuracy": 81.81818181818183}}, "0.6": {"reduction_in_attributes": 14.28571428571429, "time": 0.0007307529449462891, "reduction": 97.89473684210527, "validation": {"accuracy": 84.21052631578947}, "test": {"accuracy": 81.81818181818183}}, "0.7": {"reduction_in_attributes": 14.28571428571429, "time": 0.0005941390991210938, "reduction": 97.89473684210527, "validation": {"accuracy": 69.47368421052632}, "test": {"accuracy": 81.81818181818183}}, "0.8": {"reduction_in_attributes": 14.28571428571429, "time": 0.0005869865417480469, "reduction": 97.89473684210527, "validation": {"accuracy": 62.10526315789474}, "test": {"accuracy": 81.81818181818183}}, "0.9": {"reduction_in_attributes": 14.28571428571429, "time": 0.000576019287109375, "reduction": 97.89473684210527, "validation": {"accuracy": 55.78947368421052}, "test": {"accuracy": 81.81818181818183}}, "1.0": {"reduction_in_attributes": 14.28571428571429, "time": 0.0005462169647216797, "reduction": 97.89473684210527, "validation": {"accuracy": 54.736842105263165}, "test": {"accuracy": 81.81818181818183}}}, "5": {"0.0": {"reduction_in_attributes": 14.28571428571429, "time": 0.0007429122924804688, "reduction": 81.05263157894737, "validation": {"accuracy": 75.78947368421053}, "test": {"accuracy": 90.9090909090909}}, "0.1": {"reduction_in_attributes": 14.28571428571429, "time": 0.0007309913635253906, "reduction": 87.36842105263159, "validation": {"accuracy": 73.68421052631578}, "test": {"accuracy": 81.81818181818183}}, "0.2": {"reduction_in_attributes": 14.28571428571429, "time": 0.0007009506225585938, "reduction": 89.47368421052632, "validation": {"accuracy": 76.84210526315789}, "test": {"accuracy": 81.81818181818183}}, "0.3": {"reduction_in_attributes": 14.28571428571429, "time": 0.0006542205810546875, "reduction": 90.52631578947368, "validation": {"accuracy": 76.84210526315789}, "test": {"accuracy": 81.81818181818183}}, "0.4": {"reduction_in_attributes": 14.28571428571429, "time": 0.0007078647613525391, "reduction": 95.78947368421052, "validation": {"accuracy": 90.52631578947368}, "test": {"accuracy": 81.81818181818183}}, "0.5": {"reduction_in_attributes": 14.28571428571429, "time": 0.0007076263427734375, "reduction": 96.84210526315789, "validation": {"accuracy": 90.52631578947368}, "test": {"accuracy": 81.81818181818183}}, "0.6": {"reduction_in_attributes": 14.28571428571429, "time": 0.0007228851318359375, "reduction": 97.89473684210527, "validation": {"accuracy": 89.47368421052632}, "test": {"accuracy": 81.81818181818183}}, "0.7": {"reduction_in_attributes": 14.28571428571429, "time": 0.0006899833679199219, "reduction": 97.89473684210527, "validation": {"accuracy": 89.47368421052632}, "test": {"accuracy": 81.81818181818183}}, "0.8": {"reduction_in_attributes": 14.28571428571429, "time": 0.0006473064422607422, "reduction": 97.89473684210527, "validation": {"accuracy": 89.47368421052632}, "test": {"accuracy": 72.72727272727273}}, "0.9": {"reduction_in_attributes": 14.28571428571429, "time": 0.0005640983581542969, "reduction": 97.89473684210527, "validation": {"accuracy": 90.52631578947368}, "test": {"accuracy": 63.63636363636363}}, "1.0": {"reduction_in_attributes": 14.28571428571429, "time": 0.0007431507110595703, "reduction": 97.89473684210527, "validation": {"accuracy": 91.57894736842105}, "test": {"accuracy": 63.63636363636363}}}, "6": {"0.0": {"reduction_in_attributes": 14.28571428571429, "time": 0.0007948875427246094, "reduction": 81.05263157894737, "validation": {"accuracy": 47.368421052631575}, "test": {"accuracy": 36.36363636363637}}, "0.1": {"reduction_in_attributes": 14.28571428571429, "time": 0.0009200572967529297, "reduction": 83.15789473684211, "validation": {"accuracy": 38.94736842105263}, "test": {"accuracy": 45.45454545454545}}, "0.2": {"reduction_in_attributes": 14.28571428571429, "time": 0.000675201416015625, "reduction": 90.52631578947368, "validation": {"accuracy": 78.94736842105263}, "test": {"accuracy": 72.72727272727273}}, "0.3": {"reduction_in_attributes": 14.28571428571429, "time": 0.0012350082397460938, "reduction": 91.57894736842105, "validation": {"accuracy": 78.94736842105263}, "test": {"accuracy": 72.72727272727273}}, "0.4": {"reduction_in_attributes": 14.28571428571429, "time": 0.000682830810546875, "reduction": 93.6842105263158, "validation": {"accuracy": 78.94736842105263}, "test": {"accuracy": 63.63636363636363}}, "0.5": {"reduction_in_attributes": 14.28571428571429, "time": 0.0009229183197021484, "reduction": 96.84210526315789, "validation": {"accuracy": 94.73684210526315},