{"3": {"0.0": {"reduction_in_attributes": 46.15384615384615, "time": 0.0024938583374023438, "reduction": 36.62551440329218, "validation": {"accuracy": 50.20576131687243}, "test": {"accuracy": 44.44444444444444}}, "0.1": {"reduction_in_attributes": 46.15384615384615, "time": 0.0024547576904296875, "reduction": 42.38683127572016, "validation": {"accuracy": 50.617283950617285}, "test": {"accuracy": 55.55555555555556}}, "0.2": {"reduction_in_attributes": 46.15384615384615, "time": 0.002317667007446289, "reduction": 55.55555555555556, "validation": {"accuracy": 49.794238683127574}, "test": {"accuracy": 55.55555555555556}}, "0.3": {"reduction_in_attributes": 46.15384615384615, "time": 0.0021829605102539062, "reduction": 62.55144032921811, "validation": {"accuracy": 50.20576131687243}, "test": {"accuracy": 51.85185185185185}}, "0.4": {"reduction_in_attributes": 46.15384615384615, "time": 0.0021669864654541016, "reduction": 69.9588477366255, "validation": {"accuracy": 50.617283950617285}, "test": {"accuracy": 44.44444444444444}}, "0.5": {"reduction_in_attributes": 46.15384615384615, "time": 0.001995086669921875, "reduction": 84.77366255144034, "validation": {"accuracy": 56.37860082304527}, "test": {"accuracy": 55.55555555555556}}, "0.6": {"reduction_in_attributes": 46.15384615384615, "time": 0.0019230842590332031, "reduction": 91.35802469135803, "validation": {"accuracy": 51.85185185185185}, "test": {"accuracy": 55.55555555555556}}, "0.7": {"reduction_in_attributes": 46.15384615384615, "time": 0.0018401145935058594, "reduction": 93.4156378600823, "validation": {"accuracy": 49.794238683127574}, "test": {"accuracy": 37.03703703703704}}, "0.8": {"reduction_in_attributes": 46.15384615384615, "time": 0.0017118453979492188, "reduction": 98.76543209876543, "validation": {"accuracy": 48.148148148148145}, "test": {"accuracy": 48.148148148148145}}, "0.9": {"reduction_in_attributes": 46.15384615384615, "time": 0.0016510486602783203, "reduction": 99.1769547325103, "validation": {"accuracy": 57.20164609053497}, "test": {"accuracy": 55.55555555555556}}, "1.0": {"reduction_in_attributes": 46.15384615384615, "time": 0.0016181468963623047, "reduction": 99.1769547325103, "validation": {"accuracy": 50.20576131687243}, "test": {"accuracy": 55.55555555555556}}}, "4": {"0.0": {"reduction_in_attributes": 53.84615384615385, "time": 0.002424955368041992, "reduction": 35.802469135802475, "validation": {"accuracy": 54.73251028806584}, "test": {"accuracy": 70.37037037037037}}, "0.1": {"reduction_in_attributes": 53.84615384615385, "time": 0.0024976730346679688, "reduction": 44.44444444444444, "validation": {"accuracy": 61.31687242798354}, "test": {"accuracy": 70.37037037037037}}, "0.2": {"reduction_in_attributes": 53.84615384615385, "time": 0.0022399425506591797, "reduction": 58.0246913580247, "validation": {"accuracy": 62.139917695473244}, "test": {"accuracy": 70.37037037037037}}, "0.3": {"reduction_in_attributes": 53.84615384615385, "time": 0.00222015380859375, "reduction": 69.54732510288066, "validation": {"accuracy": 55.144032921810705}, "test": {"accuracy": 70.37037037037037}}, "0.4": {"reduction_in_attributes": 53.84615384615385, "time": 0.002074003219604492, "reduction": 75.30864197530865, "validation": {"accuracy": 51.440329218106996}, "test": {"accuracy": 55.55555555555556}}, "0.5": {"reduction_in_attributes": 53.84615384615385, "time": 0.0020389556884765625, "reduction": 87.65432098765432, "validation": {"accuracy": 50.20576131687243}, "test": {"accuracy": 51.85185185185185}}, "0.6": {"reduction_in_attributes": 53.84615384615385, "time": 0.0018699169158935547, "reduction": 93.00411522633745, "validation": {"accuracy": 51.440329218106996}, "test": {"accuracy": 51.85185185185185}}, "0.7": {"reduction_in_attributes": 53.84615384615385, "time": 0.00180816650390625, "reduction": 94.65020576131687, "validation": {"accuracy": 56.37860082304527}, "test": {"accuracy": 55.55555555555556}}, "0.8": {"reduction_in_attributes": 53.84615384615385, "time": 0.0016639232635498047, "reduction": 97.53086419753086, "validation": {"accuracy": 59.25925925925925}, "test": {"accuracy": 66.66666666666666}}, "0.9": {"reduction_in_attributes": 53.84615384615385, "time": 0.001615762710571289, "reduction": 99.1769547325103, "validation": {"accuracy": 51.028806584362144}, "test": {"accuracy": 70.37037037037037}}, "1.0": {"reduction_in_attributes": 53.84615384615385, "time": 0.0015578269958496094, "reduction": 99.1769547325103, "validation": {"accuracy": 48.148148148148145}, "test": {"accuracy": 48.148148148148145}}}, "5": {"0.0": {"reduction_in_attributes": 53.84615384615385, "time": 0.0023908615112304688, "reduction": 34.15637860082305, "validation": {"accuracy": 54.73251028806584}, "test": {"accuracy": 59.25925925925925}}, "0.1": {"reduction_in_attributes": 53.84615384615385, "time": 0.0022499561309814453, "reduction": 45.26748971193416, "validation": {"accuracy": 54.32098765432099}, "test": {"accuracy": 59.25925925925925}}, "0.2": {"reduction_in_attributes": 53.84615384615385, "time": 0.0023622512817382812, "reduction": 58.0246913580247, "validation": {"accuracy": 50.20576131687243}, "test": {"accuracy": 55.55555555555556}}, "0.3": {"reduction_in_attributes": 53.84615384615385, "time": 0.0021119117736816406, "reduction": 69.1358024691358, "validation": {"accuracy": 55.96707818930041}, "test": {"accuracy": 62.96296296296296}}, "0.4": {"reduction_in_attributes": 53.84615384615385, "time": 0.0020999908447265625, "reduction": 74.48559670781893, "validation": {"accuracy": 55.55555555555556}, "test": {"accuracy": 59.25925925925925}}, "0.5": {"reduction_in_attributes": 53.84615384615385, "time": 0.002008199691772461, "reduction": 85.18518518518519, "validation": {"accuracy": 48.971193415637856}, "test": {"accuracy": 51.85185185185185}}, "0.6": {"reduction_in_attributes": 53.84615384615385, "time": 0.0018639564514160156, "reduction": 92.18106995884774, "validation": {"accuracy": 47.73662551440329}, "test": {"accuracy": 44.44444444444444}}, "0.7": {"reduction_in_attributes": 53.84615384615385, "time": 0.0018298625946044922, "reduction": 95.06172839506173, "validation": {"accuracy": 51.85185185185185}, "test": {"accuracy": 48.148148148148145}}, "0.8": {"reduction_in_attributes": 53.84615384615385, "time": 0.0017857551574707031, "reduction": 97.53086419753086, "validation": {"accuracy": 44.8559670781893}, "test": {"accuracy": 40.74074074074074}}, "0.9": {"reduction_in_attributes": 53.84615384615385, "time": 0.0016193389892578125, "reduction": 99.1769547325103, "validation": {"accuracy": 58.0246913580247}, "test": {"accuracy": 59.25925925925925}}, "1.0": {"reduction_in_attributes": 53.84615384615385, "time": 0.0015718936920166016, "reduction": 99.1769547325103, "validation": {"accuracy": 51.85185185185185}, "test": {"accuracy": 51.85185185185185}}}, "6": {"0.0": {"reduction_in_attributes": 53.84615384615385, "time": 0.0023610591888427734, "reduction": 35.802469135802475, "validation": {"accuracy": 49.382716049382715}, "test": {"accuracy": 48.148148148148145}}, "0.1": {"reduction_in_attributes": 53.84615384615385, "time": 0.0022461414337158203, "reduction": 46.50205761316872, "validation": {"accuracy": 56.79012345679012}, "test": {"accuracy": 70.37037037037037}}, "0.2": {"reduction_in_attributes": 53.84615384615385, "time": 0.002149820327758789, "reduction": 58.0246913580247, "validation": {"accuracy": 57.20164609053497}, "test": {"accuracy": 77.77777777777779}}, "0.3": {"reduction_in_attributes": 53.84615384615385, "time": 0.002077817916870117, "reduction": 61.31687242798354, "validation": {"accuracy": 55.96707818930041}, "test": {"accuracy": 74.07407407407408}}, "0.4": {"reduction_in_attributes": 53.84615384615385, "time": 0.002044200897216797, "reduction": 79.01234567901234, "validation": {"accuracy": 57.20164609053497}, "test": {"accuracy": 74.07407407407408}}, "0.5": {"reduction_in_attributes": 53.84615384615385, "time": 0.0019261837005615234, "reduction": 87.24279835390946,