{"3": {"0.0": {"reduction_in_attributes": 66.66666666666667, "time": 0.0028269290924072266, "reduction": 34.193548387096776, "validation": {"accuracy": 51.29032258064517}, "test": {"accuracy": 42.857142857142854}}, "0.1": {"reduction_in_attributes": 66.66666666666667, "time": 0.0027298927307128906, "reduction": 38.70967741935484, "validation": {"accuracy": 51.61290322580645}, "test": {"accuracy": 42.857142857142854}}, "0.2": {"reduction_in_attributes": 66.66666666666667, "time": 0.0025153160095214844, "reduction": 51.29032258064517, "validation": {"accuracy": 40.96774193548387}, "test": {"accuracy": 45.714285714285715}}, "0.3": {"reduction_in_attributes": 66.66666666666667, "time": 0.002360820770263672, "reduction": 69.35483870967742, "validation": {"accuracy": 40.96774193548387}, "test": {"accuracy": 42.857142857142854}}, "0.4": {"reduction_in_attributes": 66.66666666666667, "time": 0.0022041797637939453, "reduction": 85.48387096774194, "validation": {"accuracy": 41.935483870967744}, "test": {"accuracy": 42.857142857142854}}, "0.5": {"reduction_in_attributes": 66.66666666666667, "time": 0.0021190643310546875, "reduction": 98.38709677419355, "validation": {"accuracy": 41.29032258064516}, "test": {"accuracy": 42.857142857142854}}, "0.6": {"reduction_in_attributes": 66.66666666666667, "time": 0.001992940902709961, "reduction": 99.03225806451613, "validation": {"accuracy": 41.935483870967744}, "test": {"accuracy": 40.0}}, "0.7": {"reduction_in_attributes": 66.66666666666667, "time": 0.0019221305847167969, "reduction": 99.35483870967742, "validation": {"accuracy": 53.87096774193548}, "test": {"accuracy": 48.57142857142857}}, "0.8": {"reduction_in_attributes": 66.66666666666667, "time": 0.0018749237060546875, "reduction": 99.35483870967742, "validation": {"accuracy": 53.87096774193548}, "test": {"accuracy": 57.14285714285714}}, "0.9": {"reduction_in_attributes": 66.66666666666667, "time": 0.001766204833984375, "reduction": 99.35483870967742, "validation": {"accuracy": 57.096774193548384}, "test": {"accuracy": 48.57142857142857}}, "1.0": {"reduction_in_attributes": 66.66666666666667, "time": 0.0017399787902832031, "reduction": 99.35483870967742, "validation": {"accuracy": 56.774193548387096}, "test": {"accuracy": 48.57142857142857}}}, "4": {"0.0": {"reduction_in_attributes": 66.66666666666667, "time": 0.0028710365295410156, "reduction": 34.193548387096776, "validation": {"accuracy": 53.5483870967742}, "test": {"accuracy": 48.57142857142857}}, "0.1": {"reduction_in_attributes": 66.66666666666667, "time": 0.002694845199584961, "reduction": 40.96774193548387, "validation": {"accuracy": 50.967741935483865}, "test": {"accuracy": 42.857142857142854}}, "0.2": {"reduction_in_attributes": 66.66666666666667, "time": 0.0025489330291748047, "reduction": 56.774193548387096, "validation": {"accuracy": 48.38709677419355}, "test": {"accuracy": 54.285714285714285}}, "0.3": {"reduction_in_attributes": 66.66666666666667, "time": 0.0024051666259765625, "reduction": 70.0, "validation": {"accuracy": 45.806451612903224}, "test": {"accuracy": 54.285714285714285}}, "0.4": {"reduction_in_attributes": 66.66666666666667, "time": 0.0022389888763427734, "reduction": 86.12903225806451, "validation": {"accuracy": 44.516129032258064}, "test": {"accuracy": 48.57142857142857}}, "0.5": {"reduction_in_attributes": 66.66666666666667, "time": 0.002173185348510742, "reduction": 96.7741935483871, "validation": {"accuracy": 42.58064516129032}, "test": {"accuracy": 42.857142857142854}}, "0.6": {"reduction_in_attributes": 66.66666666666667, "time": 0.0021059513092041016, "reduction": 98.38709677419355, "validation": {"accuracy": 41.612903225806456}, "test": {"accuracy": 40.0}}, "0.7": {"reduction_in_attributes": 66.66666666666667, "time": 0.0019958019256591797, "reduction": 99.03225806451613, "validation": {"accuracy": 49.03225806451613}, "test": {"accuracy": 51.42857142857142}}, "0.8": {"reduction_in_attributes": 66.66666666666667, "time": 0.001851797103881836, "reduction": 99.35483870967742, "validation": {"accuracy": 50.0}, "test": {"accuracy": 54.285714285714285}}, "0.9": {"reduction_in_attributes": 66.66666666666667, "time": 0.0017740726470947266, "reduction": 99.35483870967742, "validation": {"accuracy": 51.61290322580645}, "test": {"accuracy": 54.285714285714285}}, "1.0": {"reduction_in_attributes": 66.66666666666667, "time": 0.001768350601196289, "reduction": 99.35483870967742, "validation": {"accuracy": 57.41935483870968}, "test": {"accuracy": 54.285714285714285}}}, "5": {"0.0": {"reduction_in_attributes": 83.33333333333334, "time": 0.002499103546142578, "reduction": 14.83870967741936, "validation": {"accuracy": 61.935483870967744}, "test": {"accuracy": 51.42857142857142}}, "0.1": {"reduction_in_attributes": 83.33333333333334, "time": 0.002335071563720703, "reduction": 45.16129032258065, "validation": {"accuracy": 61.61290322580645}, "test": {"accuracy": 54.285714285714285}}, "0.2": {"reduction_in_attributes": 83.33333333333334, "time": 0.0022068023681640625, "reduction": 57.41935483870968, "validation": {"accuracy": 61.29032258064516}, "test": {"accuracy": 51.42857142857142}}, "0.3": {"reduction_in_attributes": 83.33333333333334, "time": 0.0020720958709716797, "reduction": 74.19354838709677, "validation": {"accuracy": 57.096774193548384}, "test": {"accuracy": 51.42857142857142}}, "0.4": {"reduction_in_attributes": 83.33333333333334, "time": 0.0020759105682373047, "reduction": 86.77419354838709, "validation": {"accuracy": 55.483870967741936}, "test": {"accuracy": 48.57142857142857}}, "0.5": {"reduction_in_attributes": 83.33333333333334, "time": 0.001924276351928711, "reduction": 98.70967741935483, "validation": {"accuracy": 54.19354838709678}, "test": {"accuracy": 51.42857142857142}}, "0.6": {"reduction_in_attributes": 83.33333333333334, "time": 0.0019268989562988281, "reduction": 99.35483870967742, "validation": {"accuracy": 51.935483870967744}, "test": {"accuracy": 57.14285714285714}}, "0.7": {"reduction_in_attributes": 83.33333333333334, "time": 0.0018389225006103516, "reduction": 99.35483870967742, "validation": {"accuracy": 48.064516129032256}, "test": {"accuracy": 54.285714285714285}}, "0.8": {"reduction_in_attributes": 83.33333333333334, "time": 0.0018038749694824219, "reduction": 99.35483870967742, "validation": {"accuracy": 44.193548387096776}, "test": {"accuracy": 57.14285714285714}}, "0.9": {"reduction_in_attributes": 83.33333333333334, "time": 0.0017268657684326172, "reduction": 99.35483870967742, "validation": {"accuracy": 43.54838709677419}, "test": {"accuracy": 54.285714285714285}}, "1.0": {"reduction_in_attributes": 83.33333333333334, "time": 0.0016651153564453125, "reduction": 99.35483870967742, "validation": {"accuracy": 43.87096774193549}, "test": {"accuracy": 51.42857142857142}}}, "6": {"0.0": {"reduction_in_attributes": 66.66666666666667, "time": 0.0030059814453125, "reduction": 33.11897106109325, "validation": {"accuracy": 56.59163987138264}, "test": {"accuracy": 61.76470588235294}}, "0.1": {"reduction_in_attributes": 66.66666666666667, "time": 0.002759218215942383, "reduction": 37.29903536977493, "validation": {"accuracy": 57.556270096463024}, "test": {"accuracy": 61.76470588235294}}, "0.2": {"reduction_in_attributes": 66.66666666666667, "time": 0.0025911331176757812, "reduction": 50.4823151125402, "validation": {"accuracy": 56.91318327974276}, "test": {"accuracy": 58.82352941176471}}, "0.3": {"reduction_in_attributes": 66.66666666666667, "time": 0.002445220947265625, "reduction": 65.2733118971061, "validation": {"accuracy": 57.87781350482315}, "test": {"accuracy": 58.82352941176471}}, "0.4": {"reduction_in_attributes": 66.66666666666667, "time": 0.002270936965942383, "reduction": 81.9935691318328, "validation": {"accuracy": 57.234726688102896}, "test": {"accuracy": 58.82352941176471}}, "0.5": {"reduction_in_attributes": 66.66666666666667, "time": 0.002050161361694336, "reduction": 98.07073954983923, "validation": {"accuracy": 51.76848874598071},