{"3": {"0.0": {"reduction_in_attributes": 66.66666666666667, "time": 0.0023260116577148438, "reduction": 2.9090909090909056, "validation": {"accuracy": 77.0909090909091}, "test": {"accuracy": 77.41935483870968}}, "0.1": {"reduction_in_attributes": 66.66666666666667, "time": 0.0022420883178710938, "reduction": 61.81818181818181, "validation": {"accuracy": 76.0}, "test": {"accuracy": 70.96774193548387}}, "0.2": {"reduction_in_attributes": 66.66666666666667, "time": 0.002022981643676758, "reduction": 71.27272727272727, "validation": {"accuracy": 75.63636363636364}, "test": {"accuracy": 70.96774193548387}}, "0.3": {"reduction_in_attributes": 66.66666666666667, "time": 0.0019190311431884766, "reduction": 85.0909090909091, "validation": {"accuracy": 74.18181818181819}, "test": {"accuracy": 74.19354838709677}}, "0.4": {"reduction_in_attributes": 66.66666666666667, "time": 0.0019888877868652344, "reduction": 89.45454545454545, "validation": {"accuracy": 74.18181818181819}, "test": {"accuracy": 77.41935483870968}}, "0.5": {"reduction_in_attributes": 66.66666666666667, "time": 0.0018460750579833984, "reduction": 96.72727272727273, "validation": {"accuracy": 74.18181818181819}, "test": {"accuracy": 77.41935483870968}}, "0.6": {"reduction_in_attributes": 66.66666666666667, "time": 0.0018188953399658203, "reduction": 99.27272727272727, "validation": {"accuracy": 74.54545454545455}, "test": {"accuracy": 77.41935483870968}}, "0.7": {"reduction_in_attributes": 66.66666666666667, "time": 0.001806020736694336, "reduction": 99.27272727272727, "validation": {"accuracy": 74.90909090909092}, "test": {"accuracy": 77.41935483870968}}, "0.8": {"reduction_in_attributes": 66.66666666666667, "time": 0.001795053482055664, "reduction": 99.27272727272727, "validation": {"accuracy": 74.18181818181819}, "test": {"accuracy": 77.41935483870968}}, "0.9": {"reduction_in_attributes": 66.66666666666667, "time": 0.0016951560974121094, "reduction": 99.27272727272727, "validation": {"accuracy": 73.81818181818181}, "test": {"accuracy": 77.41935483870968}}, "1.0": {"reduction_in_attributes": 66.66666666666667, "time": 0.001672983169555664, "reduction": 99.27272727272727, "validation": {"accuracy": 73.0909090909091}, "test": {"accuracy": 80.64516129032258}}}, "4": {"0.0": {"reduction_in_attributes": 66.66666666666667, "time": 0.002343893051147461, "reduction": 1.8181818181818188, "validation": {"accuracy": 78.18181818181819}, "test": {"accuracy": 64.51612903225806}}, "0.1": {"reduction_in_attributes": 66.66666666666667, "time": 0.002031087875366211, "reduction": 60.72727272727273, "validation": {"accuracy": 77.0909090909091}, "test": {"accuracy": 83.87096774193549}}, "0.2": {"reduction_in_attributes": 66.66666666666667, "time": 0.0020401477813720703, "reduction": 76.36363636363637, "validation": {"accuracy": 77.0909090909091}, "test": {"accuracy": 80.64516129032258}}, "0.3": {"reduction_in_attributes": 66.66666666666667, "time": 0.001931905746459961, "reduction": 84.36363636363636, "validation": {"accuracy": 76.36363636363637}, "test": {"accuracy": 77.41935483870968}}, "0.4": {"reduction_in_attributes": 66.66666666666667, "time": 0.0019030570983886719, "reduction": 93.0909090909091, "validation": {"accuracy": 76.36363636363637}, "test": {"accuracy": 77.41935483870968}}, "0.5": {"reduction_in_attributes": 66.66666666666667, "time": 0.0018701553344726562, "reduction": 97.45454545454545, "validation": {"accuracy": 76.36363636363637}, "test": {"accuracy": 77.41935483870968}}, "0.6": {"reduction_in_attributes": 66.66666666666667, "time": 0.0018761157989501953, "reduction": 99.27272727272727, "validation": {"accuracy": 76.36363636363637}, "test": {"accuracy": 77.41935483870968}}, "0.7": {"reduction_in_attributes": 66.66666666666667, "time": 0.0018129348754882812, "reduction": 99.27272727272727, "validation": {"accuracy": 75.63636363636364}, "test": {"accuracy": 67.74193548387096}}, "0.8": {"reduction_in_attributes": 66.66666666666667, "time": 0.0019693374633789062, "reduction": 99.27272727272727, "validation": {"accuracy": 74.54545454545455}, "test": {"accuracy": 64.51612903225806}}, "0.9": {"reduction_in_attributes": 66.66666666666667, "time": 0.001722097396850586, "reduction": 99.27272727272727, "validation": {"accuracy": 75.27272727272727}, "test": {"accuracy": 64.51612903225806}}, "1.0": {"reduction_in_attributes": 66.66666666666667, "time": 0.0017330646514892578, "reduction": 99.27272727272727, "validation": {"accuracy": 73.0909090909091}, "test": {"accuracy": 67.74193548387096}}}, "5": {"0.0": {"reduction_in_attributes": 66.66666666666667, "time": 0.002268075942993164, "reduction": 2.9090909090909056, "validation": {"accuracy": 79.27272727272727}, "test": {"accuracy": 35.483870967741936}}, "0.1": {"reduction_in_attributes": 66.66666666666667, "time": 0.001967906951904297, "reduction": 66.18181818181819, "validation": {"accuracy": 77.81818181818181}, "test": {"accuracy": 48.38709677419355}}, "0.2": {"reduction_in_attributes": 66.66666666666667, "time": 0.001950979232788086, "reduction": 74.54545454545455, "validation": {"accuracy": 77.0909090909091}, "test": {"accuracy": 48.38709677419355}}, "0.3": {"reduction_in_attributes": 66.66666666666667, "time": 0.001889944076538086, "reduction": 88.0, "validation": {"accuracy": 77.0909090909091}, "test": {"accuracy": 48.38709677419355}}, "0.4": {"reduction_in_attributes": 66.66666666666667, "time": 0.0020647048950195312, "reduction": 90.9090909090909, "validation": {"accuracy": 75.63636363636364}, "test": {"accuracy": 58.06451612903226}}, "0.5": {"reduction_in_attributes": 66.66666666666667, "time": 0.001859903335571289, "reduction": 98.9090909090909, "validation": {"accuracy": 75.63636363636364}, "test": {"accuracy": 64.51612903225806}}, "0.6": {"reduction_in_attributes": 66.66666666666667, "time": 0.002686023712158203, "reduction": 98.9090909090909, "validation": {"accuracy": 75.63636363636364}, "test": {"accuracy": 58.06451612903226}}, "0.7": {"reduction_in_attributes": 66.66666666666667, "time": 0.0018970966339111328, "reduction": 98.9090909090909, "validation": {"accuracy": 76.0}, "test": {"accuracy": 64.51612903225806}}, "0.8": {"reduction_in_attributes": 66.66666666666667, "time": 0.0017516613006591797, "reduction": 98.9090909090909, "validation": {"accuracy": 75.27272727272727}, "test": {"accuracy": 64.51612903225806}}, "0.9": {"reduction_in_attributes": 66.66666666666667, "time": 0.0017921924591064453, "reduction": 98.9090909090909, "validation": {"accuracy": 75.63636363636364}, "test": {"accuracy": 67.74193548387096}}, "1.0": {"reduction_in_attributes": 66.66666666666667, "time": 0.0016589164733886719, "reduction": 99.27272727272727, "validation": {"accuracy": 74.90909090909092}, "test": {"accuracy": 67.74193548387096}}}, "6": {"0.0": {"reduction_in_attributes": 66.66666666666667, "time": 0.0022957324981689453, "reduction": 1.4545454545454528, "validation": {"accuracy": 78.54545454545455}, "test": {"accuracy": 70.96774193548387}}, "0.1": {"reduction_in_attributes": 66.66666666666667, "time": 0.001981019973754883, "reduction": 60.0, "validation": {"accuracy": 77.0909090909091}, "test": {"accuracy": 64.51612903225806}}, "0.2": {"reduction_in_attributes": 66.66666666666667, "time": 0.001953125, "reduction": 69.81818181818183, "validation": {"accuracy": 76.72727272727272}, "test": {"accuracy": 64.51612903225806}}, "0.3": {"reduction_in_attributes": 66.66666666666667, "time": 0.001894235610961914, "reduction": 84.36363636363636, "validation": {"accuracy": 76.36363636363637}, "test": {"accuracy": 67.74193548387096}}, "0.4": {"reduction_in_attributes": 66.66666666666667, "time": 0.0018222332000732422, "reduction": 89.81818181818181, "validation": {"accuracy": 76.36363636363637}, "test": {"accuracy": 67.74193548387096}}, "0.5": {"reduction_in_attributes": 66.66666666666667, "time": 0.0018448829650878906, "reduction": 97.81818181818181, "validation": {"accuracy": 76.36363636363637}, "test": {"accuracy": 70.96774193548387}},