{"3": {"0.0": {"reduction_in_attributes": 97.22222222222221, "time": 0.6379389762878418, "reduction": 1.8649628734242807, "validation": {"accuracy": 44.98359523398377}, "test": {"accuracy": 31.832298136645964}}, "0.1": {"reduction_in_attributes": 97.22222222222221, "time": 0.6288151741027832, "reduction": 1.8822310481782067, "validation": {"accuracy": 43.23950958383699}, "test": {"accuracy": 17.857142857142858}}, "0.2": {"reduction_in_attributes": 97.22222222222221, "time": 0.6256530284881592, "reduction": 6.389224658953552, "validation": {"accuracy": 49.93956138836125}, "test": {"accuracy": 30.124223602484474}}, "0.3": {"reduction_in_attributes": 97.22222222222221, "time": 0.6169750690460205, "reduction": 6.751856328786044, "validation": {"accuracy": 42.23795544810913}, "test": {"accuracy": 18.633540372670808}}, "0.4": {"reduction_in_attributes": 97.22222222222221, "time": 0.5961501598358154, "reduction": 18.511483336211366, "validation": {"accuracy": 52.32256950440338}, "test": {"accuracy": 34.62732919254658}}, "0.5": {"reduction_in_attributes": 97.22222222222221, "time": 0.5960209369659424, "reduction": 11.552408910378176, "validation": {"accuracy": 46.79675358314626}, "test": {"accuracy": 31.521739130434785}}, "0.6": {"reduction_in_attributes": 97.22222222222221, "time": 0.5602459907531738, "reduction": 27.853565878086684, "validation": {"accuracy": 48.160939388706616}, "test": {"accuracy": 45.962732919254655}}, "0.7": {"reduction_in_attributes": 97.22222222222221, "time": 0.6048729419708252, "reduction": 29.64945605249525, "validation": {"accuracy": 44.327404593334485}, "test": {"accuracy": 47.20496894409938}}, "0.8": {"reduction_in_attributes": 97.22222222222221, "time": 0.49440813064575195, "reduction": 58.452771542048, "validation": {"accuracy": 43.23950958383699}, "test": {"accuracy": 31.832298136645964}}, "0.9": {"reduction_in_attributes": 97.22222222222221, "time": 0.48336219787597656, "reduction": 74.09773786910722, "validation": {"accuracy": 43.98204109825591}, "test": {"accuracy": 42.857142857142854}}, "1.0": {"reduction_in_attributes": 97.22222222222221, "time": 0.5957040786743164, "reduction": 99.89639095147643, "validation": {"accuracy": 48.8171300293559}, "test": {"accuracy": 49.06832298136646}}}, "4": {"0.0": {"reduction_in_attributes": 97.22222222222221, "time": 0.6412701606750488, "reduction": 0.638922465895353, "validation": {"accuracy": 43.308582282852704}, "test": {"accuracy": 17.546583850931675}}, "0.1": {"reduction_in_attributes": 97.22222222222221, "time": 0.6318390369415283, "reduction": 6.872733552063548, "validation": {"accuracy": 48.28181661198411}, "test": {"accuracy": 29.6583850931677}}, "0.2": {"reduction_in_attributes": 97.22222222222221, "time": 0.6179618835449219, "reduction": 5.629424969780694, "validation": {"accuracy": 45.15627698152305}, "test": {"accuracy": 30.124223602484474}}, "0.3": {"reduction_in_attributes": 97.22222222222221, "time": 0.625377893447876, "reduction": 7.1144879986185465, "validation": {"accuracy": 45.15627698152305}, "test": {"accuracy": 30.124223602484474}}, "0.4": {"reduction_in_attributes": 97.22222222222221, "time": 0.61244797706604, "reduction": 13.572785356587813, "validation": {"accuracy": 49.680538767052326}, "test": {"accuracy": 31.211180124223603}}, "0.5": {"reduction_in_attributes": 97.22222222222221, "time": 0.5855259895324707, "reduction": 22.379554481091347, "validation": {"accuracy": 48.160939388706616}, "test": {"accuracy": 16.77018633540373}}, "0.6": {"reduction_in_attributes": 97.22222222222221, "time": 0.5942990779876709, "reduction": 17.838024520808148, "validation": {"accuracy": 45.44983595233984}, "test": {"accuracy": 32.608695652173914}}, "0.7": {"reduction_in_attributes": 97.22222222222221, "time": 0.5479681491851807, "reduction": 40.787428768779144, "validation": {"accuracy": 47.93645311690554}, "test": {"accuracy": 51.24223602484472}}, "0.8": {"reduction_in_attributes": 97.22222222222221, "time": 0.5177879333496094, "reduction": 59.62700742531515, "validation": {"accuracy": 51.33828354342946}, "test": {"accuracy": 30.27950310559006}}, "0.9": {"reduction_in_attributes": 97.22222222222221, "time": 0.4875600337982178, "reduction": 78.69107235365223, "validation": {"accuracy": 39.233293040925574}, "test": {"accuracy": 37.11180124223603}}, "1.0": {"reduction_in_attributes": 97.22222222222221, "time": 0.4607889652252197, "reduction": 99.89639095147643, "validation": {"accuracy": 30.271110343636675}, "test": {"accuracy": 31.366459627329192}}}, "5": {"0.0": {"reduction_in_attributes": 97.22222222222221, "time": 0.6398179531097412, "reduction": 3.695389397340698, "validation": {"accuracy": 47.66016232084269}, "test": {"accuracy": 30.27950310559006}}, "0.1": {"reduction_in_attributes": 97.22222222222221, "time": 0.6463699340820312, "reduction": 4.489725436021407, "validation": {"accuracy": 47.66016232084269}, "test": {"accuracy": 30.27950310559006}}, "0.2": {"reduction_in_attributes": 97.22222222222221, "time": 0.6266360282897949, "reduction": 9.083059920566395, "validation": {"accuracy": 49.870488689345535}, "test": {"accuracy": 31.67701863354037}}, "0.3": {"reduction_in_attributes": 97.22222222222221, "time": 0.6210272312164307, "reduction": 6.4410291832153295, "validation": {"accuracy": 44.67276808841306}, "test": {"accuracy": 32.45341614906832}}, "0.4": {"reduction_in_attributes": 97.22222222222221, "time": 0.5844318866729736, "reduction": 17.92436539457779, "validation": {"accuracy": 50.6993610775341}, "test": {"accuracy": 19.099378881987576}}, "0.5": {"reduction_in_attributes": 97.22222222222221, "time": 0.5895130634307861, "reduction": 17.64807459851494, "validation": {"accuracy": 42.98048696252806}, "test": {"accuracy": 12.888198757763975}}, "0.6": {"reduction_in_attributes": 97.22222222222221, "time": 0.5674800872802734, "reduction": 26.679329994819547, "validation": {"accuracy": 43.08409601105163}, "test": {"accuracy": 18.478260869565215}}, "0.7": {"reduction_in_attributes": 97.22222222222221, "time": 0.5418570041656494, "reduction": 47.10758072871698, "validation": {"accuracy": 52.61612847522017}, "test": {"accuracy": 31.521739130434785}}, "0.8": {"reduction_in_attributes": 97.22222222222221, "time": 0.5180521011352539, "reduction": 51.700915213261965, "validation": {"accuracy": 47.66016232084269}, "test": {"accuracy": 48.13664596273292}}, "0.9": {"reduction_in_attributes": 97.22222222222221, "time": 0.4838130474090576, "reduction": 80.3142807805215, "validation": {"accuracy": 50.077706786392675}, "test": {"accuracy": 49.68944099378882}}, "1.0": {"reduction_in_attributes": 97.22222222222221, "time": 0.44983506202697754, "reduction": 99.89639095147643, "validation": {"accuracy": 28.8896563633224}, "test": {"accuracy": 38.50931677018634}}}, "6": {"0.0": {"reduction_in_attributes": 97.22222222222221, "time": 0.6079752445220947, "reduction": 6.819751381215466, "validation": {"accuracy": 49.32665745856354}, "test": {"accuracy": 18.506998444790046}}, "0.1": {"reduction_in_attributes": 97.22222222222221, "time": 0.5969099998474121, "reduction": 9.357734806629836, "validation": {"accuracy": 52.29627071823204}, "test": {"accuracy": 17.573872472783826}}, "0.2": {"reduction_in_attributes": 97.22222222222221, "time": 0.5919990539550781, "reduction": 8.615331491712707, "validation": {"accuracy": 48.46339779005525}, "test": {"accuracy": 31.259720062208395}}, "0.3": {"reduction_in_attributes": 97.22222222222221, "time": 0.5862939357757568, "reduction": 10.117403314917128, "validation": {"accuracy": 48.46339779005525}, "test": {"accuracy": 31.259720062208395}}, "0.4": {"reduction_in_attributes": 97.22222222222221, "time": 0.5801410675048828, "reduction": 12.845303867403313, "validation": {"accuracy": 48.46339779005525}, "test": {"accuracy": 31.259720062208395}}, "0.5": {"reduction_in_attributes": 97.22222222222221, "time": 0.5509061813354492, "reduction": 22.323895027624307, "validation": {"accuracy": 47.703729281767956}, "test": {"accuracy": 20.37325038880249}},