{"3": {"0.0": {"time": 0.0005829334259033203, "reduction": 84.21052631578947, "validation": {"accuracy": 29.47368421052631}, "test": {"accuracy": 54.54545454545454}}, "0.1": {"time": 0.0005550384521484375, "reduction": 87.36842105263159, "validation": {"accuracy": 40.0}, "test": {"accuracy": 54.54545454545454}}, "0.2": {"time": 0.0005757808685302734, "reduction": 89.47368421052632, "validation": {"accuracy": 23.157894736842106}, "test": {"accuracy": 45.45454545454545}}, "0.3": {"time": 0.000530242919921875, "reduction": 90.52631578947368, "validation": {"accuracy": 43.15789473684211}, "test": {"accuracy": 54.54545454545454}}, "0.4": {"time": 0.0005009174346923828, "reduction": 94.73684210526316, "validation": {"accuracy": 40.0}, "test": {"accuracy": 54.54545454545454}}, "0.5": {"time": 0.0004820823669433594, "reduction": 97.89473684210527, "validation": {"accuracy": 43.15789473684211}, "test": {"accuracy": 45.45454545454545}}, "0.6": {"time": 0.00047087669372558594, "reduction": 97.89473684210527, "validation": {"accuracy": 53.68421052631579}, "test": {"accuracy": 45.45454545454545}}, "0.7": {"time": 0.0004649162292480469, "reduction": 97.89473684210527, "validation": {"accuracy": 53.68421052631579}, "test": {"accuracy": 45.45454545454545}}, "0.8": {"time": 0.0004611015319824219, "reduction": 97.89473684210527, "validation": {"accuracy": 61.05263157894737}, "test": {"accuracy": 54.54545454545454}}, "0.9": {"time": 0.0004928112030029297, "reduction": 97.89473684210527, "validation": {"accuracy": 57.89473684210527}, "test": {"accuracy": 54.54545454545454}}, "1.0": {"time": 0.0006680488586425781, "reduction": 97.89473684210527, "validation": {"accuracy": 42.10526315789473}, "test": {"accuracy": 45.45454545454545}}}, "4": {"0.0": {"time": 0.0005788803100585938, "reduction": 81.05263157894737, "validation": {"accuracy": 76.84210526315789}, "test": {"accuracy": 63.63636363636363}}, "0.1": {"time": 0.0005631446838378906, "reduction": 88.42105263157895, "validation": {"accuracy": 62.10526315789474}, "test": {"accuracy": 81.81818181818183}}, "0.2": {"time": 0.0005519390106201172, "reduction": 87.36842105263159, "validation": {"accuracy": 71.57894736842105}, "test": {"accuracy": 90.9090909090909}}, "0.3": {"time": 0.0005300045013427734, "reduction": 92.63157894736842, "validation": {"accuracy": 81.05263157894737}, "test": {"accuracy": 63.63636363636363}}, "0.4": {"time": 0.0005948543548583984, "reduction": 95.78947368421052, "validation": {"accuracy": 55.78947368421052}, "test": {"accuracy": 54.54545454545454}}, "0.5": {"time": 0.0004858970642089844, "reduction": 97.89473684210527, "validation": {"accuracy": 76.84210526315789}, "test": {"accuracy": 54.54545454545454}}, "0.6": {"time": 0.0004801750183105469, "reduction": 97.89473684210527, "validation": {"accuracy": 71.57894736842105}, "test": {"accuracy": 54.54545454545454}}, "0.7": {"time": 0.0004680156707763672, "reduction": 97.89473684210527, "validation": {"accuracy": 74.73684210526315}, "test": {"accuracy": 54.54545454545454}}, "0.8": {"time": 0.0005090236663818359, "reduction": 97.89473684210527, "validation": {"accuracy": 77.89473684210526}, "test": {"accuracy": 63.63636363636363}}, "0.9": {"time": 0.0007641315460205078, "reduction": 97.89473684210527, "validation": {"accuracy": 72.63157894736842}, "test": {"accuracy": 54.54545454545454}}, "1.0": {"time": 0.00045180320739746094, "reduction": 97.89473684210527, "validation": {"accuracy": 69.47368421052632}, "test": {"accuracy": 54.54545454545454}}}, "5": {"0.0": {"time": 0.0006251335144042969, "reduction": 75.78947368421053, "validation": {"accuracy": 75.78947368421053}, "test": {"accuracy": 90.9090909090909}}, "0.1": {"time": 0.0005960464477539062, "reduction": 85.26315789473684, "validation": {"accuracy": 71.57894736842105}, "test": {"accuracy": 72.72727272727273}}, "0.2": {"time": 0.0006778240203857422, "reduction": 88.42105263157895, "validation": {"accuracy": 67.36842105263158}, "test": {"accuracy": 63.63636363636363}}, "0.3": {"time": 0.0005450248718261719, "reduction": 93.6842105263158, "validation": {"accuracy": 67.36842105263158}, "test": {"accuracy": 81.81818181818183}}, "0.4": {"time": 0.0005292892456054688, "reduction": 95.78947368421052, "validation": {"accuracy": 53.68421052631579}, "test": {"accuracy": 72.72727272727273}}, "0.5": {"time": 0.0004999637603759766, "reduction": 97.89473684210527, "validation": {"accuracy": 44.21052631578947}, "test": {"accuracy": 54.54545454545454}}, "0.6": {"time": 0.0005040168762207031, "reduction": 97.89473684210527, "validation": {"accuracy": 44.21052631578947}, "test": {"accuracy": 54.54545454545454}}, "0.7": {"time": 0.0004851818084716797, "reduction": 97.89473684210527, "validation": {"accuracy": 45.26315789473684}, "test": {"accuracy": 54.54545454545454}}, "0.8": {"time": 0.0005869865417480469, "reduction": 97.89473684210527, "validation": {"accuracy": 52.63157894736842}, "test": {"accuracy": 63.63636363636363}}, "0.9": {"time": 0.0004658699035644531, "reduction": 97.89473684210527, "validation": {"accuracy": 43.15789473684211}, "test": {"accuracy": 54.54545454545454}}, "1.0": {"time": 0.0004620552062988281, "reduction": 97.89473684210527, "validation": {"accuracy": 41.05263157894737}, "test": {"accuracy": 54.54545454545454}}}, "6": {"0.0": {"time": 0.0005931854248046875, "reduction": 80.0, "validation": {"accuracy": 78.94736842105263}, "test": {"accuracy": 72.72727272727273}}, "0.1": {"time": 0.0005800724029541016, "reduction": 85.26315789473684, "validation": {"accuracy": 86.31578947368422}, "test": {"accuracy": 63.63636363636363}}, "0.2": {"time": 0.0005729198455810547, "reduction": 87.36842105263159, "validation": {"accuracy": 53.68421052631579}, "test": {"accuracy": 36.36363636363637}}, "0.3": {"time": 0.0005519390106201172, "reduction": 89.47368421052632, "validation": {"accuracy": 84.21052631578947}, "test": {"accuracy": 72.72727272727273}}, "0.4": {"time": 0.0005257129669189453, "reduction": 95.78947368421052, "validation": {"accuracy": 49.473684210526315}, "test": {"accuracy": 36.36363636363637}}, "0.5": {"time": 0.0005087852478027344, "reduction": 97.89473684210527, "validation": {"accuracy": 57.89473684210527}, "test": {"accuracy": 45.45454545454545}}, "0.6": {"time": 0.0004961490631103516, "reduction": 97.89473684210527, "validation": {"accuracy": 45.26315789473684}, "test": {"accuracy": 54.54545454545454}}, "0.7": {"time": 0.0004858970642089844, "reduction": 97.89473684210527, "validation": {"accuracy": 52.63157894736842}, "test": {"accuracy": 54.54545454545454}}, "0.8": {"time": 0.00047707557678222656, "reduction": 97.89473684210527, "validation": {"accuracy": 58.94736842105262}, "test": {"accuracy": 45.45454545454545}}, "0.9": {"time": 0.0004668235778808594, "reduction": 97.89473684210527, "validation": {"accuracy": 58.94736842105262}, "test": {"accuracy": 54.54545454545454}}, "1.0": {"time": 0.00045800209045410156, "reduction": 97.89473684210527, "validation": {"accuracy": 44.21052631578947}, "test": {"accuracy": 54.54545454545454}}}, "7": {"0.0": {"time": 0.0006167888641357422, "reduction": 81.25, "validation": {"accuracy": 64.58333333333334}, "test": {"accuracy": 60.0}}, "0.1": {"time": 0.0005860328674316406, "reduction": 86.45833333333334, "validation": {"accuracy": 77.08333333333334}, "test": {"accuracy": 70.0}}, "0.2": {"time": 0.0005850791931152344, "reduction": 87.5, "validation": {"accuracy": 61.458333333333336}, "test": {"accuracy": 60.0}}, "0.3": {"time": 0.0005609989166259766, "reduction": 91.66666666666666, "validation": {"accuracy": 58.333333333333336}, "test": {"accuracy": 80.0}}, "0.4": {"time": 0.0005602836608886719, "reduction": 94.79166666666666, "validation": {"accuracy": 52.083333333333336}, "test": {"accuracy": 60.0}}, "0.5": {"time": 0.0005199909210205078, "reduction": 97.91666666666666, "validation": {"accuracy": 65.625}, "test": {"accuracy": 80.0}}, "0.6": {"time": 0.0005061626434326172, "reduction": 97.91666666666666,