{"3": {"0.0": {"reduction_in_attributes": 87.5, "time": 0.0306699275970459, "reduction": 0.3745318352059934, "validation": {"accuracy": 34.00749063670412}, "test": {"accuracy": 28.187919463087248}}, "0.1": {"reduction_in_attributes": 87.5, "time": 0.014471054077148438, "reduction": 52.359550561797754, "validation": {"accuracy": 16.928838951310862}, "test": {"accuracy": 16.778523489932887}}, "0.2": {"reduction_in_attributes": 87.5, "time": 0.02960515022277832, "reduction": 18.27715355805244, "validation": {"accuracy": 15.655430711610489}, "test": {"accuracy": 38.92617449664429}}, "0.3": {"reduction_in_attributes": 87.5, "time": 0.030332326889038086, "reduction": 9.438202247191008, "validation": {"accuracy": 30.262172284644194}, "test": {"accuracy": 26.845637583892618}}, "0.4": {"reduction_in_attributes": 87.5, "time": 0.033657073974609375, "reduction": 9.513108614232213, "validation": {"accuracy": 19.475655430711612}, "test": {"accuracy": 39.59731543624161}}, "0.5": {"reduction_in_attributes": 87.5, "time": 0.028059959411621094, "reduction": 23.220973782771537, "validation": {"accuracy": 15.880149812734082}, "test": {"accuracy": 24.161073825503358}}, "0.6": {"reduction_in_attributes": 87.5, "time": 0.029547691345214844, "reduction": 42.99625468164794, "validation": {"accuracy": 15.131086142322097}, "test": {"accuracy": 36.91275167785235}}, "0.7": {"reduction_in_attributes": 87.5, "time": 0.024423837661743164, "reduction": 62.24719101123595, "validation": {"accuracy": 17.00374531835206}, "test": {"accuracy": 31.543624161073826}}, "0.8": {"reduction_in_attributes": 87.5, "time": 0.024224042892456055, "reduction": 53.70786516853933, "validation": {"accuracy": 19.325842696629213}, "test": {"accuracy": 37.58389261744966}}, "0.9": {"reduction_in_attributes": 87.5, "time": 0.024240970611572266, "reduction": 86.06741573033709, "validation": {"accuracy": 16.479400749063668}, "test": {"accuracy": 20.80536912751678}}, "1.0": {"reduction_in_attributes": 87.5, "time": 0.02325606346130371, "reduction": 99.25093632958801, "validation": {"accuracy": 28.689138576779026}, "test": {"accuracy": 21.476510067114095}}}, "4": {"0.0": {"reduction_in_attributes": 87.5, "time": 0.031430959701538086, "reduction": 0.2996254681647992, "validation": {"accuracy": 18.277153558052433}, "test": {"accuracy": 24.832214765100673}}, "0.1": {"reduction_in_attributes": 87.5, "time": 0.035060882568359375, "reduction": 2.621722846441943, "validation": {"accuracy": 32.13483146067416}, "test": {"accuracy": 27.516778523489933}}, "0.2": {"reduction_in_attributes": 87.5, "time": 0.03322196006774902, "reduction": 11.08614232209738, "validation": {"accuracy": 19.101123595505616}, "test": {"accuracy": 28.859060402684566}}, "0.3": {"reduction_in_attributes": 87.5, "time": 0.03281211853027344, "reduction": 23.970037453183522, "validation": {"accuracy": 15.355805243445692}, "test": {"accuracy": 36.91275167785235}}, "0.4": {"reduction_in_attributes": 87.5, "time": 0.02889394760131836, "reduction": 29.588014981273403, "validation": {"accuracy": 15.355805243445692}, "test": {"accuracy": 37.58389261744966}}, "0.5": {"reduction_in_attributes": 87.5, "time": 0.029755830764770508, "reduction": 22.022471910112362, "validation": {"accuracy": 29.812734082397004}, "test": {"accuracy": 13.422818791946309}}, "0.6": {"reduction_in_attributes": 87.5, "time": 0.02763819694519043, "reduction": 28.76404494382022, "validation": {"accuracy": 18.801498127340825}, "test": {"accuracy": 28.187919463087248}}, "0.7": {"reduction_in_attributes": 87.5, "time": 0.025007009506225586, "reduction": 51.98501872659176, "validation": {"accuracy": 29.812734082397004}, "test": {"accuracy": 22.818791946308725}}, "0.8": {"reduction_in_attributes": 87.5, "time": 0.027264833450317383, "reduction": 68.61423220973784, "validation": {"accuracy": 16.629213483146067}, "test": {"accuracy": 32.21476510067114}}, "0.9": {"reduction_in_attributes": 87.5, "time": 0.024416208267211914, "reduction": 70.71161048689139, "validation": {"accuracy": 16.40449438202247}, "test": {"accuracy": 22.818791946308725}}, "1.0": {"reduction_in_attributes": 87.5, "time": 0.022666215896606445, "reduction": 99.25093632958801, "validation": {"accuracy": 10.037453183520599}, "test": {"accuracy": 15.436241610738255}}}, "5": {"0.0": {"reduction_in_attributes": 87.5, "time": 0.021559953689575195, "reduction": 0.0, "validation": {"accuracy": 3.592814371257485}, "test": {"accuracy": 4.054054054054054}}, "0.1": {"reduction_in_attributes": 87.5, "time": 0.030064105987548828, "reduction": 2.6946107784431184, "validation": {"accuracy": 30.988023952095805}, "test": {"accuracy": 18.91891891891892}}, "0.2": {"reduction_in_attributes": 87.5, "time": 0.01809215545654297, "reduction": 26.122754491017965, "validation": {"accuracy": 3.44311377245509}, "test": {"accuracy": 3.3783783783783785}}, "0.3": {"reduction_in_attributes": 87.5, "time": 0.014288902282714844, "reduction": 52.544910179640716, "validation": {"accuracy": 17.065868263473057}, "test": {"accuracy": 16.216216216216218}}, "0.4": {"reduction_in_attributes": 87.5, "time": 0.031225919723510742, "reduction": 26.871257485029943, "validation": {"accuracy": 14.820359281437126}, "test": {"accuracy": 31.08108108108108}}, "0.5": {"reduction_in_attributes": 87.5, "time": 0.02771306037902832, "reduction": 34.2814371257485, "validation": {"accuracy": 14.820359281437126}, "test": {"accuracy": 29.72972972972973}}, "0.6": {"reduction_in_attributes": 87.5, "time": 0.018126964569091797, "reduction": 26.122754491017965, "validation": {"accuracy": 3.44311377245509}, "test": {"accuracy": 3.3783783783783785}}, "0.7": {"reduction_in_attributes": 87.5, "time": 0.020236730575561523, "reduction": 26.122754491017965, "validation": {"accuracy": 3.44311377245509}, "test": {"accuracy": 3.3783783783783785}}, "0.8": {"reduction_in_attributes": 87.5, "time": 0.01453399658203125, "reduction": 52.544910179640716, "validation": {"accuracy": 17.065868263473057}, "test": {"accuracy": 16.216216216216218}}, "0.9": {"reduction_in_attributes": 87.5, "time": 0.02501201629638672, "reduction": 85.32934131736528, "validation": {"accuracy": 29.11676646706587}, "test": {"accuracy": 35.13513513513514}}, "1.0": {"reduction_in_attributes": 87.5, "time": 0.014753103256225586, "reduction": 52.544910179640716, "validation": {"accuracy": 17.065868263473057}, "test": {"accuracy": 16.216216216216218}}}, "6": {"0.0": {"reduction_in_attributes": 87.5, "time": 0.020640850067138672, "reduction": 0.0, "validation": {"accuracy": 31.736526946107784}, "test": {"accuracy": 32.432432432432435}}, "0.1": {"reduction_in_attributes": 87.5, "time": 0.0184018611907959, "reduction": 26.19760479041916, "validation": {"accuracy": 3.3682634730538923}, "test": {"accuracy": 4.054054054054054}}, "0.2": {"reduction_in_attributes": 87.5, "time": 0.029414892196655273, "reduction": 17.664670658682635, "validation": {"accuracy": 15.119760479041917}, "test": {"accuracy": 35.13513513513514}}, "0.3": {"reduction_in_attributes": 87.5, "time": 0.017381906509399414, "reduction": 26.19760479041916, "validation": {"accuracy": 3.3682634730538923}, "test": {"accuracy": 4.054054054054054}}, "0.4": {"reduction_in_attributes": 87.5, "time": 0.02965712547302246, "reduction": 20.134730538922152, "validation": {"accuracy": 17.81437125748503}, "test": {"accuracy": 31.08108108108108}}, "0.5": {"reduction_in_attributes": 87.5, "time": 0.01730489730834961, "reduction": 26.19760479041916, "validation": {"accuracy": 3.3682634730538923}, "test": {"accuracy": 4.054054054054054}}, "0.6": {"reduction_in_attributes": 87.5, "time": 0.02534770965576172, "reduction": 51.796407185628745, "validation": {"accuracy": 17.14071856287425}, "test": {"accuracy": 25.675675675675674}}, "0.7": {"reduction_in_attributes": 87.5, "time": 0.013993978500366211, "reduction": 52.544910179640716, "validation": {"accuracy": 31.811377245508982}, "test": {"accuracy": 32.432432432432435}}, "0.8": {"reduction_in_attributes": 87.5, "time": 0.026616811752319336,