{"3": {"0.0": {"reduction_in_attributes": 75.0, "time": 0.0012328624725341797, "reduction": 7.638888888888884, "validation": {"accuracy": 59.72222222222222}, "test": {"accuracy": 68.75}}, "0.1": {"reduction_in_attributes": 75.0, "time": 0.0011491775512695312, "reduction": 52.77777777777778, "validation": {"accuracy": 55.55555555555556}, "test": {"accuracy": 31.25}}, "0.2": {"reduction_in_attributes": 75.0, "time": 0.0011861324310302734, "reduction": 53.47222222222222, "validation": {"accuracy": 59.72222222222222}, "test": {"accuracy": 68.75}}, "0.3": {"reduction_in_attributes": 75.0, "time": 0.0011429786682128906, "reduction": 53.47222222222222, "validation": {"accuracy": 38.88888888888889}, "test": {"accuracy": 6.25}}, "0.4": {"reduction_in_attributes": 75.0, "time": 0.0010330677032470703, "reduction": 97.22222222222221, "validation": {"accuracy": 59.72222222222222}, "test": {"accuracy": 68.75}}, "0.5": {"reduction_in_attributes": 75.0, "time": 0.0010111331939697266, "reduction": 97.22222222222221, "validation": {"accuracy": 59.02777777777778}, "test": {"accuracy": 62.5}}, "0.6": {"reduction_in_attributes": 75.0, "time": 0.0010039806365966797, "reduction": 97.91666666666666, "validation": {"accuracy": 55.55555555555556}, "test": {"accuracy": 37.5}}, "0.7": {"reduction_in_attributes": 75.0, "time": 0.0010399818420410156, "reduction": 97.91666666666666, "validation": {"accuracy": 55.55555555555556}, "test": {"accuracy": 37.5}}, "0.8": {"reduction_in_attributes": 75.0, "time": 0.0011310577392578125, "reduction": 97.91666666666666, "validation": {"accuracy": 38.88888888888889}, "test": {"accuracy": 6.25}}, "0.9": {"reduction_in_attributes": 75.0, "time": 0.0010051727294921875, "reduction": 97.91666666666666, "validation": {"accuracy": 53.47222222222222}, "test": {"accuracy": 68.75}}, "1.0": {"reduction_in_attributes": 75.0, "time": 0.0009589195251464844, "reduction": 97.91666666666666, "validation": {"accuracy": 38.88888888888889}, "test": {"accuracy": 6.25}}}, "4": {"0.0": {"reduction_in_attributes": 75.0, "time": 0.0012269020080566406, "reduction": 8.333333333333337, "validation": {"accuracy": 54.166666666666664}, "test": {"accuracy": 31.25}}, "0.1": {"reduction_in_attributes": 75.0, "time": 0.001216888427734375, "reduction": 61.80555555555556, "validation": {"accuracy": 60.416666666666664}, "test": {"accuracy": 37.5}}, "0.2": {"reduction_in_attributes": 75.0, "time": 0.0010559558868408203, "reduction": 88.88888888888889, "validation": {"accuracy": 60.416666666666664}, "test": {"accuracy": 37.5}}, "0.3": {"reduction_in_attributes": 75.0, "time": 0.0010333061218261719, "reduction": 88.88888888888889, "validation": {"accuracy": 60.416666666666664}, "test": {"accuracy": 37.5}}, "0.4": {"reduction_in_attributes": 75.0, "time": 0.0010287761688232422, "reduction": 97.22222222222221, "validation": {"accuracy": 60.416666666666664}, "test": {"accuracy": 37.5}}, "0.5": {"reduction_in_attributes": 75.0, "time": 0.0010161399841308594, "reduction": 60.41666666666667, "validation": {"accuracy": 30.555555555555557}, "test": {"accuracy": 37.5}}, "0.6": {"reduction_in_attributes": 75.0, "time": 0.001035928726196289, "reduction": 97.91666666666666, "validation": {"accuracy": 54.166666666666664}, "test": {"accuracy": 62.5}}, "0.7": {"reduction_in_attributes": 75.0, "time": 0.0010149478912353516, "reduction": 97.91666666666666, "validation": {"accuracy": 54.166666666666664}, "test": {"accuracy": 62.5}}, "0.8": {"reduction_in_attributes": 75.0, "time": 0.0009968280792236328, "reduction": 97.91666666666666, "validation": {"accuracy": 54.166666666666664}, "test": {"accuracy": 62.5}}, "0.9": {"reduction_in_attributes": 75.0, "time": 0.000997781753540039, "reduction": 97.91666666666666, "validation": {"accuracy": 54.166666666666664}, "test": {"accuracy": 62.5}}, "1.0": {"reduction_in_attributes": 75.0, "time": 0.0009920597076416016, "reduction": 61.111111111111114, "validation": {"accuracy": 30.555555555555557}, "test": {"accuracy": 37.5}}}, "5": {"0.0": {"reduction_in_attributes": 75.0, "time": 0.0012788772583007812, "reduction": 8.333333333333337, "validation": {"accuracy": 53.47222222222222}, "test": {"accuracy": 37.5}}, "0.1": {"reduction_in_attributes": 75.0, "time": 0.0011162757873535156, "reduction": 51.388888888888886, "validation": {"accuracy": 61.80555555555556}, "test": {"accuracy": 50.0}}, "0.2": {"reduction_in_attributes": 75.0, "time": 0.001024007797241211, "reduction": 87.5, "validation": {"accuracy": 54.166666666666664}, "test": {"accuracy": 56.25}}, "0.3": {"reduction_in_attributes": 75.0, "time": 0.001104116439819336, "reduction": 33.333333333333336, "validation": {"accuracy": 31.944444444444443}, "test": {"accuracy": 31.25}}, "0.4": {"reduction_in_attributes": 75.0, "time": 0.0011372566223144531, "reduction": 88.19444444444444, "validation": {"accuracy": 61.80555555555556}, "test": {"accuracy": 50.0}}, "0.5": {"reduction_in_attributes": 75.0, "time": 0.0011701583862304688, "reduction": 97.91666666666666, "validation": {"accuracy": 53.47222222222222}, "test": {"accuracy": 56.25}}, "0.6": {"reduction_in_attributes": 75.0, "time": 0.0010080337524414062, "reduction": 97.91666666666666, "validation": {"accuracy": 53.47222222222222}, "test": {"accuracy": 56.25}}, "0.7": {"reduction_in_attributes": 75.0, "time": 0.0009989738464355469, "reduction": 97.91666666666666, "validation": {"accuracy": 54.166666666666664}, "test": {"accuracy": 56.25}}, "0.8": {"reduction_in_attributes": 75.0, "time": 0.0009999275207519531, "reduction": 97.91666666666666, "validation": {"accuracy": 53.47222222222222}, "test": {"accuracy": 56.25}}, "0.9": {"reduction_in_attributes": 75.0, "time": 0.0010581016540527344, "reduction": 59.72222222222222, "validation": {"accuracy": 31.944444444444443}, "test": {"accuracy": 31.25}}, "1.0": {"reduction_in_attributes": 75.0, "time": 0.0011746883392333984, "reduction": 97.91666666666666, "validation": {"accuracy": 56.25}, "test": {"accuracy": 43.75}}}, "6": {"0.0": {"reduction_in_attributes": 75.0, "time": 0.0012111663818359375, "reduction": 6.25, "validation": {"accuracy": 52.083333333333336}, "test": {"accuracy": 68.75}}, "0.1": {"reduction_in_attributes": 75.0, "time": 0.0010769367218017578, "reduction": 35.416666666666664, "validation": {"accuracy": 29.86111111111111}, "test": {"accuracy": 43.75}}, "0.2": {"reduction_in_attributes": 75.0, "time": 0.0011761188507080078, "reduction": 56.25, "validation": {"accuracy": 62.5}, "test": {"accuracy": 31.25}}, "0.3": {"reduction_in_attributes": 75.0, "time": 0.001149892807006836, "reduction": 97.91666666666666, "validation": {"accuracy": 54.861111111111114}, "test": {"accuracy": 50.0}}, "0.4": {"reduction_in_attributes": 75.0, "time": 0.001016855239868164, "reduction": 97.91666666666666, "validation": {"accuracy": 52.083333333333336}, "test": {"accuracy": 68.75}}, "0.5": {"reduction_in_attributes": 75.0, "time": 0.001138925552368164, "reduction": 97.22222222222221, "validation": {"accuracy": 62.5}, "test": {"accuracy": 43.75}}, "0.6": {"reduction_in_attributes": 75.0, "time": 0.0010409355163574219, "reduction": 97.22222222222221, "validation": {"accuracy": 62.5}, "test": {"accuracy": 43.75}}, "0.7": {"reduction_in_attributes": 75.0, "time": 0.0010271072387695312, "reduction": 97.91666666666666, "validation": {"accuracy": 52.083333333333336}, "test": {"accuracy": 68.75}}, "0.8": {"reduction_in_attributes": 75.0, "time": 0.0012140274047851562, "reduction": 97.91666666666666, "validation": {"accuracy": 54.861111111111114}, "test": {"accuracy": 50.0}}, "0.9": {"reduction_in_attributes": 75.0, "time": 0.0009837150573730469, "reduction": 62.5, "validation": {"accuracy": 29.86111111111111}, "test": {"accuracy": 43.75}}, "1.0": {"reduction_in_attributes": 75.0, "time": 0.0009899139404296875, "reduction": 62.5, "validation": {"accuracy": 29.86111111111111}, "test": {"accuracy": 43.75}}}, "7": {"0.0": {"reduction_in_attributes": 75.0, "time": 0.001230001449584961, "reduction": 6.944444444444442,