{"3": {"0.0": {"reduction_in_attributes": 53.84615384615385, "time": 0.0016210079193115234, "reduction": 62.5, "validation": {"accuracy": 68.75}, "test": {"accuracy": 38.88888888888889}}, "0.1": {"reduction_in_attributes": 53.84615384615385, "time": 0.0015978813171386719, "reduction": 66.875, "validation": {"accuracy": 61.875}, "test": {"accuracy": 33.33333333333333}}, "0.2": {"reduction_in_attributes": 53.84615384615385, "time": 0.001584768295288086, "reduction": 68.125, "validation": {"accuracy": 61.875}, "test": {"accuracy": 33.33333333333333}}, "0.3": {"reduction_in_attributes": 53.84615384615385, "time": 0.0015578269958496094, "reduction": 70.0, "validation": {"accuracy": 58.75}, "test": {"accuracy": 33.33333333333333}}, "0.4": {"reduction_in_attributes": 53.84615384615385, "time": 0.0015380382537841797, "reduction": 73.75, "validation": {"accuracy": 58.75}, "test": {"accuracy": 33.33333333333333}}, "0.5": {"reduction_in_attributes": 53.84615384615385, "time": 0.0016849040985107422, "reduction": 78.75, "validation": {"accuracy": 56.25}, "test": {"accuracy": 33.33333333333333}}, "0.6": {"reduction_in_attributes": 53.84615384615385, "time": 0.0014700889587402344, "reduction": 84.375, "validation": {"accuracy": 53.125}, "test": {"accuracy": 33.33333333333333}}, "0.7": {"reduction_in_attributes": 53.84615384615385, "time": 0.001374959945678711, "reduction": 93.75, "validation": {"accuracy": 50.625}, "test": {"accuracy": 38.88888888888889}}, "0.8": {"reduction_in_attributes": 53.84615384615385, "time": 0.0012936592102050781, "reduction": 97.5, "validation": {"accuracy": 60.62499999999999}, "test": {"accuracy": 33.33333333333333}}, "0.9": {"reduction_in_attributes": 53.84615384615385, "time": 0.0012171268463134766, "reduction": 98.125, "validation": {"accuracy": 65.625}, "test": {"accuracy": 33.33333333333333}}, "1.0": {"reduction_in_attributes": 53.84615384615385, "time": 0.001191854476928711, "reduction": 98.125, "validation": {"accuracy": 61.25000000000001}, "test": {"accuracy": 33.33333333333333}}}, "4": {"0.0": {"reduction_in_attributes": 53.84615384615385, "time": 0.0016198158264160156, "reduction": 61.875, "validation": {"accuracy": 66.875}, "test": {"accuracy": 50.0}}, "0.1": {"reduction_in_attributes": 53.84615384615385, "time": 0.001725912094116211, "reduction": 67.5, "validation": {"accuracy": 65.0}, "test": {"accuracy": 44.44444444444444}}, "0.2": {"reduction_in_attributes": 53.84615384615385, "time": 0.0015649795532226562, "reduction": 70.0, "validation": {"accuracy": 65.0}, "test": {"accuracy": 44.44444444444444}}, "0.3": {"reduction_in_attributes": 53.84615384615385, "time": 0.0015568733215332031, "reduction": 72.5, "validation": {"accuracy": 63.74999999999999}, "test": {"accuracy": 38.88888888888889}}, "0.4": {"reduction_in_attributes": 53.84615384615385, "time": 0.0015139579772949219, "reduction": 77.5, "validation": {"accuracy": 58.75}, "test": {"accuracy": 38.88888888888889}}, "0.5": {"reduction_in_attributes": 53.84615384615385, "time": 0.001474142074584961, "reduction": 83.75, "validation": {"accuracy": 57.49999999999999}, "test": {"accuracy": 38.88888888888889}}, "0.6": {"reduction_in_attributes": 53.84615384615385, "time": 0.0015380382537841797, "reduction": 86.25, "validation": {"accuracy": 58.12500000000001}, "test": {"accuracy": 38.88888888888889}}, "0.7": {"reduction_in_attributes": 53.84615384615385, "time": 0.0013659000396728516, "reduction": 90.0, "validation": {"accuracy": 54.37499999999999}, "test": {"accuracy": 38.88888888888889}}, "0.8": {"reduction_in_attributes": 53.84615384615385, "time": 0.0013072490692138672, "reduction": 95.625, "validation": {"accuracy": 52.5}, "test": {"accuracy": 38.88888888888889}}, "0.9": {"reduction_in_attributes": 53.84615384615385, "time": 0.0014681816101074219, "reduction": 98.125, "validation": {"accuracy": 64.375}, "test": {"accuracy": 44.44444444444444}}, "1.0": {"reduction_in_attributes": 53.84615384615385, "time": 0.001168966293334961, "reduction": 98.125, "validation": {"accuracy": 63.125}, "test": {"accuracy": 44.44444444444444}}}, "5": {"0.0": {"reduction_in_attributes": 53.84615384615385, "time": 0.001619100570678711, "reduction": 63.74999999999999, "validation": {"accuracy": 63.74999999999999}, "test": {"accuracy": 61.111111111111114}}, "0.1": {"reduction_in_attributes": 53.84615384615385, "time": 0.0015752315521240234, "reduction": 67.5, "validation": {"accuracy": 66.875}, "test": {"accuracy": 55.55555555555556}}, "0.2": {"reduction_in_attributes": 53.84615384615385, "time": 0.0015711784362792969, "reduction": 69.375, "validation": {"accuracy": 65.0}, "test": {"accuracy": 55.55555555555556}}, "0.3": {"reduction_in_attributes": 53.84615384615385, "time": 0.001561880111694336, "reduction": 70.625, "validation": {"accuracy": 61.25000000000001}, "test": {"accuracy": 55.55555555555556}}, "0.4": {"reduction_in_attributes": 53.84615384615385, "time": 0.0015938282012939453, "reduction": 71.875, "validation": {"accuracy": 64.375}, "test": {"accuracy": 55.55555555555556}}, "0.5": {"reduction_in_attributes": 53.84615384615385, "time": 0.0015208721160888672, "reduction": 73.75, "validation": {"accuracy": 60.62499999999999}, "test": {"accuracy": 55.55555555555556}}, "0.6": {"reduction_in_attributes": 53.84615384615385, "time": 0.0014650821685791016, "reduction": 82.5, "validation": {"accuracy": 60.62499999999999}, "test": {"accuracy": 55.55555555555556}}, "0.7": {"reduction_in_attributes": 53.84615384615385, "time": 0.001355886459350586, "reduction": 88.125, "validation": {"accuracy": 56.875}, "test": {"accuracy": 44.44444444444444}}, "0.8": {"reduction_in_attributes": 53.84615384615385, "time": 0.0013089179992675781, "reduction": 93.75, "validation": {"accuracy": 58.12500000000001}, "test": {"accuracy": 44.44444444444444}}, "0.9": {"reduction_in_attributes": 53.84615384615385, "time": 0.0012469291687011719, "reduction": 98.125, "validation": {"accuracy": 62.5}, "test": {"accuracy": 61.111111111111114}}, "1.0": {"reduction_in_attributes": 53.84615384615385, "time": 0.001413106918334961, "reduction": 98.125, "validation": {"accuracy": 60.62499999999999}, "test": {"accuracy": 55.55555555555556}}}, "6": {"0.0": {"reduction_in_attributes": 53.84615384615385, "time": 0.0015859603881835938, "reduction": 67.5, "validation": {"accuracy": 63.74999999999999}, "test": {"accuracy": 55.55555555555556}}, "0.1": {"reduction_in_attributes": 53.84615384615385, "time": 0.0015828609466552734, "reduction": 71.25, "validation": {"accuracy": 65.0}, "test": {"accuracy": 44.44444444444444}}, "0.2": {"reduction_in_attributes": 53.84615384615385, "time": 0.0015611648559570312, "reduction": 73.125, "validation": {"accuracy": 63.74999999999999}, "test": {"accuracy": 38.88888888888889}}, "0.3": {"reduction_in_attributes": 53.84615384615385, "time": 0.0015687942504882812, "reduction": 74.375, "validation": {"accuracy": 56.25}, "test": {"accuracy": 38.88888888888889}}, "0.4": {"reduction_in_attributes": 53.84615384615385, "time": 0.001522064208984375, "reduction": 80.625, "validation": {"accuracy": 60.0}, "test": {"accuracy": 50.0}}, "0.5": {"reduction_in_attributes": 53.84615384615385, "time": 0.0015048980712890625, "reduction": 82.5, "validation": {"accuracy": 62.5}, "test": {"accuracy": 50.0}}, "0.6": {"reduction_in_attributes": 53.84615384615385, "time": 0.0014829635620117188, "reduction": 91.25, "validation": {"accuracy": 60.62499999999999}, "test": {"accuracy": 44.44444444444444}}, "0.7": {"reduction_in_attributes": 53.84615384615385, "time": 0.0014269351959228516, "reduction": 93.75, "validation": {"accuracy": 63.125}, "test": {"accuracy": 44.44444444444444}}, "0.8": {"reduction_in_attributes": 53.84615384615385, "time": 0.001293182373046875, "reduction": 98.125, "validation": {"accuracy": 63.74999999999999}, "test": {"accuracy": 33.33333333333333}}, "0.9": {"reduction_in_attributes": 53.84615384615385, "time": 0.0012121200561523438, "reduction": 98.125, "validation": {"accuracy": 64.375},