{"3": {"0.0": {"reduction_in_attributes": 92.3076923076923, "time": 0.019223928451538086, "reduction": 7.295173961840629, "validation": {"accuracy": 87.54208754208754}, "test": {"accuracy": 12.121212121212121}}, "0.1": {"reduction_in_attributes": 92.3076923076923, "time": 0.018649816513061523, "reduction": 12.90684624017957, "validation": {"accuracy": 76.20650953984287}, "test": {"accuracy": 16.161616161616163}}, "0.2": {"reduction_in_attributes": 92.3076923076923, "time": 0.018066883087158203, "reduction": 20.763187429854103, "validation": {"accuracy": 78.33894500561168}, "test": {"accuracy": 16.161616161616163}}, "0.3": {"reduction_in_attributes": 92.3076923076923, "time": 0.01706385612487793, "reduction": 26.823793490460158, "validation": {"accuracy": 65.88103254769922}, "test": {"accuracy": 8.080808080808081}}, "0.4": {"reduction_in_attributes": 92.3076923076923, "time": 0.017815113067626953, "reduction": 28.507295173961843, "validation": {"accuracy": 79.01234567901234}, "test": {"accuracy": 26.262626262626267}}, "0.5": {"reduction_in_attributes": 92.3076923076923, "time": 0.016428232192993164, "reduction": 37.37373737373737, "validation": {"accuracy": 61.27946127946128}, "test": {"accuracy": 11.11111111111111}}, "0.6": {"reduction_in_attributes": 92.3076923076923, "time": 0.01505899429321289, "reduction": 52.300785634118974, "validation": {"accuracy": 51.0662177328844}, "test": {"accuracy": 13.131313131313133}}, "0.7": {"reduction_in_attributes": 92.3076923076923, "time": 0.015525341033935547, "reduction": 55.892255892255896, "validation": {"accuracy": 58.69809203142536}, "test": {"accuracy": 26.262626262626267}}, "0.8": {"reduction_in_attributes": 92.3076923076923, "time": 0.011678934097290039, "reduction": 48.597081930415264, "validation": {"accuracy": 9.31537598204265}, "test": {"accuracy": 7.07070707070707}}, "0.9": {"reduction_in_attributes": 92.3076923076923, "time": 0.013299942016601562, "reduction": 78.11447811447812, "validation": {"accuracy": 9.876543209876543}, "test": {"accuracy": 2.0202020202020203}}, "1.0": {"reduction_in_attributes": 92.3076923076923, "time": 0.013086795806884766, "reduction": 98.76543209876543, "validation": {"accuracy": 15.151515151515152}, "test": {"accuracy": 14.14141414141414}}}, "4": {"0.0": {"reduction_in_attributes": 92.3076923076923, "time": 0.018064022064208984, "reduction": 0.0, "validation": {"accuracy": 9.764309764309765}, "test": {"accuracy": 3.0303030303030303}}, "0.1": {"reduction_in_attributes": 92.3076923076923, "time": 0.018362998962402344, "reduction": 14.365881032547701, "validation": {"accuracy": 76.87991021324355}, "test": {"accuracy": 11.11111111111111}}, "0.2": {"reduction_in_attributes": 92.3076923076923, "time": 0.018383026123046875, "reduction": 15.263748597081928, "validation": {"accuracy": 78.56341189674522}, "test": {"accuracy": 17.17171717171717}}, "0.3": {"reduction_in_attributes": 92.3076923076923, "time": 0.01655292510986328, "reduction": 34.231200897867566, "validation": {"accuracy": 65.54433221099887}, "test": {"accuracy": 16.161616161616163}}, "0.4": {"reduction_in_attributes": 92.3076923076923, "time": 0.017546892166137695, "reduction": 28.05836139169473, "validation": {"accuracy": 72.72727272727273}, "test": {"accuracy": 21.21212121212121}}, "0.5": {"reduction_in_attributes": 92.3076923076923, "time": 0.01178598403930664, "reduction": 48.9337822671156, "validation": {"accuracy": 9.20314253647587}, "test": {"accuracy": 8.080808080808081}}, "0.6": {"reduction_in_attributes": 92.3076923076923, "time": 0.011810064315795898, "reduction": 48.9337822671156, "validation": {"accuracy": 9.20314253647587}, "test": {"accuracy": 8.080808080808081}}, "0.7": {"reduction_in_attributes": 92.3076923076923, "time": 0.014997005462646484, "reduction": 60.71829405162739, "validation": {"accuracy": 47.25028058361392}, "test": {"accuracy": 17.17171717171717}}, "0.8": {"reduction_in_attributes": 92.3076923076923, "time": 0.014350175857543945, "reduction": 71.60493827160495, "validation": {"accuracy": 39.28170594837261}, "test": {"accuracy": 15.151515151515152}}, "0.9": {"reduction_in_attributes": 92.3076923076923, "time": 0.011911869049072266, "reduction": 48.9337822671156, "validation": {"accuracy": 9.20314253647587}, "test": {"accuracy": 8.080808080808081}}, "1.0": {"reduction_in_attributes": 92.3076923076923, "time": 0.012789011001586914, "reduction": 94.27609427609428, "validation": {"accuracy": 9.539842873176205}, "test": {"accuracy": 5.05050505050505}}}, "5": {"0.0": {"reduction_in_attributes": 92.3076923076923, "time": 0.019017934799194336, "reduction": 5.274971941638606, "validation": {"accuracy": 84.0628507295174}, "test": {"accuracy": 7.07070707070707}}, "0.1": {"reduction_in_attributes": 92.3076923076923, "time": 0.018043041229248047, "reduction": 15.937149270482609, "validation": {"accuracy": 73.84960718294052}, "test": {"accuracy": 10.1010101010101}}, "0.2": {"reduction_in_attributes": 92.3076923076923, "time": 0.017251968383789062, "reduction": 23.68125701459035, "validation": {"accuracy": 72.8395061728395}, "test": {"accuracy": 11.11111111111111}}, "0.3": {"reduction_in_attributes": 92.3076923076923, "time": 0.017489910125732422, "reduction": 23.456790123456795, "validation": {"accuracy": 72.50280583613917}, "test": {"accuracy": 11.11111111111111}}, "0.4": {"reduction_in_attributes": 92.3076923076923, "time": 0.016458988189697266, "reduction": 39.50617283950617, "validation": {"accuracy": 62.065095398428724}, "test": {"accuracy": 8.080808080808081}}, "0.5": {"reduction_in_attributes": 92.3076923076923, "time": 0.014470815658569336, "reduction": 59.25925925925925, "validation": {"accuracy": 44.78114478114478}, "test": {"accuracy": 11.11111111111111}}, "0.6": {"reduction_in_attributes": 92.3076923076923, "time": 0.016098976135253906, "reduction": 40.40404040404041, "validation": {"accuracy": 63.41189674523008}, "test": {"accuracy": 24.242424242424242}}, "0.7": {"reduction_in_attributes": 92.3076923076923, "time": 0.014384031295776367, "reduction": 67.11560044893379, "validation": {"accuracy": 40.06734006734007}, "test": {"accuracy": 16.161616161616163}}, "0.8": {"reduction_in_attributes": 92.3076923076923, "time": 0.013710975646972656, "reduction": 63.18742985409652, "validation": {"accuracy": 10.1010101010101}, "test": {"accuracy": 0.0}}, "0.9": {"reduction_in_attributes": 92.3076923076923, "time": 0.013957023620605469, "reduction": 74.74747474747474, "validation": {"accuracy": 32.88439955106622}, "test": {"accuracy": 10.1010101010101}}, "1.0": {"reduction_in_attributes": 92.3076923076923, "time": 0.013096094131469727, "reduction": 98.76543209876543, "validation": {"accuracy": 17.732884399551065}, "test": {"accuracy": 22.22222222222222}}}, "6": {"0.0": {"reduction_in_attributes": 92.3076923076923, "time": 0.019899845123291016, "reduction": 7.295173961840629, "validation": {"accuracy": 86.64421997755332}, "test": {"accuracy": 11.11111111111111}}, "0.1": {"reduction_in_attributes": 92.3076923076923, "time": 0.012146949768066406, "reduction": 49.270482603815935, "validation": {"accuracy": 9.427609427609427}, "test": {"accuracy": 6.0606060606060606}}, "0.2": {"reduction_in_attributes": 92.3076923076923, "time": 0.018613815307617188, "reduction": 16.947250280583614, "validation": {"accuracy": 70.14590347923682}, "test": {"accuracy": 13.131313131313133}}, "0.3": {"reduction_in_attributes": 92.3076923076923, "time": 0.018352746963500977, "reduction": 22.22222222222222, "validation": {"accuracy": 74.97194163860831}, "test": {"accuracy": 15.151515151515152}}, "0.4": {"reduction_in_attributes": 92.3076923076923, "time": 0.016572952270507812, "reduction": 39.05723905723906, "validation": {"accuracy": 61.84062850729517}, "test": {"accuracy": 13.131313131313133}}, "0.5": {"reduction_in_attributes": 92.3076923076923, "time": 0.01225590705871582, "reduction": 46.801346801346796, "validation": {"accuracy": 9.539842873176205}, "test": {"accuracy": 5.05050505050505}},