{"3": {"0.0": {"reduction_in_attributes": 88.88888888888889, "time": 0.039553165435791016, "reduction": 0.0, "validation": {"accuracy": 35.77358490566038}, "test": {"accuracy": 36.486486486486484}}, "0.1": {"reduction_in_attributes": 88.88888888888889, "time": 0.0334780216217041, "reduction": 47.47169811320755, "validation": {"accuracy": 35.54716981132076}, "test": {"accuracy": 35.13513513513514}}, "0.2": {"reduction_in_attributes": 88.88888888888889, "time": 0.0363161563873291, "reduction": 24.83018867924528, "validation": {"accuracy": 43.54716981132076}, "test": {"accuracy": 43.24324324324324}}, "0.3": {"reduction_in_attributes": 88.88888888888889, "time": 0.03666090965270996, "reduction": 24.83018867924528, "validation": {"accuracy": 43.54716981132076}, "test": {"accuracy": 43.24324324324324}}, "0.4": {"reduction_in_attributes": 88.88888888888889, "time": 0.03519320487976074, "reduction": 35.47169811320755, "validation": {"accuracy": 40.52830188679245}, "test": {"accuracy": 44.5945945945946}}, "0.5": {"reduction_in_attributes": 88.88888888888889, "time": 0.03116130828857422, "reduction": 67.16981132075472, "validation": {"accuracy": 44.83018867924528}, "test": {"accuracy": 32.432432432432435}}, "0.6": {"reduction_in_attributes": 88.88888888888889, "time": 0.032850027084350586, "reduction": 52.981132075471706, "validation": {"accuracy": 43.54716981132076}, "test": {"accuracy": 43.24324324324324}}, "0.7": {"reduction_in_attributes": 88.88888888888889, "time": 0.027786970138549805, "reduction": 99.77358490566037, "validation": {"accuracy": 35.77358490566038}, "test": {"accuracy": 36.486486486486484}}, "0.8": {"reduction_in_attributes": 88.88888888888889, "time": 0.028782129287719727, "reduction": 90.49056603773586, "validation": {"accuracy": 39.39622641509434}, "test": {"accuracy": 35.810810810810814}}, "0.9": {"reduction_in_attributes": 88.88888888888889, "time": 0.027360916137695312, "reduction": 99.77358490566037, "validation": {"accuracy": 35.77358490566038}, "test": {"accuracy": 36.486486486486484}}, "1.0": {"reduction_in_attributes": 88.88888888888889, "time": 0.028070688247680664, "reduction": 99.77358490566037, "validation": {"accuracy": 43.32075471698113}, "test": {"accuracy": 42.567567567567565}}}, "4": {"0.0": {"reduction_in_attributes": 88.88888888888889, "time": 0.040250301361083984, "reduction": 0.0, "validation": {"accuracy": 38.989441930618405}, "test": {"accuracy": 27.89115646258503}}, "0.1": {"reduction_in_attributes": 88.88888888888889, "time": 0.03560304641723633, "reduction": 21.87028657616893, "validation": {"accuracy": 38.83861236802414}, "test": {"accuracy": 33.33333333333333}}, "0.2": {"reduction_in_attributes": 88.88888888888889, "time": 0.03365302085876465, "reduction": 26.696832579185525, "validation": {"accuracy": 36.199095022624434}, "test": {"accuracy": 32.6530612244898}}, "0.3": {"reduction_in_attributes": 88.88888888888889, "time": 0.0351409912109375, "reduction": 36.19909502262444, "validation": {"accuracy": 41.704374057315235}, "test": {"accuracy": 34.01360544217687}}, "0.4": {"reduction_in_attributes": 88.88888888888889, "time": 0.03486514091491699, "reduction": 41.40271493212669, "validation": {"accuracy": 41.704374057315235}, "test": {"accuracy": 34.01360544217687}}, "0.5": {"reduction_in_attributes": 88.88888888888889, "time": 0.0345308780670166, "reduction": 36.57616892911011, "validation": {"accuracy": 40.120663650075414}, "test": {"accuracy": 36.734693877551024}}, "0.6": {"reduction_in_attributes": 88.88888888888889, "time": 0.029639244079589844, "reduction": 80.01508295625943, "validation": {"accuracy": 43.06184012066365}, "test": {"accuracy": 42.17687074829932}}, "0.7": {"reduction_in_attributes": 88.88888888888889, "time": 0.027996063232421875, "reduction": 99.77375565610859, "validation": {"accuracy": 36.199095022624434}, "test": {"accuracy": 32.6530612244898}}, "0.8": {"reduction_in_attributes": 88.88888888888889, "time": 0.02976393699645996, "reduction": 99.77375565610859, "validation": {"accuracy": 43.81598793363499}, "test": {"accuracy": 40.816326530612244}}, "0.9": {"reduction_in_attributes": 88.88888888888889, "time": 0.019796133041381836, "reduction": 44.64555052790347, "validation": {"accuracy": 38.23529411764706}, "test": {"accuracy": 36.054421768707485}}, "1.0": {"reduction_in_attributes": 88.88888888888889, "time": 0.02754688262939453, "reduction": 99.77375565610859, "validation": {"accuracy": 43.06184012066365}, "test": {"accuracy": 42.17687074829932}}}, "5": {"0.0": {"reduction_in_attributes": 88.88888888888889, "time": 0.03883194923400879, "reduction": 0.15082956259426794, "validation": {"accuracy": 45.399698340874814}, "test": {"accuracy": 43.53741496598639}}, "0.1": {"reduction_in_attributes": 88.88888888888889, "time": 0.037236928939819336, "reduction": 15.309200603318251, "validation": {"accuracy": 38.3107088989442}, "test": {"accuracy": 40.816326530612244}}, "0.2": {"reduction_in_attributes": 88.88888888888889, "time": 0.03676867485046387, "reduction": 24.35897435897436, "validation": {"accuracy": 39.06485671191554}, "test": {"accuracy": 46.25850340136054}}, "0.3": {"reduction_in_attributes": 88.88888888888889, "time": 0.033254146575927734, "reduction": 26.77224736048266, "validation": {"accuracy": 35.97285067873303}, "test": {"accuracy": 34.69387755102041}}, "0.4": {"reduction_in_attributes": 88.88888888888889, "time": 0.03185606002807617, "reduction": 47.96380090497737, "validation": {"accuracy": 45.17345399698341}, "test": {"accuracy": 38.775510204081634}}, "0.5": {"reduction_in_attributes": 88.88888888888889, "time": 0.03521895408630371, "reduction": 41.32730015082956, "validation": {"accuracy": 41.251885369532424}, "test": {"accuracy": 38.095238095238095}}, "0.6": {"reduction_in_attributes": 88.88888888888889, "time": 0.024743080139160156, "reduction": 82.05128205128204, "validation": {"accuracy": 38.91402714932127}, "test": {"accuracy": 37.41496598639456}}, "0.7": {"reduction_in_attributes": 88.88888888888889, "time": 0.03318977355957031, "reduction": 64.63046757164403, "validation": {"accuracy": 41.251885369532424}, "test": {"accuracy": 38.095238095238095}}, "0.8": {"reduction_in_attributes": 88.88888888888889, "time": 0.028009891510009766, "reduction": 99.77375565610859, "validation": {"accuracy": 35.97285067873303}, "test": {"accuracy": 34.69387755102041}}, "0.9": {"reduction_in_attributes": 88.88888888888889, "time": 0.023967266082763672, "reduction": 31.52337858220211, "validation": {"accuracy": 35.36953242835596}, "test": {"accuracy": 33.33333333333333}}, "1.0": {"reduction_in_attributes": 88.88888888888889, "time": 0.030268192291259766, "reduction": 99.77375565610859, "validation": {"accuracy": 32.65460030165912}, "test": {"accuracy": 33.33333333333333}}}, "6": {"0.0": {"reduction_in_attributes": 88.88888888888889, "time": 0.04019880294799805, "reduction": 0.2262443438914019, "validation": {"accuracy": 45.77677224736048}, "test": {"accuracy": 44.89795918367347}}, "0.1": {"reduction_in_attributes": 88.88888888888889, "time": 0.03584408760070801, "reduction": 25.26395173453997, "validation": {"accuracy": 37.782805429864254}, "test": {"accuracy": 38.775510204081634}}, "0.2": {"reduction_in_attributes": 88.88888888888889, "time": 0.03633928298950195, "reduction": 24.73604826546003, "validation": {"accuracy": 43.58974358974359}, "test": {"accuracy": 42.857142857142854}}, "0.3": {"reduction_in_attributes": 88.88888888888889, "time": 0.035759925842285156, "reduction": 24.73604826546003, "validation": {"accuracy": 43.58974358974359}, "test": {"accuracy": 42.857142857142854}}, "0.4": {"reduction_in_attributes": 88.88888888888889, "time": 0.023866891860961914, "reduction": 32.57918552036199, "validation": {"accuracy": 34.61538461538461}, "test": {"accuracy": 40.136054421768705}}, "0.5": {"reduction_in_attributes": 88.88888888888889, "time": 0.03308415412902832, "reduction": 39.89441930618401, "validation": {"accuracy": 37.782805429864254}, "test": {"accuracy": 38.775510204081634}},