{"3": {"0.0": {"reduction_in_attributes": 90.9090909090909, "time": 0.4131181240081787, "reduction": 0.5898366606170602, "validation": {"accuracy": 26.270417422867514}, "test": {"accuracy": 7.959183673469387}}, "0.1": {"reduction_in_attributes": 90.9090909090909, "time": 0.3876652717590332, "reduction": 7.4410163339382995, "validation": {"accuracy": 27.83575317604356}, "test": {"accuracy": 28.163265306122447}}, "0.2": {"reduction_in_attributes": 90.9090909090909, "time": 0.3920907974243164, "reduction": 20.25862068965517, "validation": {"accuracy": 44.48729582577132}, "test": {"accuracy": 35.30612244897959}}, "0.3": {"reduction_in_attributes": 90.9090909090909, "time": 0.37322020530700684, "reduction": 15.517241379310342, "validation": {"accuracy": 31.306715063520873}, "test": {"accuracy": 11.63265306122449}}, "0.4": {"reduction_in_attributes": 90.9090909090909, "time": 0.35894179344177246, "reduction": 21.68784029038112, "validation": {"accuracy": 27.72232304900181}, "test": {"accuracy": 35.10204081632653}}, "0.5": {"reduction_in_attributes": 90.9090909090909, "time": 0.34451818466186523, "reduction": 34.11978221415608, "validation": {"accuracy": 38.86116152450091}, "test": {"accuracy": 30.816326530612244}}, "0.6": {"reduction_in_attributes": 90.9090909090909, "time": 0.3379240036010742, "reduction": 48.32123411978222, "validation": {"accuracy": 42.03720508166969}, "test": {"accuracy": 34.08163265306122}}, "0.7": {"reduction_in_attributes": 90.9090909090909, "time": 0.30611395835876465, "reduction": 66.08439201451905, "validation": {"accuracy": 28.402903811252266}, "test": {"accuracy": 28.97959183673469}}, "0.8": {"reduction_in_attributes": 90.9090909090909, "time": 0.31151628494262695, "reduction": 62.52268602540835, "validation": {"accuracy": 27.336660617059895}, "test": {"accuracy": 30.0}}, "0.9": {"reduction_in_attributes": 90.9090909090909, "time": 0.29212212562561035, "reduction": 77.76769509981851, "validation": {"accuracy": 29.69600725952813}, "test": {"accuracy": 27.95918367346939}}, "1.0": {"reduction_in_attributes": 90.9090909090909, "time": 0.28587913513183594, "reduction": 99.8185117967332, "validation": {"accuracy": 42.51361161524501}, "test": {"accuracy": 41.224489795918366}}}, "4": {"0.0": {"reduction_in_attributes": 90.9090909090909, "time": 0.39864301681518555, "reduction": 0.567150635208713, "validation": {"accuracy": 29.99092558983666}, "test": {"accuracy": 14.285714285714285}}, "0.1": {"reduction_in_attributes": 90.9090909090909, "time": 0.3712158203125, "reduction": 10.390199637023589, "validation": {"accuracy": 27.35934664246824}, "test": {"accuracy": 45.30612244897959}}, "0.2": {"reduction_in_attributes": 90.9090909090909, "time": 0.35622596740722656, "reduction": 16.923774954627945, "validation": {"accuracy": 34.05172413793103}, "test": {"accuracy": 34.89795918367347}}, "0.3": {"reduction_in_attributes": 90.9090909090909, "time": 0.3564906120300293, "reduction": 16.039019963702362, "validation": {"accuracy": 34.21052631578947}, "test": {"accuracy": 44.48979591836735}}, "0.4": {"reduction_in_attributes": 90.9090909090909, "time": 0.3139681816101074, "reduction": 45.145190562613436, "validation": {"accuracy": 33.12159709618875}, "test": {"accuracy": 29.591836734693878}}, "0.5": {"reduction_in_attributes": 90.9090909090909, "time": 0.31958770751953125, "reduction": 47.867513611615244, "validation": {"accuracy": 41.78765880217786}, "test": {"accuracy": 40.40816326530612}}, "0.6": {"reduction_in_attributes": 90.9090909090909, "time": 0.3072822093963623, "reduction": 66.83303085299455, "validation": {"accuracy": 41.78765880217786}, "test": {"accuracy": 40.816326530612244}}, "0.7": {"reduction_in_attributes": 90.9090909090909, "time": 0.31288599967956543, "reduction": 47.708711433756804, "validation": {"accuracy": 29.378402903811253}, "test": {"accuracy": 24.285714285714285}}, "0.8": {"reduction_in_attributes": 90.9090909090909, "time": 0.29050278663635254, "reduction": 82.87205081669691, "validation": {"accuracy": 33.37114337568058}, "test": {"accuracy": 32.244897959183675}}, "0.9": {"reduction_in_attributes": 90.9090909090909, "time": 0.2952539920806885, "reduction": 63.294010889292196, "validation": {"accuracy": 19.96370235934664}, "test": {"accuracy": 13.877551020408163}}, "1.0": {"reduction_in_attributes": 90.9090909090909, "time": 0.2786529064178467, "reduction": 97.09618874773139, "validation": {"accuracy": 7.577132486388385}, "test": {"accuracy": 13.26530612244898}}}, "5": {"0.0": {"reduction_in_attributes": 90.9090909090909, "time": 0.38579320907592773, "reduction": 0.8393829401088904, "validation": {"accuracy": 41.47005444646098}, "test": {"accuracy": 29.795918367346943}}, "0.1": {"reduction_in_attributes": 90.9090909090909, "time": 0.3363947868347168, "reduction": 31.624319419237747, "validation": {"accuracy": 29.99092558983666}, "test": {"accuracy": 38.775510204081634}}, "0.2": {"reduction_in_attributes": 90.9090909090909, "time": 0.35649704933166504, "reduction": 13.407441016333943, "validation": {"accuracy": 32.55444646098004}, "test": {"accuracy": 30.20408163265306}}, "0.3": {"reduction_in_attributes": 90.9090909090909, "time": 0.3218686580657959, "reduction": 41.71960072595281, "validation": {"accuracy": 29.900181488203266}, "test": {"accuracy": 36.3265306122449}}, "0.4": {"reduction_in_attributes": 90.9090909090909, "time": 0.3060159683227539, "reduction": 54.10617059891108, "validation": {"accuracy": 31.533575317604356}, "test": {"accuracy": 26.73469387755102}}, "0.5": {"reduction_in_attributes": 90.9090909090909, "time": 0.321544885635376, "reduction": 45.80308529945554, "validation": {"accuracy": 41.1978221415608}, "test": {"accuracy": 36.3265306122449}}, "0.6": {"reduction_in_attributes": 90.9090909090909, "time": 0.29343318939208984, "reduction": 74.09255898366607, "validation": {"accuracy": 31.692377495462793}, "test": {"accuracy": 31.63265306122449}}, "0.7": {"reduction_in_attributes": 90.9090909090909, "time": 0.2924511432647705, "reduction": 69.57803992740472, "validation": {"accuracy": 28.19872958257713}, "test": {"accuracy": 33.265306122448976}}, "0.8": {"reduction_in_attributes": 90.9090909090909, "time": 0.28250885009765625, "reduction": 96.64246823956442, "validation": {"accuracy": 31.57894736842105}, "test": {"accuracy": 30.816326530612244}}, "0.9": {"reduction_in_attributes": 90.9090909090909, "time": 0.28232312202453613, "reduction": 88.70235934664247, "validation": {"accuracy": 32.849364791288565}, "test": {"accuracy": 30.612244897959183}}, "1.0": {"reduction_in_attributes": 90.9090909090909, "time": 0.27803802490234375, "reduction": 99.84119782214155, "validation": {"accuracy": 26.47459165154265}, "test": {"accuracy": 25.71428571428571}}}, "6": {"0.0": {"reduction_in_attributes": 90.9090909090909, "time": 0.39354896545410156, "reduction": 2.3593466424682408, "validation": {"accuracy": 33.64337568058076}, "test": {"accuracy": 38.9795918367347}}, "0.1": {"reduction_in_attributes": 90.9090909090909, "time": 0.37450480461120605, "reduction": 10.934664246823955, "validation": {"accuracy": 27.654264972776772}, "test": {"accuracy": 17.551020408163264}}, "0.2": {"reduction_in_attributes": 90.9090909090909, "time": 0.33496928215026855, "reduction": 28.697822141560803, "validation": {"accuracy": 31.28402903811252}, "test": {"accuracy": 38.57142857142858}}, "0.3": {"reduction_in_attributes": 90.9090909090909, "time": 0.36052417755126953, "reduction": 12.114337568058076, "validation": {"accuracy": 26.88294010889292}, "test": {"accuracy": 8.36734693877551}}, "0.4": {"reduction_in_attributes": 90.9090909090909, "time": 0.3121616840362549, "reduction": 48.16243194192378, "validation": {"accuracy": 31.28402903811252}, "test": {"accuracy": 31.83673469387755}}, "0.5": {"reduction_in_attributes": 90.9090909090909, "time": 0.33099913597106934, "reduction": 31.374773139745916, "validation": {"accuracy": 27.563520871143375}, "test": {"accuracy": 15.510204081632653}},