{"3": {"0.0": {"reduction_in_attributes": 87.5, "time": 0.029308080673217773, "reduction": 1.7228464419475675, "validation": {"accuracy": 16.629213483146067}, "test": {"accuracy": 34.22818791946309}}, "0.1": {"reduction_in_attributes": 87.5, "time": 0.028552770614624023, "reduction": 3.0711610486891416, "validation": {"accuracy": 22.621722846441948}, "test": {"accuracy": 28.859060402684566}}, "0.2": {"reduction_in_attributes": 87.5, "time": 0.02639484405517578, "reduction": 19.10112359550562, "validation": {"accuracy": 18.127340823970037}, "test": {"accuracy": 18.79194630872483}}, "0.3": {"reduction_in_attributes": 87.5, "time": 0.03583693504333496, "reduction": 9.13857677902622, "validation": {"accuracy": 30.0374531835206}, "test": {"accuracy": 22.14765100671141}}, "0.4": {"reduction_in_attributes": 87.5, "time": 0.028851032257080078, "reduction": 27.715355805243448, "validation": {"accuracy": 16.254681647940075}, "test": {"accuracy": 36.91275167785235}}, "0.5": {"reduction_in_attributes": 87.5, "time": 0.01665782928466797, "reduction": 25.99250936329588, "validation": {"accuracy": 3.445692883895131}, "test": {"accuracy": 3.3557046979865772}}, "0.6": {"reduction_in_attributes": 87.5, "time": 0.02560591697692871, "reduction": 40.44943820224719, "validation": {"accuracy": 15.730337078651685}, "test": {"accuracy": 36.241610738255034}}, "0.7": {"reduction_in_attributes": 87.5, "time": 0.024239063262939453, "reduction": 48.838951310861425, "validation": {"accuracy": 17.528089887640448}, "test": {"accuracy": 33.557046979865774}}, "0.8": {"reduction_in_attributes": 87.5, "time": 0.02299809455871582, "reduction": 56.40449438202248, "validation": {"accuracy": 22.621722846441948}, "test": {"accuracy": 29.53020134228188}}, "0.9": {"reduction_in_attributes": 87.5, "time": 0.021564245223999023, "reduction": 81.34831460674157, "validation": {"accuracy": 32.58426966292135}, "test": {"accuracy": 32.21476510067114}}, "1.0": {"reduction_in_attributes": 87.5, "time": 0.011856317520141602, "reduction": 99.7752808988764, "validation": {"accuracy": 31.835205992509362}, "test": {"accuracy": 31.543624161073826}}}, "4": {"0.0": {"reduction_in_attributes": 87.5, "time": 0.03509211540222168, "reduction": 0.1498127340823996, "validation": {"accuracy": 31.53558052434457}, "test": {"accuracy": 18.79194630872483}}, "0.1": {"reduction_in_attributes": 87.5, "time": 0.03197216987609863, "reduction": 3.2958801498127355, "validation": {"accuracy": 19.550561797752806}, "test": {"accuracy": 36.241610738255034}}, "0.2": {"reduction_in_attributes": 87.5, "time": 0.013812065124511719, "reduction": 52.43445692883895, "validation": {"accuracy": 31.760299625468164}, "test": {"accuracy": 32.21476510067114}}, "0.3": {"reduction_in_attributes": 87.5, "time": 0.026571035385131836, "reduction": 24.8689138576779, "validation": {"accuracy": 18.05243445692884}, "test": {"accuracy": 26.845637583892618}}, "0.4": {"reduction_in_attributes": 87.5, "time": 0.013245105743408203, "reduction": 52.43445692883895, "validation": {"accuracy": 31.760299625468164}, "test": {"accuracy": 32.21476510067114}}, "0.5": {"reduction_in_attributes": 87.5, "time": 0.02621912956237793, "reduction": 23.370786516853936, "validation": {"accuracy": 16.40449438202247}, "test": {"accuracy": 22.818791946308725}}, "0.6": {"reduction_in_attributes": 87.5, "time": 0.016377925872802734, "reduction": 26.067415730337075, "validation": {"accuracy": 3.445692883895131}, "test": {"accuracy": 3.3557046979865772}}, "0.7": {"reduction_in_attributes": 87.5, "time": 0.02820587158203125, "reduction": 64.41947565543072, "validation": {"accuracy": 17.97752808988764}, "test": {"accuracy": 22.14765100671141}}, "0.8": {"reduction_in_attributes": 87.5, "time": 0.01757526397705078, "reduction": 26.067415730337075, "validation": {"accuracy": 3.445692883895131}, "test": {"accuracy": 3.3557046979865772}}, "0.9": {"reduction_in_attributes": 87.5, "time": 0.023216962814331055, "reduction": 61.87265917602996, "validation": {"accuracy": 12.808988764044942}, "test": {"accuracy": 16.778523489932887}}, "1.0": {"reduction_in_attributes": 87.5, "time": 0.021481990814208984, "reduction": 97.60299625468166, "validation": {"accuracy": 11.535580524344569}, "test": {"accuracy": 6.7114093959731544}}}, "5": {"0.0": {"reduction_in_attributes": 87.5, "time": 0.03098917007446289, "reduction": 0.22455089820359042, "validation": {"accuracy": 14.97005988023952}, "test": {"accuracy": 28.37837837837838}}, "0.1": {"reduction_in_attributes": 87.5, "time": 0.029443740844726562, "reduction": 2.769461077844315, "validation": {"accuracy": 33.08383233532935}, "test": {"accuracy": 29.72972972972973}}, "0.2": {"reduction_in_attributes": 87.5, "time": 0.028666973114013672, "reduction": 4.6407185628742464, "validation": {"accuracy": 28.29341317365269}, "test": {"accuracy": 22.972972972972975}}, "0.3": {"reduction_in_attributes": 87.5, "time": 0.027312040328979492, "reduction": 22.82934131736527, "validation": {"accuracy": 16.691616766467064}, "test": {"accuracy": 34.45945945945946}}, "0.4": {"reduction_in_attributes": 87.5, "time": 0.027470111846923828, "reduction": 10.029940119760482, "validation": {"accuracy": 33.08383233532935}, "test": {"accuracy": 29.72972972972973}}, "0.5": {"reduction_in_attributes": 87.5, "time": 0.02746295928955078, "reduction": 14.296407185628745, "validation": {"accuracy": 20.65868263473054}, "test": {"accuracy": 36.486486486486484}}, "0.6": {"reduction_in_attributes": 87.5, "time": 0.026005983352661133, "reduction": 30.01497005988024, "validation": {"accuracy": 28.29341317365269}, "test": {"accuracy": 22.972972972972975}}, "0.7": {"reduction_in_attributes": 87.5, "time": 0.024782896041870117, "reduction": 35.703592814371255, "validation": {"accuracy": 33.08383233532935}, "test": {"accuracy": 32.432432432432435}}, "0.8": {"reduction_in_attributes": 87.5, "time": 0.02275395393371582, "reduction": 67.96407185628742, "validation": {"accuracy": 17.664670658682635}, "test": {"accuracy": 29.72972972972973}}, "0.9": {"reduction_in_attributes": 87.5, "time": 0.022593021392822266, "reduction": 71.18263473053892, "validation": {"accuracy": 28.143712574850298}, "test": {"accuracy": 18.91891891891892}}, "1.0": {"reduction_in_attributes": 87.5, "time": 0.02089405059814453, "reduction": 99.25149700598801, "validation": {"accuracy": 11.526946107784433}, "test": {"accuracy": 15.54054054054054}}}, "6": {"0.0": {"reduction_in_attributes": 87.5, "time": 0.020272016525268555, "reduction": 0.0, "validation": {"accuracy": 31.736526946107784}, "test": {"accuracy": 32.432432432432435}}, "0.1": {"reduction_in_attributes": 87.5, "time": 0.029282093048095703, "reduction": 2.6946107784431184, "validation": {"accuracy": 32.709580838323355}, "test": {"accuracy": 31.756756756756754}}, "0.2": {"reduction_in_attributes": 87.5, "time": 0.03780484199523926, "reduction": 18.7125748502994, "validation": {"accuracy": 16.61676646706587}, "test": {"accuracy": 20.945945945945947}}, "0.3": {"reduction_in_attributes": 87.5, "time": 0.016292095184326172, "reduction": 37.05089820359282, "validation": {"accuracy": 3.3682634730538923}, "test": {"accuracy": 4.054054054054054}}, "0.4": {"reduction_in_attributes": 87.5, "time": 0.026500225067138672, "reduction": 29.790419161676652, "validation": {"accuracy": 16.541916167664674}, "test": {"accuracy": 29.72972972972973}}, "0.5": {"reduction_in_attributes": 87.5, "time": 0.029129981994628906, "reduction": 20.43413173652695, "validation": {"accuracy": 29.34131736526946}, "test": {"accuracy": 23.64864864864865}}, "0.6": {"reduction_in_attributes": 87.5, "time": 0.027019023895263672, "reduction": 21.257485029940113, "validation": {"accuracy": 21.107784431137723}, "test": {"accuracy": 31.756756756756754}}, "0.7": {"reduction_in_attributes": 87.5, "time": 0.015095710754394531, "reduction": 37.05089820359282, "validation": {"accuracy": 3.3682634730538923}, "test": {"accuracy": 4.054054054054054}}, "0.8": {"reduction_in_attributes": 87.5, "time": 0.025866985321044922,