{"3": {"0.0": {"reduction_in_attributes": 85.71428571428572, "time": 0.005388975143432617, "reduction": 0.0, "validation": {"accuracy": 19.333333333333332}, "test": {"accuracy": 18.0}}, "0.1": {"reduction_in_attributes": 85.71428571428572, "time": 0.005138874053955078, "reduction": 9.55555555555555, "validation": {"accuracy": 19.333333333333332}, "test": {"accuracy": 18.0}}, "0.2": {"reduction_in_attributes": 85.71428571428572, "time": 0.0052258968353271484, "reduction": 8.666666666666668, "validation": {"accuracy": 20.444444444444446}, "test": {"accuracy": 20.0}}, "0.3": {"reduction_in_attributes": 85.71428571428572, "time": 0.005207061767578125, "reduction": 9.55555555555555, "validation": {"accuracy": 19.333333333333332}, "test": {"accuracy": 18.0}}, "0.4": {"reduction_in_attributes": 85.71428571428572, "time": 0.005202770233154297, "reduction": 9.333333333333337, "validation": {"accuracy": 18.88888888888889}, "test": {"accuracy": 18.0}}, "0.5": {"reduction_in_attributes": 85.71428571428572, "time": 0.004991054534912109, "reduction": 11.555555555555552, "validation": {"accuracy": 20.22222222222222}, "test": {"accuracy": 16.0}}, "0.6": {"reduction_in_attributes": 85.71428571428572, "time": 0.005154132843017578, "reduction": 8.666666666666668, "validation": {"accuracy": 20.444444444444446}, "test": {"accuracy": 20.0}}, "0.7": {"reduction_in_attributes": 85.71428571428572, "time": 0.004723787307739258, "reduction": 18.222222222222218, "validation": {"accuracy": 19.555555555555557}, "test": {"accuracy": 22.0}}, "0.8": {"reduction_in_attributes": 85.71428571428572, "time": 0.004949092864990234, "reduction": 9.55555555555555, "validation": {"accuracy": 18.0}, "test": {"accuracy": 20.0}}, "0.9": {"reduction_in_attributes": 85.71428571428572, "time": 0.0046961307525634766, "reduction": 18.222222222222218, "validation": {"accuracy": 19.555555555555557}, "test": {"accuracy": 22.0}}, "1.0": {"reduction_in_attributes": 85.71428571428572, "time": 0.004886150360107422, "reduction": 9.55555555555555, "validation": {"accuracy": 18.0}, "test": {"accuracy": 20.0}}}, "4": {"0.0": {"reduction_in_attributes": 85.71428571428572, "time": 0.005235910415649414, "reduction": 0.0, "validation": {"accuracy": 17.77777777777778}, "test": {"accuracy": 18.0}}, "0.1": {"reduction_in_attributes": 85.71428571428572, "time": 0.004702091217041016, "reduction": 18.444444444444443, "validation": {"accuracy": 18.88888888888889}, "test": {"accuracy": 20.0}}, "0.2": {"reduction_in_attributes": 85.71428571428572, "time": 0.005262851715087891, "reduction": 10.444444444444445, "validation": {"accuracy": 19.333333333333332}, "test": {"accuracy": 22.0}}, "0.3": {"reduction_in_attributes": 85.71428571428572, "time": 0.004988908767700195, "reduction": 12.0, "validation": {"accuracy": 15.555555555555555}, "test": {"accuracy": 14.000000000000002}}, "0.4": {"reduction_in_attributes": 85.71428571428572, "time": 0.005219221115112305, "reduction": 10.444444444444445, "validation": {"accuracy": 19.333333333333332}, "test": {"accuracy": 22.0}}, "0.5": {"reduction_in_attributes": 85.71428571428572, "time": 0.005611896514892578, "reduction": 10.444444444444445, "validation": {"accuracy": 19.333333333333332}, "test": {"accuracy": 22.0}}, "0.6": {"reduction_in_attributes": 85.71428571428572, "time": 0.005146026611328125, "reduction": 8.888888888888891, "validation": {"accuracy": 20.666666666666668}, "test": {"accuracy": 18.0}}, "0.7": {"reduction_in_attributes": 85.71428571428572, "time": 0.006304025650024414, "reduction": 9.777777777777775, "validation": {"accuracy": 17.77777777777778}, "test": {"accuracy": 18.0}}, "0.8": {"reduction_in_attributes": 85.71428571428572, "time": 0.005239009857177734, "reduction": 10.444444444444445, "validation": {"accuracy": 19.333333333333332}, "test": {"accuracy": 22.0}}, "0.9": {"reduction_in_attributes": 85.71428571428572, "time": 0.004798173904418945, "reduction": 18.444444444444443, "validation": {"accuracy": 18.88888888888889}, "test": {"accuracy": 20.0}}, "1.0": {"reduction_in_attributes": 85.71428571428572, "time": 0.0050580501556396484, "reduction": 9.777777777777775, "validation": {"accuracy": 17.77777777777778}, "test": {"accuracy": 18.0}}}, "5": {"0.0": {"reduction_in_attributes": 85.71428571428572, "time": 0.00568389892578125, "reduction": 0.0, "validation": {"accuracy": 20.666666666666668}, "test": {"accuracy": 18.0}}, "0.1": {"reduction_in_attributes": 85.71428571428572, "time": 0.005177974700927734, "reduction": 8.888888888888891, "validation": {"accuracy": 20.88888888888889}, "test": {"accuracy": 20.0}}, "0.2": {"reduction_in_attributes": 85.71428571428572, "time": 0.005038022994995117, "reduction": 12.222222222222223, "validation": {"accuracy": 19.11111111111111}, "test": {"accuracy": 18.0}}, "0.3": {"reduction_in_attributes": 85.71428571428572, "time": 0.004964113235473633, "reduction": 10.444444444444445, "validation": {"accuracy": 17.77777777777778}, "test": {"accuracy": 18.0}}, "0.4": {"reduction_in_attributes": 85.71428571428572, "time": 0.0048978328704833984, "reduction": 10.444444444444445, "validation": {"accuracy": 17.77777777777778}, "test": {"accuracy": 18.0}}, "0.5": {"reduction_in_attributes": 85.71428571428572, "time": 0.00510716438293457, "reduction": 10.444444444444445, "validation": {"accuracy": 17.77777777777778}, "test": {"accuracy": 18.0}}, "0.6": {"reduction_in_attributes": 85.71428571428572, "time": 0.005032062530517578, "reduction": 9.333333333333337, "validation": {"accuracy": 20.666666666666668}, "test": {"accuracy": 18.0}}, "0.7": {"reduction_in_attributes": 85.71428571428572, "time": 0.004757881164550781, "reduction": 18.666666666666664, "validation": {"accuracy": 18.88888888888889}, "test": {"accuracy": 20.0}}, "0.8": {"reduction_in_attributes": 85.71428571428572, "time": 0.0052716732025146484, "reduction": 11.333333333333329, "validation": {"accuracy": 17.77777777777778}, "test": {"accuracy": 16.0}}, "0.9": {"reduction_in_attributes": 85.71428571428572, "time": 0.005216121673583984, "reduction": 8.888888888888891, "validation": {"accuracy": 20.22222222222222}, "test": {"accuracy": 14.000000000000002}}, "1.0": {"reduction_in_attributes": 85.71428571428572, "time": 0.005070209503173828, "reduction": 9.333333333333337, "validation": {"accuracy": 20.666666666666668}, "test": {"accuracy": 18.0}}}, "6": {"0.0": {"reduction_in_attributes": 85.71428571428572, "time": 0.005522966384887695, "reduction": 0.0, "validation": {"accuracy": 15.11111111111111}, "test": {"accuracy": 18.0}}, "0.1": {"reduction_in_attributes": 85.71428571428572, "time": 0.004924774169921875, "reduction": 10.444444444444445, "validation": {"accuracy": 17.77777777777778}, "test": {"accuracy": 18.0}}, "0.2": {"reduction_in_attributes": 85.71428571428572, "time": 0.0053751468658447266, "reduction": 8.888888888888891, "validation": {"accuracy": 20.88888888888889}, "test": {"accuracy": 20.0}}, "0.3": {"reduction_in_attributes": 85.71428571428572, "time": 0.005205869674682617, "reduction": 8.888888888888891, "validation": {"accuracy": 20.88888888888889}, "test": {"accuracy": 20.0}}, "0.4": {"reduction_in_attributes": 85.71428571428572, "time": 0.005038022994995117, "reduction": 11.555555555555552, "validation": {"accuracy": 20.22222222222222}, "test": {"accuracy": 20.0}}, "0.5": {"reduction_in_attributes": 85.71428571428572, "time": 0.004994630813598633, "reduction": 12.444444444444446, "validation": {"accuracy": 15.11111111111111}, "test": {"accuracy": 18.0}}, "0.6": {"reduction_in_attributes": 85.71428571428572, "time": 0.00471806526184082, "reduction": 18.88888888888889, "validation": {"accuracy": 19.11111111111111}, "test": {"accuracy": 18.0}}, "0.7": {"reduction_in_attributes": 85.71428571428572, "time": 0.005112171173095703, "reduction": 8.888888888888891, "validation": {"accuracy": 20.88888888888889}, "test": {"accuracy": 20.0}}, "0.8": {"reduction_in_attributes": 85.71428571428572, "time": 0.005095958709716797, "reduction": 9.777777777777775,