{"3": {"0.0": {"reduction_in_attributes": 75.0, "time": 0.005856990814208984, "reduction": 0.0, "validation": {"accuracy": 45.55160142348754}, "test": {"accuracy": 31.746031746031743}}, "0.1": {"reduction_in_attributes": 75.0, "time": 0.006195068359375, "reduction": 24.021352313167256, "validation": {"accuracy": 53.55871886120996}, "test": {"accuracy": 57.14285714285714}}, "0.2": {"reduction_in_attributes": 75.0, "time": 0.005570888519287109, "reduction": 30.071174377224196, "validation": {"accuracy": 45.55160142348754}, "test": {"accuracy": 31.746031746031743}}, "0.3": {"reduction_in_attributes": 75.0, "time": 0.005125999450683594, "reduction": 37.188612099644125, "validation": {"accuracy": 45.55160142348754}, "test": {"accuracy": 31.746031746031743}}, "0.4": {"reduction_in_attributes": 75.0, "time": 0.005300045013427734, "reduction": 50.355871886120994, "validation": {"accuracy": 45.195729537366546}, "test": {"accuracy": 34.92063492063492}}, "0.5": {"reduction_in_attributes": 75.0, "time": 0.004742860794067383, "reduction": 69.7508896797153, "validation": {"accuracy": 53.55871886120996}, "test": {"accuracy": 57.14285714285714}}, "0.6": {"reduction_in_attributes": 75.0, "time": 0.005230903625488281, "reduction": 70.10676156583631, "validation": {"accuracy": 45.195729537366546}, "test": {"accuracy": 34.92063492063492}}, "0.7": {"reduction_in_attributes": 75.0, "time": 0.004759073257446289, "reduction": 70.8185053380783, "validation": {"accuracy": 45.55160142348754}, "test": {"accuracy": 31.746031746031743}}, "0.8": {"reduction_in_attributes": 75.0, "time": 0.005228996276855469, "reduction": 86.12099644128114, "validation": {"accuracy": 51.779359430604984}, "test": {"accuracy": 46.03174603174603}}, "0.9": {"reduction_in_attributes": 75.0, "time": 0.0045659542083740234, "reduction": 99.4661921708185, "validation": {"accuracy": 51.779359430604984}, "test": {"accuracy": 46.03174603174603}}, "1.0": {"reduction_in_attributes": 75.0, "time": 0.005390167236328125, "reduction": 99.4661921708185, "validation": {"accuracy": 53.91459074733096}, "test": {"accuracy": 53.96825396825397}}}, "4": {"0.0": {"reduction_in_attributes": 75.0, "time": 0.006790876388549805, "reduction": 0.0, "validation": {"accuracy": 44.128113879003564}, "test": {"accuracy": 55.55555555555556}}, "0.1": {"reduction_in_attributes": 75.0, "time": 0.006122112274169922, "reduction": 21.88612099644128, "validation": {"accuracy": 63.70106761565836}, "test": {"accuracy": 61.904761904761905}}, "0.2": {"reduction_in_attributes": 75.0, "time": 0.006076812744140625, "reduction": 27.580071174377217, "validation": {"accuracy": 44.128113879003564}, "test": {"accuracy": 55.55555555555556}}, "0.3": {"reduction_in_attributes": 75.0, "time": 0.005134105682373047, "reduction": 34.87544483985765, "validation": {"accuracy": 46.263345195729535}, "test": {"accuracy": 36.507936507936506}}, "0.4": {"reduction_in_attributes": 75.0, "time": 0.0049839019775390625, "reduction": 52.84697508896797, "validation": {"accuracy": 45.01779359430605}, "test": {"accuracy": 47.61904761904761}}, "0.5": {"reduction_in_attributes": 75.0, "time": 0.005271196365356445, "reduction": 44.128113879003564, "validation": {"accuracy": 44.128113879003564}, "test": {"accuracy": 55.55555555555556}}, "0.6": {"reduction_in_attributes": 75.0, "time": 0.004630088806152344, "reduction": 69.03914590747331, "validation": {"accuracy": 46.263345195729535}, "test": {"accuracy": 36.507936507936506}}, "0.7": {"reduction_in_attributes": 75.0, "time": 0.004699230194091797, "reduction": 86.65480427046263, "validation": {"accuracy": 45.01779359430605}, "test": {"accuracy": 47.61904761904761}}, "0.8": {"reduction_in_attributes": 75.0, "time": 0.005048036575317383, "reduction": 81.49466192170819, "validation": {"accuracy": 46.263345195729535}, "test": {"accuracy": 36.507936507936506}}, "0.9": {"reduction_in_attributes": 75.0, "time": 0.004334211349487305, "reduction": 99.4661921708185, "validation": {"accuracy": 54.804270462633454}, "test": {"accuracy": 46.03174603174603}}, "1.0": {"reduction_in_attributes": 75.0, "time": 0.0047681331634521484, "reduction": 82.56227758007117, "validation": {"accuracy": 58.89679715302491}, "test": {"accuracy": 60.317460317460316}}}, "5": {"0.0": {"reduction_in_attributes": 75.0, "time": 0.005926847457885742, "reduction": 0.0, "validation": {"accuracy": 45.90747330960854}, "test": {"accuracy": 39.682539682539684}}, "0.1": {"reduction_in_attributes": 75.0, "time": 0.006194114685058594, "reduction": 22.419928825622783, "validation": {"accuracy": 46.08540925266904}, "test": {"accuracy": 38.095238095238095}}, "0.2": {"reduction_in_attributes": 75.0, "time": 0.005281925201416016, "reduction": 28.29181494661922, "validation": {"accuracy": 45.90747330960854}, "test": {"accuracy": 39.682539682539684}}, "0.3": {"reduction_in_attributes": 75.0, "time": 0.005115985870361328, "reduction": 48.93238434163701, "validation": {"accuracy": 45.90747330960854}, "test": {"accuracy": 39.682539682539684}}, "0.4": {"reduction_in_attributes": 75.0, "time": 0.00471186637878418, "reduction": 48.93238434163701, "validation": {"accuracy": 45.90747330960854}, "test": {"accuracy": 39.682539682539684}}, "0.5": {"reduction_in_attributes": 75.0, "time": 0.005064249038696289, "reduction": 61.032028469750884, "validation": {"accuracy": 45.55160142348754}, "test": {"accuracy": 42.857142857142854}}, "0.6": {"reduction_in_attributes": 75.0, "time": 0.0052220821380615234, "reduction": 73.13167259786478, "validation": {"accuracy": 45.55160142348754}, "test": {"accuracy": 42.857142857142854}}, "0.7": {"reduction_in_attributes": 75.0, "time": 0.005643129348754883, "reduction": 69.3950177935943, "validation": {"accuracy": 46.08540925266904}, "test": {"accuracy": 38.095238095238095}}, "0.8": {"reduction_in_attributes": 75.0, "time": 0.0055921077728271484, "reduction": 99.28825622775801, "validation": {"accuracy": 45.55160142348754}, "test": {"accuracy": 42.857142857142854}}, "0.9": {"reduction_in_attributes": 75.0, "time": 0.004266977310180664, "reduction": 99.28825622775801, "validation": {"accuracy": 44.661921708185055}, "test": {"accuracy": 39.682539682539684}}, "1.0": {"reduction_in_attributes": 75.0, "time": 0.00483393669128418, "reduction": 99.4661921708185, "validation": {"accuracy": 54.44839857651246}, "test": {"accuracy": 49.2063492063492}}}, "6": {"0.0": {"reduction_in_attributes": 75.0, "time": 0.006145000457763672, "reduction": 0.0, "validation": {"accuracy": 53.99644760213144}, "test": {"accuracy": 53.2258064516129}}, "0.1": {"reduction_in_attributes": 75.0, "time": 0.005693197250366211, "reduction": 22.024866785079933, "validation": {"accuracy": 53.99644760213144}, "test": {"accuracy": 53.2258064516129}}, "0.2": {"reduction_in_attributes": 75.0, "time": 0.006961822509765625, "reduction": 28.774422735346363, "validation": {"accuracy": 40.49733570159858}, "test": {"accuracy": 33.87096774193548}}, "0.3": {"reduction_in_attributes": 75.0, "time": 0.005475044250488281, "reduction": 35.87921847246892, "validation": {"accuracy": 45.825932504440495}, "test": {"accuracy": 40.32258064516129}}, "0.4": {"reduction_in_attributes": 75.0, "time": 0.005212068557739258, "reduction": 49.200710479573715, "validation": {"accuracy": 53.99644760213144}, "test": {"accuracy": 53.2258064516129}}, "0.5": {"reduction_in_attributes": 75.0, "time": 0.004990816116333008, "reduction": 85.96802841918296, "validation": {"accuracy": 54.174067495559505}, "test": {"accuracy": 51.61290322580645}}, "0.6": {"reduction_in_attributes": 75.0, "time": 0.005451202392578125, "reduction": 69.44937833037301, "validation": {"accuracy": 40.49733570159858}, "test": {"accuracy": 33.87096774193548}}, "0.7": {"reduction_in_attributes": 75.0, "time": 0.004728794097900391, "reduction": 85.96802841918296, "validation": {"accuracy": 54.174067495559505}, "test": {"accuracy": 51.61290322580645}}, "0.8": {"reduction_in_attributes": 75.0, "time": 0.004370927810668945, "reduction": 82.2380106571936,