{"3": {"0.0": {"time": 0.0010080337524414062, "reduction": 80.0, "validation": {"accuracy": 54.736842105263165}, "test": {"accuracy": 81.81818181818183}}, "0.1": {"time": 0.0008711814880371094, "reduction": 88.42105263157895, "validation": {"accuracy": 47.368421052631575}, "test": {"accuracy": 72.72727272727273}}, "0.2": {"time": 0.0008530616760253906, "reduction": 91.57894736842105, "validation": {"accuracy": 51.578947368421055}, "test": {"accuracy": 72.72727272727273}}, "0.3": {"time": 0.0017528533935546875, "reduction": 92.63157894736842, "validation": {"accuracy": 51.578947368421055}, "test": {"accuracy": 72.72727272727273}}, "0.4": {"time": 0.0014789104461669922, "reduction": 94.73684210526316, "validation": {"accuracy": 89.47368421052632}, "test": {"accuracy": 81.81818181818183}}, "0.5": {"time": 0.0009570121765136719, "reduction": 97.89473684210527, "validation": {"accuracy": 86.31578947368422}, "test": {"accuracy": 81.81818181818183}}, "0.6": {"time": 0.0007801055908203125, "reduction": 97.89473684210527, "validation": {"accuracy": 84.21052631578947}, "test": {"accuracy": 81.81818181818183}}, "0.7": {"time": 0.0007271766662597656, "reduction": 97.89473684210527, "validation": {"accuracy": 84.21052631578947}, "test": {"accuracy": 81.81818181818183}}, "0.8": {"time": 0.0007102489471435547, "reduction": 97.89473684210527, "validation": {"accuracy": 84.21052631578947}, "test": {"accuracy": 81.81818181818183}}, "0.9": {"time": 0.0016021728515625, "reduction": 97.89473684210527, "validation": {"accuracy": 83.15789473684211}, "test": {"accuracy": 81.81818181818183}}, "1.0": {"time": 0.0011398792266845703, "reduction": 97.89473684210527, "validation": {"accuracy": 74.73684210526315}, "test": {"accuracy": 81.81818181818183}}}, "4": {"0.0": {"time": 0.0010478496551513672, "reduction": 78.94736842105263, "validation": {"accuracy": 37.89473684210527}, "test": {"accuracy": 81.81818181818183}}, "0.1": {"time": 0.0009243488311767578, "reduction": 83.15789473684211, "validation": {"accuracy": 58.94736842105262}, "test": {"accuracy": 81.81818181818183}}, "0.2": {"time": 0.0008831024169921875, "reduction": 86.31578947368422, "validation": {"accuracy": 64.21052631578948}, "test": {"accuracy": 81.81818181818183}}, "0.3": {"time": 0.0008451938629150391, "reduction": 88.42105263157895, "validation": {"accuracy": 65.26315789473685}, "test": {"accuracy": 81.81818181818183}}, "0.4": {"time": 0.0014998912811279297, "reduction": 95.78947368421052, "validation": {"accuracy": 85.26315789473684}, "test": {"accuracy": 81.81818181818183}}, "0.5": {"time": 0.0012760162353515625, "reduction": 97.89473684210527, "validation": {"accuracy": 90.52631578947368}, "test": {"accuracy": 81.81818181818183}}, "0.6": {"time": 0.0008120536804199219, "reduction": 97.89473684210527, "validation": {"accuracy": 87.36842105263159}, "test": {"accuracy": 81.81818181818183}}, "0.7": {"time": 0.0007598400115966797, "reduction": 97.89473684210527, "validation": {"accuracy": 86.31578947368422}, "test": {"accuracy": 81.81818181818183}}, "0.8": {"time": 0.0007221698760986328, "reduction": 97.89473684210527, "validation": {"accuracy": 86.31578947368422}, "test": {"accuracy": 81.81818181818183}}, "0.9": {"time": 0.0006988048553466797, "reduction": 97.89473684210527, "validation": {"accuracy": 76.84210526315789}, "test": {"accuracy": 81.81818181818183}}, "1.0": {"time": 0.0015151500701904297, "reduction": 97.89473684210527, "validation": {"accuracy": 69.47368421052632}, "test": {"accuracy": 81.81818181818183}}}, "5": {"0.0": {"time": 0.0014090538024902344, "reduction": 85.26315789473684, "validation": {"accuracy": 75.78947368421053}, "test": {"accuracy": 90.9090909090909}}, "0.1": {"time": 0.0010542869567871094, "reduction": 90.52631578947368, "validation": {"accuracy": 82.10526315789474}, "test": {"accuracy": 81.81818181818183}}, "0.2": {"time": 0.0008690357208251953, "reduction": 92.63157894736842, "validation": {"accuracy": 82.10526315789474}, "test": {"accuracy": 81.81818181818183}}, "0.3": {"time": 0.0008101463317871094, "reduction": 94.73684210526316, "validation": {"accuracy": 76.84210526315789}, "test": {"accuracy": 90.9090909090909}}, "0.4": {"time": 0.0007660388946533203, "reduction": 97.89473684210527, "validation": {"accuracy": 92.63157894736842}, "test": {"accuracy": 81.81818181818183}}, "0.5": {"time": 0.0017139911651611328, "reduction": 97.89473684210527, "validation": {"accuracy": 89.47368421052632}, "test": {"accuracy": 81.81818181818183}}, "0.6": {"time": 0.0012359619140625, "reduction": 97.89473684210527, "validation": {"accuracy": 92.63157894736842}, "test": {"accuracy": 81.81818181818183}}, "0.7": {"time": 0.0009243488311767578, "reduction": 97.89473684210527, "validation": {"accuracy": 92.63157894736842}, "test": {"accuracy": 81.81818181818183}}, "0.8": {"time": 0.0007319450378417969, "reduction": 97.89473684210527, "validation": {"accuracy": 92.63157894736842}, "test": {"accuracy": 81.81818181818183}}, "0.9": {"time": 0.0006930828094482422, "reduction": 97.89473684210527, "validation": {"accuracy": 89.47368421052632}, "test": {"accuracy": 81.81818181818183}}, "1.0": {"time": 0.0006811618804931641, "reduction": 97.89473684210527, "validation": {"accuracy": 87.36842105263159}, "test": {"accuracy": 81.81818181818183}}}, "6": {"0.0": {"time": 0.0011792182922363281, "reduction": 83.15789473684211, "validation": {"accuracy": 38.94736842105263}, "test": {"accuracy": 81.81818181818183}}, "0.1": {"time": 0.0015578269958496094, "reduction": 88.42105263157895, "validation": {"accuracy": 38.94736842105263}, "test": {"accuracy": 81.81818181818183}}, "0.2": {"time": 0.00115203857421875, "reduction": 88.42105263157895, "validation": {"accuracy": 76.84210526315789}, "test": {"accuracy": 81.81818181818183}}, "0.3": {"time": 0.0008881092071533203, "reduction": 89.47368421052632, "validation": {"accuracy": 86.31578947368422}, "test": {"accuracy": 81.81818181818183}}, "0.4": {"time": 0.0008130073547363281, "reduction": 92.63157894736842, "validation": {"accuracy": 84.21052631578947}, "test": {"accuracy": 81.81818181818183}}, "0.5": {"time": 0.0007679462432861328, "reduction": 97.89473684210527, "validation": {"accuracy": 75.78947368421053}, "test": {"accuracy": 81.81818181818183}}, "0.6": {"time": 0.0010821819305419922, "reduction": 97.89473684210527, "validation": {"accuracy": 73.68421052631578}, "test": {"accuracy": 81.81818181818183}}, "0.7": {"time": 0.0014729499816894531, "reduction": 97.89473684210527, "validation": {"accuracy": 73.68421052631578}, "test": {"accuracy": 81.81818181818183}}, "0.8": {"time": 0.0012001991271972656, "reduction": 97.89473684210527, "validation": {"accuracy": 74.73684210526315}, "test": {"accuracy": 81.81818181818183}}, "0.9": {"time": 0.0007548332214355469, "reduction": 97.89473684210527, "validation": {"accuracy": 72.63157894736842}, "test": {"accuracy": 81.81818181818183}}, "1.0": {"time": 0.0007138252258300781, "reduction": 97.89473684210527, "validation": {"accuracy": 66.3157894736842}, "test": {"accuracy": 81.81818181818183}}}, "7": {"0.0": {"time": 0.0008950233459472656, "reduction": 87.5, "validation": {"accuracy": 94.79166666666666}, "test": {"accuracy": 80.0}}, "0.1": {"time": 0.0010533332824707031, "reduction": 90.625, "validation": {"accuracy": 93.75}, "test": {"accuracy": 80.0}}, "0.2": {"time": 0.0015420913696289062, "reduction": 94.79166666666666, "validation": {"accuracy": 94.79166666666666}, "test": {"accuracy": 80.0}}, "0.3": {"time": 0.0010797977447509766, "reduction": 94.79166666666666, "validation": {"accuracy": 94.79166666666666}, "test": {"accuracy": 80.0}}, "0.4": {"time": 0.0008490085601806641, "reduction": 94.79166666666666, "validation": {"accuracy": 94.79166666666666}, "test": {"accuracy": 80.0}}, "0.5": {"time": 0.0008161067962646484, "reduction": 96.875, "validation": {"accuracy": 96.875}, "test": {"accuracy": 80.0}}, "0.6": {"time": 0.0007789134979248047, "reduction": 96.875, "validation": {"accuracy": 96.875},