{"3": {"0.0": {"time": 0.04337906837463379, "reduction": 31.622641509433958, "validation": {"accuracy": 39.92452830188679}, "test": {"accuracy": 37.16216216216216}}, "0.1": {"time": 0.04116463661193848, "reduction": 33.81132075471698, "validation": {"accuracy": 40.15094339622641}, "test": {"accuracy": 37.83783783783784}}, "0.2": {"time": 0.04635810852050781, "reduction": 38.56603773584906, "validation": {"accuracy": 40.45283018867924}, "test": {"accuracy": 39.86486486486486}}, "0.3": {"time": 0.03922390937805176, "reduction": 48.60377358490566, "validation": {"accuracy": 42.56603773584906}, "test": {"accuracy": 45.94594594594595}}, "0.4": {"time": 0.03568577766418457, "reduction": 59.47169811320755, "validation": {"accuracy": 48.301886792452834}, "test": {"accuracy": 52.702702702702695}}, "0.5": {"time": 0.031678199768066406, "reduction": 74.18867924528301, "validation": {"accuracy": 47.471698113207545}, "test": {"accuracy": 50.67567567567568}}, "0.6": {"time": 0.02921581268310547, "reduction": 84.0754716981132, "validation": {"accuracy": 48.60377358490566}, "test": {"accuracy": 53.37837837837838}}, "0.7": {"time": 0.02665233612060547, "reduction": 90.71698113207547, "validation": {"accuracy": 45.96226415094339}, "test": {"accuracy": 49.32432432432432}}, "0.8": {"time": 0.026503801345825195, "reduction": 95.54716981132076, "validation": {"accuracy": 43.39622641509434}, "test": {"accuracy": 45.94594594594595}}, "0.9": {"time": 0.02602219581604004, "reduction": 98.26415094339622, "validation": {"accuracy": 39.47169811320755}, "test": {"accuracy": 41.891891891891895}}, "1.0": {"time": 0.026371240615844727, "reduction": 99.77358490566037, "validation": {"accuracy": 37.81132075471698}, "test": {"accuracy": 38.513513513513516}}}, "4": {"0.0": {"time": 0.044319868087768555, "reduction": 34.16289592760181, "validation": {"accuracy": 41.101055806938156}, "test": {"accuracy": 41.49659863945578}}, "0.1": {"time": 0.04210710525512695, "reduction": 39.14027149321267, "validation": {"accuracy": 41.02564102564102}, "test": {"accuracy": 41.49659863945578}}, "0.2": {"time": 0.04018115997314453, "reduction": 45.55052790346908, "validation": {"accuracy": 45.47511312217195}, "test": {"accuracy": 46.25850340136054}}, "0.3": {"time": 0.03727006912231445, "reduction": 54.52488687782806, "validation": {"accuracy": 51.35746606334841}, "test": {"accuracy": 47.61904761904761}}, "0.4": {"time": 0.03435707092285156, "reduction": 65.08295625942685, "validation": {"accuracy": 50.2262443438914}, "test": {"accuracy": 51.02040816326531}}, "0.5": {"time": 0.03129887580871582, "reduction": 78.43137254901961, "validation": {"accuracy": 51.055806938159876}, "test": {"accuracy": 49.65986394557823}}, "0.6": {"time": 0.02985095977783203, "reduction": 85.82202111613877, "validation": {"accuracy": 49.698340874811464}, "test": {"accuracy": 53.06122448979592}}, "0.7": {"time": 0.0274350643157959, "reduction": 90.64856711915536, "validation": {"accuracy": 46.380090497737555}, "test": {"accuracy": 48.97959183673469}}, "0.8": {"time": 0.028291940689086914, "reduction": 94.64555052790347, "validation": {"accuracy": 42.53393665158371}, "test": {"accuracy": 38.775510204081634}}, "0.9": {"time": 0.026973962783813477, "reduction": 97.43589743589743, "validation": {"accuracy": 37.17948717948718}, "test": {"accuracy": 35.374149659863946}}, "1.0": {"time": 0.0268862247467041, "reduction": 99.77375565610859, "validation": {"accuracy": 37.631975867269986}, "test": {"accuracy": 36.054421768707485}}}, "5": {"0.0": {"time": 0.04228997230529785, "reduction": 36.19909502262444, "validation": {"accuracy": 39.29110105580694}, "test": {"accuracy": 40.136054421768705}}, "0.1": {"time": 0.05129384994506836, "reduction": 40.57315233785822, "validation": {"accuracy": 38.612368024132735}, "test": {"accuracy": 40.816326530612244}}, "0.2": {"time": 0.03992486000061035, "reduction": 46.30467571644042, "validation": {"accuracy": 40.57315233785822}, "test": {"accuracy": 44.21768707482993}}, "0.3": {"time": 0.03730583190917969, "reduction": 57.088989441930615, "validation": {"accuracy": 45.85218702865762}, "test": {"accuracy": 42.857142857142854}}, "0.4": {"time": 0.03386092185974121, "reduction": 69.07993966817496, "validation": {"accuracy": 47.737556561085974}, "test": {"accuracy": 44.89795918367347}}, "0.5": {"time": 0.03029799461364746, "reduction": 79.33634992458522, "validation": {"accuracy": 47.88838612368024}, "test": {"accuracy": 43.53741496598639}}, "0.6": {"time": 0.02998518943786621, "reduction": 87.17948717948718, "validation": {"accuracy": 45.77677224736048}, "test": {"accuracy": 40.816326530612244}}, "0.7": {"time": 0.028775930404663086, "reduction": 92.15686274509804, "validation": {"accuracy": 43.74057315233786}, "test": {"accuracy": 38.775510204081634}}, "0.8": {"time": 0.026306867599487305, "reduction": 97.20965309200604, "validation": {"accuracy": 35.444947209653094}, "test": {"accuracy": 34.69387755102041}}, "0.9": {"time": 0.026720046997070312, "reduction": 99.17043740573152, "validation": {"accuracy": 34.91704374057315}, "test": {"accuracy": 34.69387755102041}}, "1.0": {"time": 0.033067941665649414, "reduction": 99.77375565610859, "validation": {"accuracy": 34.841628959276015}, "test": {"accuracy": 34.69387755102041}}}, "6": {"0.0": {"time": 0.04288315773010254, "reduction": 37.254901960784316, "validation": {"accuracy": 41.40271493212669}, "test": {"accuracy": 38.095238095238095}}, "0.1": {"time": 0.04060173034667969, "reduction": 41.478129713423826, "validation": {"accuracy": 41.101055806938156}, "test": {"accuracy": 37.41496598639456}}, "0.2": {"time": 0.03924202919006348, "reduction": 47.20965309200603, "validation": {"accuracy": 41.55354449472097}, "test": {"accuracy": 37.41496598639456}}, "0.3": {"time": 0.037136077880859375, "reduction": 58.069381598793356, "validation": {"accuracy": 43.96681749622926}, "test": {"accuracy": 38.095238095238095}}, "0.4": {"time": 0.04201507568359375, "reduction": 70.51282051282051, "validation": {"accuracy": 46.60633484162896}, "test": {"accuracy": 46.25850340136054}}, "0.5": {"time": 0.03164792060852051, "reduction": 82.50377073906485, "validation": {"accuracy": 45.70135746606335}, "test": {"accuracy": 45.57823129251701}}, "0.6": {"time": 0.02916884422302246, "reduction": 89.14027149321267, "validation": {"accuracy": 46.68174962292609}, "test": {"accuracy": 45.57823129251701}}, "0.7": {"time": 0.029052257537841797, "reduction": 93.66515837104072, "validation": {"accuracy": 37.782805429864254}, "test": {"accuracy": 38.775510204081634}}, "0.8": {"time": 0.02872776985168457, "reduction": 97.05882352941177, "validation": {"accuracy": 35.14328808446455}, "test": {"accuracy": 37.41496598639456}}, "0.9": {"time": 0.027759790420532227, "reduction": 99.24585218702866, "validation": {"accuracy": 34.69079939668175}, "test": {"accuracy": 36.054421768707485}}, "1.0": {"time": 0.02745795249938965, "reduction": 99.77375565610859, "validation": {"accuracy": 34.69079939668175}, "test": {"accuracy": 34.69387755102041}}}, "7": {"0.0": {"time": 0.04204416275024414, "reduction": 35.14328808446455, "validation": {"accuracy": 39.66817496229261}, "test": {"accuracy": 41.49659863945578}}, "0.1": {"time": 0.0414280891418457, "reduction": 36.95324283559578, "validation": {"accuracy": 40.19607843137255}, "test": {"accuracy": 42.17687074829932}}, "0.2": {"time": 0.044957876205444336, "reduction": 42.83559577677225, "validation": {"accuracy": 40.57315233785822}, "test": {"accuracy": 42.17687074829932}}, "0.3": {"time": 0.03804516792297363, "reduction": 50.678733031674206, "validation": {"accuracy": 40.27149321266968}, "test": {"accuracy": 42.17687074829932}}, "0.4": {"time": 0.033428192138671875, "reduction": 64.47963800904976, "validation": {"accuracy": 46.90799396681749}, "test": {"accuracy": 43.53741496598639}}, "0.5": {"time": 0.037281036376953125, "reduction": 76.69683257918551, "validation": {"accuracy": 41.40271493212669}, "test": {"accuracy": 39.455782312925166}},