{"3": {"0.0": {"reduction_in_attributes": 61.53846153846154, "time": 0.0024383068084716797, "reduction": 4.526748971193417, "validation": {"accuracy": 48.971193415637856}, "test": {"accuracy": 44.44444444444444}}, "0.1": {"reduction_in_attributes": 61.53846153846154, "time": 0.0019061565399169922, "reduction": 18.106995884773657, "validation": {"accuracy": 52.2633744855967}, "test": {"accuracy": 44.44444444444444}}, "0.2": {"reduction_in_attributes": 61.53846153846154, "time": 0.0027730464935302734, "reduction": 47.7366255144033, "validation": {"accuracy": 51.85185185185185}, "test": {"accuracy": 55.55555555555556}}, "0.3": {"reduction_in_attributes": 61.53846153846154, "time": 0.0028853416442871094, "reduction": 55.96707818930041, "validation": {"accuracy": 51.85185185185185}, "test": {"accuracy": 55.55555555555556}}, "0.4": {"reduction_in_attributes": 61.53846153846154, "time": 0.002543926239013672, "reduction": 72.42798353909465, "validation": {"accuracy": 53.086419753086425}, "test": {"accuracy": 59.25925925925925}}, "0.5": {"reduction_in_attributes": 61.53846153846154, "time": 0.0017170906066894531, "reduction": 91.35802469135803, "validation": {"accuracy": 65.4320987654321}, "test": {"accuracy": 74.07407407407408}}, "0.6": {"reduction_in_attributes": 61.53846153846154, "time": 0.0017118453979492188, "reduction": 94.65020576131687, "validation": {"accuracy": 59.25925925925925}, "test": {"accuracy": 77.77777777777779}}, "0.7": {"reduction_in_attributes": 61.53846153846154, "time": 0.0019550323486328125, "reduction": 95.88477366255144, "validation": {"accuracy": 59.25925925925925}, "test": {"accuracy": 77.77777777777779}}, "0.8": {"reduction_in_attributes": 61.53846153846154, "time": 0.0023870468139648438, "reduction": 97.53086419753086, "validation": {"accuracy": 62.139917695473244}, "test": {"accuracy": 74.07407407407408}}, "0.9": {"reduction_in_attributes": 61.53846153846154, "time": 0.001936197280883789, "reduction": 98.76543209876543, "validation": {"accuracy": 62.139917695473244}, "test": {"accuracy": 70.37037037037037}}, "1.0": {"reduction_in_attributes": 61.53846153846154, "time": 0.0014121532440185547, "reduction": 99.1769547325103, "validation": {"accuracy": 60.90534979423868}, "test": {"accuracy": 70.37037037037037}}}, "4": {"0.0": {"reduction_in_attributes": 61.53846153846154, "time": 0.002135753631591797, "reduction": 6.995884773662553, "validation": {"accuracy": 57.61316872427984}, "test": {"accuracy": 51.85185185185185}}, "0.1": {"reduction_in_attributes": 61.53846153846154, "time": 0.0017249584197998047, "reduction": 36.21399176954733, "validation": {"accuracy": 58.8477366255144}, "test": {"accuracy": 51.85185185185185}}, "0.2": {"reduction_in_attributes": 61.53846153846154, "time": 0.0031201839447021484, "reduction": 58.0246913580247, "validation": {"accuracy": 58.43621399176955}, "test": {"accuracy": 51.85185185185185}}, "0.3": {"reduction_in_attributes": 61.53846153846154, "time": 0.002516031265258789, "reduction": 67.48971193415639, "validation": {"accuracy": 59.25925925925925}, "test": {"accuracy": 51.85185185185185}}, "0.4": {"reduction_in_attributes": 61.53846153846154, "time": 0.0015020370483398438, "reduction": 78.18930041152264, "validation": {"accuracy": 57.61316872427984}, "test": {"accuracy": 55.55555555555556}}, "0.5": {"reduction_in_attributes": 61.53846153846154, "time": 0.001499176025390625, "reduction": 92.18106995884774, "validation": {"accuracy": 63.78600823045267}, "test": {"accuracy": 62.96296296296296}}, "0.6": {"reduction_in_attributes": 61.53846153846154, "time": 0.002141237258911133, "reduction": 92.5925925925926, "validation": {"accuracy": 63.37448559670782}, "test": {"accuracy": 62.96296296296296}}, "0.7": {"reduction_in_attributes": 61.53846153846154, "time": 0.001961946487426758, "reduction": 96.2962962962963, "validation": {"accuracy": 65.02057613168725}, "test": {"accuracy": 59.25925925925925}}, "0.8": {"reduction_in_attributes": 61.53846153846154, "time": 0.0023648738861083984, "reduction": 97.53086419753086, "validation": {"accuracy": 60.49382716049383}, "test": {"accuracy": 44.44444444444444}}, "0.9": {"reduction_in_attributes": 61.53846153846154, "time": 0.0015251636505126953, "reduction": 98.76543209876543, "validation": {"accuracy": 65.4320987654321}, "test": {"accuracy": 55.55555555555556}}, "1.0": {"reduction_in_attributes": 61.53846153846154, "time": 0.0012781620025634766, "reduction": 99.1769547325103, "validation": {"accuracy": 62.139917695473244}, "test": {"accuracy": 59.25925925925925}}}, "5": {"0.0": {"reduction_in_attributes": 61.53846153846154, "time": 0.002068042755126953, "reduction": 7.818930041152261, "validation": {"accuracy": 47.325102880658434}, "test": {"accuracy": 51.85185185185185}}, "0.1": {"reduction_in_attributes": 61.53846153846154, "time": 0.002420186996459961, "reduction": 43.62139917695473, "validation": {"accuracy": 53.086419753086425}, "test": {"accuracy": 48.148148148148145}}, "0.2": {"reduction_in_attributes": 61.53846153846154, "time": 0.0023250579833984375, "reduction": 58.43621399176955, "validation": {"accuracy": 56.79012345679012}, "test": {"accuracy": 48.148148148148145}}, "0.3": {"reduction_in_attributes": 61.53846153846154, "time": 0.0023021697998046875, "reduction": 64.6090534979424, "validation": {"accuracy": 53.49794238683128}, "test": {"accuracy": 59.25925925925925}}, "0.4": {"reduction_in_attributes": 61.53846153846154, "time": 0.0016841888427734375, "reduction": 81.89300411522633, "validation": {"accuracy": 54.73251028806584}, "test": {"accuracy": 62.96296296296296}}, "0.5": {"reduction_in_attributes": 61.53846153846154, "time": 0.0017032623291015625, "reduction": 91.35802469135803, "validation": {"accuracy": 53.90946502057613}, "test": {"accuracy": 59.25925925925925}}, "0.6": {"reduction_in_attributes": 61.53846153846154, "time": 0.0020830631256103516, "reduction": 95.47325102880659, "validation": {"accuracy": 56.37860082304527}, "test": {"accuracy": 55.55555555555556}}, "0.7": {"reduction_in_attributes": 61.53846153846154, "time": 0.0020589828491210938, "reduction": 97.94238683127571, "validation": {"accuracy": 62.96296296296296}, "test": {"accuracy": 55.55555555555556}}, "0.8": {"reduction_in_attributes": 61.53846153846154, "time": 0.0016520023345947266, "reduction": 98.76543209876543, "validation": {"accuracy": 60.90534979423868}, "test": {"accuracy": 70.37037037037037}}, "0.9": {"reduction_in_attributes": 61.53846153846154, "time": 0.0018627643585205078, "reduction": 99.1769547325103, "validation": {"accuracy": 56.37860082304527}, "test": {"accuracy": 70.37037037037037}}, "1.0": {"reduction_in_attributes": 61.53846153846154, "time": 0.0012826919555664062, "reduction": 99.1769547325103, "validation": {"accuracy": 60.90534979423868}, "test": {"accuracy": 70.37037037037037}}}, "6": {"0.0": {"reduction_in_attributes": 61.53846153846154, "time": 0.0019428730010986328, "reduction": 5.349794238683126, "validation": {"accuracy": 54.32098765432099}, "test": {"accuracy": 48.148148148148145}}, "0.1": {"reduction_in_attributes": 61.53846153846154, "time": 0.0022308826446533203, "reduction": 33.333333333333336, "validation": {"accuracy": 63.37448559670782}, "test": {"accuracy": 40.74074074074074}}, "0.2": {"reduction_in_attributes": 61.53846153846154, "time": 0.001867055892944336, "reduction": 52.674897119341566, "validation": {"accuracy": 57.61316872427984}, "test": {"accuracy": 40.74074074074074}}, "0.3": {"reduction_in_attributes": 61.53846153846154, "time": 0.0019009113311767578, "reduction": 56.790123456790134, "validation": {"accuracy": 60.08230452674898}, "test": {"accuracy": 48.148148148148145}}, "0.4": {"reduction_in_attributes": 61.53846153846154, "time": 0.001725912094116211, "reduction": 78.60082304526749, "validation": {"accuracy": 56.79012345679012}, "test": {"accuracy": 51.85185185185185}}, "0.5": {"reduction_in_attributes": 61.53846153846154, "time": 0.0017399787902832031, "reduction": 91.35802469135803,