{"3": {"0.0": {"time": 0.07241487503051758, "reduction": 0.3028773346794522, "validation": {"accuracy": 70.36850075719335}, "test": {"accuracy": 72.27272727272728}}, "0.1": {"time": 0.059615373611450195, "reduction": 41.03987884906613, "validation": {"accuracy": 64.71479050984351}, "test": {"accuracy": 60.0}}, "0.2": {"time": 0.05757880210876465, "reduction": 54.164563351842496, "validation": {"accuracy": 48.460373548712774}, "test": {"accuracy": 49.54545454545455}}, "0.3": {"time": 0.055130958557128906, "reduction": 76.7794043412418, "validation": {"accuracy": 66.93589096415951}, "test": {"accuracy": 68.18181818181817}}, "0.4": {"time": 0.05318117141723633, "reduction": 94.85108531044926, "validation": {"accuracy": 47.5012619888945}, "test": {"accuracy": 48.63636363636364}}, "0.5": {"time": 0.05248522758483887, "reduction": 99.59616355376073, "validation": {"accuracy": 48.207975769813224}, "test": {"accuracy": 50.45454545454545}}, "0.6": {"time": 0.052304983139038086, "reduction": 99.59616355376073, "validation": {"accuracy": 62.79656739020697}, "test": {"accuracy": 65.0}}, "0.7": {"time": 0.05108904838562012, "reduction": 99.79808177688037, "validation": {"accuracy": 70.31802120141343}, "test": {"accuracy": 73.18181818181819}}, "0.8": {"time": 0.049987077713012695, "reduction": 99.89904088844018, "validation": {"accuracy": 68.95507319535588}, "test": {"accuracy": 70.9090909090909}}, "0.9": {"time": 0.049836158752441406, "reduction": 99.89904088844018, "validation": {"accuracy": 68.95507319535588}, "test": {"accuracy": 70.9090909090909}}, "1.0": {"time": 0.04847002029418945, "reduction": 99.89904088844018, "validation": {"accuracy": 68.95507319535588}, "test": {"accuracy": 70.9090909090909}}}, "4": {"0.0": {"time": 0.06806230545043945, "reduction": 0.3028773346794522, "validation": {"accuracy": 67.59212518929833}, "test": {"accuracy": 70.45454545454545}}, "0.1": {"time": 0.05962204933166504, "reduction": 44.37152953054013, "validation": {"accuracy": 63.099444724886425}, "test": {"accuracy": 60.909090909090914}}, "0.2": {"time": 0.05774521827697754, "reduction": 54.01312468450278, "validation": {"accuracy": 50.731953558808684}, "test": {"accuracy": 50.45454545454545}}, "0.3": {"time": 0.055117130279541016, "reduction": 77.53659767794043, "validation": {"accuracy": 69.6113074204947}, "test": {"accuracy": 72.27272727272728}}, "0.4": {"time": 0.05443882942199707, "reduction": 93.3871781928319, "validation": {"accuracy": 68.19787985865725}, "test": {"accuracy": 70.0}}, "0.5": {"time": 0.05268502235412598, "reduction": 99.59616355376073, "validation": {"accuracy": 61.08026249369005}, "test": {"accuracy": 60.909090909090914}}, "0.6": {"time": 0.05189394950866699, "reduction": 99.59616355376073, "validation": {"accuracy": 61.53457849570923}, "test": {"accuracy": 62.272727272727266}}, "0.7": {"time": 0.05140089988708496, "reduction": 99.79808177688037, "validation": {"accuracy": 68.75315497223625}, "test": {"accuracy": 70.45454545454545}}, "0.8": {"time": 0.05019998550415039, "reduction": 99.89904088844018, "validation": {"accuracy": 67.54164563351843}, "test": {"accuracy": 66.36363636363637}}, "0.9": {"time": 0.0494999885559082, "reduction": 99.89904088844018, "validation": {"accuracy": 67.54164563351843}, "test": {"accuracy": 66.36363636363637}}, "1.0": {"time": 0.048644065856933594, "reduction": 99.89904088844018, "validation": {"accuracy": 67.54164563351843}, "test": {"accuracy": 66.36363636363637}}}, "5": {"0.0": {"time": 0.06831097602844238, "reduction": 0.0, "validation": {"accuracy": 67.74356385663806}, "test": {"accuracy": 68.18181818181817}}, "0.1": {"time": 0.06589627265930176, "reduction": 45.2801615345785, "validation": {"accuracy": 64.15951539626451}, "test": {"accuracy": 66.36363636363637}}, "0.2": {"time": 0.057711124420166016, "reduction": 53.30641090358406, "validation": {"accuracy": 64.15951539626451}, "test": {"accuracy": 66.36363636363637}}, "0.3": {"time": 0.054180145263671875, "reduction": 79.50530035335689, "validation": {"accuracy": 68.24835941443716}, "test": {"accuracy": 66.81818181818183}}, "0.4": {"time": 0.05372190475463867, "reduction": 91.41847551741544, "validation": {"accuracy": 68.39979808177688}, "test": {"accuracy": 70.45454545454545}}, "0.5": {"time": 0.053179264068603516, "reduction": 99.59616355376073, "validation": {"accuracy": 61.8879353861686}, "test": {"accuracy": 65.9090909090909}}, "0.6": {"time": 0.05232405662536621, "reduction": 99.59616355376073, "validation": {"accuracy": 68.19787985865725}, "test": {"accuracy": 70.45454545454545}}, "0.7": {"time": 0.05173134803771973, "reduction": 99.79808177688037, "validation": {"accuracy": 70.31802120141343}, "test": {"accuracy": 69.54545454545455}}, "0.8": {"time": 0.0499269962310791, "reduction": 99.89904088844018, "validation": {"accuracy": 65.06814740030288}, "test": {"accuracy": 69.54545454545455}}, "0.9": {"time": 0.04913496971130371, "reduction": 99.89904088844018, "validation": {"accuracy": 65.06814740030288}, "test": {"accuracy": 69.54545454545455}}, "1.0": {"time": 0.048655033111572266, "reduction": 99.89904088844018, "validation": {"accuracy": 65.06814740030288}, "test": {"accuracy": 69.54545454545455}}}, "6": {"0.0": {"time": 0.06908082962036133, "reduction": 0.15143866733973166, "validation": {"accuracy": 63.351842503785974}, "test": {"accuracy": 62.272727272727266}}, "0.1": {"time": 0.05906319618225098, "reduction": 44.52296819787986, "validation": {"accuracy": 63.80615850580514}, "test": {"accuracy": 61.36363636363637}}, "0.2": {"time": 0.056887149810791016, "reduction": 53.76072690560323, "validation": {"accuracy": 63.80615850580514}, "test": {"accuracy": 61.36363636363637}}, "0.3": {"time": 0.054010868072509766, "reduction": 83.4427057041898, "validation": {"accuracy": 64.6138313982837}, "test": {"accuracy": 61.81818181818181}}, "0.4": {"time": 0.05419802665710449, "reduction": 90.61080262493691, "validation": {"accuracy": 67.79404341241798}, "test": {"accuracy": 61.81818181818181}}, "0.5": {"time": 0.05329418182373047, "reduction": 99.59616355376073, "validation": {"accuracy": 63.04896516910651}, "test": {"accuracy": 56.36363636363636}}, "0.6": {"time": 0.05177497863769531, "reduction": 99.64664310954063, "validation": {"accuracy": 67.8950025239778}, "test": {"accuracy": 65.9090909090909}}, "0.7": {"time": 0.051537275314331055, "reduction": 99.64664310954063, "validation": {"accuracy": 67.74356385663806}, "test": {"accuracy": 66.36363636363637}}, "0.8": {"time": 0.04970598220825195, "reduction": 99.79808177688037, "validation": {"accuracy": 67.49116607773851}, "test": {"accuracy": 62.272727272727266}}, "0.9": {"time": 0.050269126892089844, "reduction": 99.89904088844018, "validation": {"accuracy": 65.27006562342251}, "test": {"accuracy": 58.63636363636363}}, "1.0": {"time": 0.04851484298706055, "reduction": 99.89904088844018, "validation": {"accuracy": 65.27006562342251}, "test": {"accuracy": 58.63636363636363}}}, "7": {"0.0": {"time": 0.06844496726989746, "reduction": 0.0, "validation": {"accuracy": 68.55123674911661}, "test": {"accuracy": 74.54545454545455}}, "0.1": {"time": 0.058309078216552734, "reduction": 47.248864209994956, "validation": {"accuracy": 49.520444220090866}, "test": {"accuracy": 54.54545454545454}}, "0.2": {"time": 0.05726003646850586, "reduction": 53.65976779404341, "validation": {"accuracy": 49.520444220090866}, "test": {"accuracy": 54.54545454545454}}, "0.3": {"time": 0.05355405807495117, "reduction": 83.19030792529026, "validation": {"accuracy": 68.90459363957598}, "test": {"accuracy": 74.0909090909091}}, "0.4": {"time": 0.05291914939880371, "reduction": 90.30792529025744, "validation": {"accuracy": 65.32054517920243}, "test": {"accuracy": 70.0}}, "0.5": {"time": 0.054547786712646484, "reduction": 99.59616355376073, "validation": {"accuracy": 61.282180716809684}, "test": {"accuracy": 65.0}}, "0.6": {"time": 0.053034067153930664, "reduction": 99.59616355376073, "validation": {"accuracy": 68.04644119131751},