{"3": {"0.0": {"reduction_in_attributes": 46.15384615384615, "time": 0.002418994903564453, "reduction": 37.860082304526756, "validation": {"accuracy": 46.913580246913575}, "test": {"accuracy": 59.25925925925925}}, "0.1": {"reduction_in_attributes": 46.15384615384615, "time": 0.0025620460510253906, "reduction": 44.44444444444444, "validation": {"accuracy": 48.559670781893004}, "test": {"accuracy": 55.55555555555556}}, "0.2": {"reduction_in_attributes": 46.15384615384615, "time": 0.002214193344116211, "reduction": 53.086419753086425, "validation": {"accuracy": 48.559670781893004}, "test": {"accuracy": 55.55555555555556}}, "0.3": {"reduction_in_attributes": 46.15384615384615, "time": 0.002228260040283203, "reduction": 60.08230452674896, "validation": {"accuracy": 50.20576131687243}, "test": {"accuracy": 55.55555555555556}}, "0.4": {"reduction_in_attributes": 46.15384615384615, "time": 0.001995086669921875, "reduction": 76.54320987654322, "validation": {"accuracy": 53.90946502057613}, "test": {"accuracy": 66.66666666666666}}, "0.5": {"reduction_in_attributes": 46.15384615384615, "time": 0.001875162124633789, "reduction": 89.30041152263375, "validation": {"accuracy": 53.49794238683128}, "test": {"accuracy": 55.55555555555556}}, "0.6": {"reduction_in_attributes": 46.15384615384615, "time": 0.0015630722045898438, "reduction": 92.5925925925926, "validation": {"accuracy": 48.559670781893004}, "test": {"accuracy": 55.55555555555556}}, "0.7": {"reduction_in_attributes": 46.15384615384615, "time": 0.0016629695892333984, "reduction": 95.88477366255144, "validation": {"accuracy": 46.09053497942387}, "test": {"accuracy": 55.55555555555556}}, "0.8": {"reduction_in_attributes": 46.15384615384615, "time": 0.001669168472290039, "reduction": 98.35390946502058, "validation": {"accuracy": 48.971193415637856}, "test": {"accuracy": 40.74074074074074}}, "0.9": {"reduction_in_attributes": 46.15384615384615, "time": 0.0013630390167236328, "reduction": 98.76543209876543, "validation": {"accuracy": 52.2633744855967}, "test": {"accuracy": 37.03703703703704}}, "1.0": {"reduction_in_attributes": 46.15384615384615, "time": 0.001477956771850586, "reduction": 99.1769547325103, "validation": {"accuracy": 60.90534979423868}, "test": {"accuracy": 66.66666666666666}}}, "4": {"0.0": {"reduction_in_attributes": 53.84615384615385, "time": 0.0023102760314941406, "reduction": 33.333333333333336, "validation": {"accuracy": 51.85185185185185}, "test": {"accuracy": 62.96296296296296}}, "0.1": {"reduction_in_attributes": 53.84615384615385, "time": 0.0021092891693115234, "reduction": 45.26748971193416, "validation": {"accuracy": 48.559670781893004}, "test": {"accuracy": 55.55555555555556}}, "0.2": {"reduction_in_attributes": 53.84615384615385, "time": 0.001870870590209961, "reduction": 54.73251028806585, "validation": {"accuracy": 47.73662551440329}, "test": {"accuracy": 59.25925925925925}}, "0.3": {"reduction_in_attributes": 53.84615384615385, "time": 0.0018796920776367188, "reduction": 60.90534979423868, "validation": {"accuracy": 47.325102880658434}, "test": {"accuracy": 55.55555555555556}}, "0.4": {"reduction_in_attributes": 53.84615384615385, "time": 0.0018339157104492188, "reduction": 75.7201646090535, "validation": {"accuracy": 49.382716049382715}, "test": {"accuracy": 48.148148148148145}}, "0.5": {"reduction_in_attributes": 53.84615384615385, "time": 0.0017898082733154297, "reduction": 89.7119341563786, "validation": {"accuracy": 51.028806584362144}, "test": {"accuracy": 44.44444444444444}}, "0.6": {"reduction_in_attributes": 53.84615384615385, "time": 0.0018360614776611328, "reduction": 93.4156378600823, "validation": {"accuracy": 53.086419753086425}, "test": {"accuracy": 55.55555555555556}}, "0.7": {"reduction_in_attributes": 53.84615384615385, "time": 0.001911163330078125, "reduction": 95.88477366255144, "validation": {"accuracy": 49.382716049382715}, "test": {"accuracy": 59.25925925925925}}, "0.8": {"reduction_in_attributes": 53.84615384615385, "time": 0.0015289783477783203, "reduction": 97.94238683127571, "validation": {"accuracy": 45.267489711934154}, "test": {"accuracy": 44.44444444444444}}, "0.9": {"reduction_in_attributes": 53.84615384615385, "time": 0.0023641586303710938, "reduction": 98.35390946502058, "validation": {"accuracy": 45.267489711934154}, "test": {"accuracy": 44.44444444444444}}, "1.0": {"reduction_in_attributes": 53.84615384615385, "time": 0.001348733901977539, "reduction": 99.1769547325103, "validation": {"accuracy": 49.794238683127574}, "test": {"accuracy": 62.96296296296296}}}, "5": {"0.0": {"reduction_in_attributes": 53.84615384615385, "time": 0.0019378662109375, "reduction": 39.50617283950617, "validation": {"accuracy": 56.37860082304527}, "test": {"accuracy": 48.148148148148145}}, "0.1": {"reduction_in_attributes": 53.84615384615385, "time": 0.0019757747650146484, "reduction": 51.85185185185186, "validation": {"accuracy": 55.96707818930041}, "test": {"accuracy": 48.148148148148145}}, "0.2": {"reduction_in_attributes": 53.84615384615385, "time": 0.001811981201171875, "reduction": 60.08230452674896, "validation": {"accuracy": 56.37860082304527}, "test": {"accuracy": 48.148148148148145}}, "0.3": {"reduction_in_attributes": 53.84615384615385, "time": 0.0018451213836669922, "reduction": 67.07818930041152, "validation": {"accuracy": 53.90946502057613}, "test": {"accuracy": 44.44444444444444}}, "0.4": {"reduction_in_attributes": 53.84615384615385, "time": 0.0018410682678222656, "reduction": 81.06995884773663, "validation": {"accuracy": 57.61316872427984}, "test": {"accuracy": 48.148148148148145}}, "0.5": {"reduction_in_attributes": 53.84615384615385, "time": 0.0015490055084228516, "reduction": 90.53497942386831, "validation": {"accuracy": 55.96707818930041}, "test": {"accuracy": 55.55555555555556}}, "0.6": {"reduction_in_attributes": 53.84615384615385, "time": 0.0016338825225830078, "reduction": 93.00411522633745, "validation": {"accuracy": 46.913580246913575}, "test": {"accuracy": 48.148148148148145}}, "0.7": {"reduction_in_attributes": 53.84615384615385, "time": 0.0016472339630126953, "reduction": 95.88477366255144, "validation": {"accuracy": 46.50205761316872}, "test": {"accuracy": 44.44444444444444}}, "0.8": {"reduction_in_attributes": 53.84615384615385, "time": 0.0013020038604736328, "reduction": 97.94238683127571, "validation": {"accuracy": 52.2633744855967}, "test": {"accuracy": 62.96296296296296}}, "0.9": {"reduction_in_attributes": 53.84615384615385, "time": 0.0015292167663574219, "reduction": 99.1769547325103, "validation": {"accuracy": 55.144032921810705}, "test": {"accuracy": 66.66666666666666}}, "1.0": {"reduction_in_attributes": 53.84615384615385, "time": 0.0015101432800292969, "reduction": 99.1769547325103, "validation": {"accuracy": 51.85185185185185}, "test": {"accuracy": 59.25925925925925}}}, "6": {"0.0": {"reduction_in_attributes": 53.84615384615385, "time": 0.002032756805419922, "reduction": 40.74074074074075, "validation": {"accuracy": 51.85185185185185}, "test": {"accuracy": 48.148148148148145}}, "0.1": {"reduction_in_attributes": 53.84615384615385, "time": 0.0024089813232421875, "reduction": 55.14403292181069, "validation": {"accuracy": 63.78600823045267}, "test": {"accuracy": 59.25925925925925}}, "0.2": {"reduction_in_attributes": 53.84615384615385, "time": 0.0017840862274169922, "reduction": 61.728395061728406, "validation": {"accuracy": 61.72839506172839}, "test": {"accuracy": 55.55555555555556}}, "0.3": {"reduction_in_attributes": 53.84615384615385, "time": 0.0020380020141601562, "reduction": 68.3127572016461, "validation": {"accuracy": 60.49382716049383}, "test": {"accuracy": 55.55555555555556}}, "0.4": {"reduction_in_attributes": 53.84615384615385, "time": 0.0016758441925048828, "reduction": 76.13168724279835, "validation": {"accuracy": 59.25925925925925}, "test": {"accuracy": 59.25925925925925}}, "0.5": {"reduction_in_attributes": 53.84615384615385, "time": 0.0020999908447265625, "reduction": 89.30041152263375,