{"3": {"0.0": {"reduction_in_attributes": 62.5, "time": 0.010872125625610352, "reduction": 64.68885672937772, "validation": {"accuracy": 46.30969609261939}, "test": {"accuracy": 42.857142857142854}}, "0.1": {"reduction_in_attributes": 62.5, "time": 0.010659933090209961, "reduction": 69.17510853835022, "validation": {"accuracy": 59.33429811866859}, "test": {"accuracy": 68.83116883116884}}, "0.2": {"reduction_in_attributes": 62.5, "time": 0.010088920593261719, "reduction": 77.85817655571635, "validation": {"accuracy": 55.28219971056439}, "test": {"accuracy": 61.038961038961034}}, "0.3": {"reduction_in_attributes": 62.5, "time": 0.009962081909179688, "reduction": 86.68596237337192, "validation": {"accuracy": 60.492040520984084}, "test": {"accuracy": 66.23376623376623}}, "0.4": {"reduction_in_attributes": 62.5, "time": 0.009634971618652344, "reduction": 95.22431259044862, "validation": {"accuracy": 63.38639652677279}, "test": {"accuracy": 62.33766233766234}}, "0.5": {"reduction_in_attributes": 62.5, "time": 0.008866071701049805, "reduction": 99.13169319826338, "validation": {"accuracy": 77.71345875542693}, "test": {"accuracy": 68.83116883116884}}, "0.6": {"reduction_in_attributes": 62.5, "time": 0.008556604385375977, "reduction": 99.42112879884226, "validation": {"accuracy": 77.85817655571635}, "test": {"accuracy": 68.83116883116884}}, "0.7": {"reduction_in_attributes": 62.5, "time": 0.008049726486206055, "reduction": 99.71056439942113, "validation": {"accuracy": 75.97684515195368}, "test": {"accuracy": 72.72727272727273}}, "0.8": {"reduction_in_attributes": 62.5, "time": 0.0073909759521484375, "reduction": 99.71056439942113, "validation": {"accuracy": 76.70043415340086}, "test": {"accuracy": 72.72727272727273}}, "0.9": {"reduction_in_attributes": 62.5, "time": 0.007222890853881836, "reduction": 99.71056439942113, "validation": {"accuracy": 76.55571635311144}, "test": {"accuracy": 72.72727272727273}}, "1.0": {"reduction_in_attributes": 62.5, "time": 0.006819963455200195, "reduction": 99.71056439942113, "validation": {"accuracy": 78.0028943560058}, "test": {"accuracy": 70.12987012987013}}}, "4": {"0.0": {"reduction_in_attributes": 62.5, "time": 0.010828733444213867, "reduction": 61.360347322720685, "validation": {"accuracy": 59.479015918958034}, "test": {"accuracy": 58.44155844155844}}, "0.1": {"reduction_in_attributes": 62.5, "time": 0.010667085647583008, "reduction": 68.30680173661361, "validation": {"accuracy": 62.37337192474675}, "test": {"accuracy": 63.63636363636363}}, "0.2": {"reduction_in_attributes": 62.5, "time": 0.01019906997680664, "reduction": 78.43704775687411, "validation": {"accuracy": 62.51808972503618}, "test": {"accuracy": 63.63636363636363}}, "0.3": {"reduction_in_attributes": 62.5, "time": 0.009870052337646484, "reduction": 85.67293777134589, "validation": {"accuracy": 60.92619392185239}, "test": {"accuracy": 64.93506493506493}}, "0.4": {"reduction_in_attributes": 62.5, "time": 0.009511947631835938, "reduction": 95.51374819102749, "validation": {"accuracy": 62.66280752532561}, "test": {"accuracy": 66.23376623376623}}, "0.5": {"reduction_in_attributes": 62.5, "time": 0.0089111328125, "reduction": 98.98697539797395, "validation": {"accuracy": 75.2532561505065}, "test": {"accuracy": 70.12987012987013}}, "0.6": {"reduction_in_attributes": 62.5, "time": 0.008561134338378906, "reduction": 99.42112879884226, "validation": {"accuracy": 39.36324167872648}, "test": {"accuracy": 66.23376623376623}}, "0.7": {"reduction_in_attributes": 62.5, "time": 0.007966995239257812, "reduction": 99.71056439942113, "validation": {"accuracy": 76.8451519536903}, "test": {"accuracy": 72.72727272727273}}, "0.8": {"reduction_in_attributes": 62.5, "time": 0.0075147151947021484, "reduction": 99.71056439942113, "validation": {"accuracy": 76.70043415340086}, "test": {"accuracy": 72.72727272727273}}, "0.9": {"reduction_in_attributes": 62.5, "time": 0.007230997085571289, "reduction": 99.71056439942113, "validation": {"accuracy": 77.27930535455862}, "test": {"accuracy": 72.72727272727273}}, "1.0": {"reduction_in_attributes": 62.5, "time": 0.007192850112915039, "reduction": 99.71056439942113, "validation": {"accuracy": 78.29232995658467}, "test": {"accuracy": 72.72727272727273}}}, "5": {"0.0": {"reduction_in_attributes": 62.5, "time": 0.010895252227783203, "reduction": 62.807525325615046, "validation": {"accuracy": 50.50651230101303}, "test": {"accuracy": 59.74025974025974}}, "0.1": {"reduction_in_attributes": 62.5, "time": 0.010667085647583008, "reduction": 67.72793053545585, "validation": {"accuracy": 41.823444283646886}, "test": {"accuracy": 61.038961038961034}}, "0.2": {"reduction_in_attributes": 62.5, "time": 0.01034998893737793, "reduction": 75.2532561505065, "validation": {"accuracy": 57.01881331403763}, "test": {"accuracy": 58.44155844155844}}, "0.3": {"reduction_in_attributes": 62.5, "time": 0.009945154190063477, "reduction": 85.81765557163531, "validation": {"accuracy": 57.88712011577424}, "test": {"accuracy": 68.83116883116884}}, "0.4": {"reduction_in_attributes": 62.5, "time": 0.009553909301757812, "reduction": 95.22431259044862, "validation": {"accuracy": 49.05933429811867}, "test": {"accuracy": 67.53246753246754}}, "0.5": {"reduction_in_attributes": 62.5, "time": 0.009042978286743164, "reduction": 98.69753979739508, "validation": {"accuracy": 67.43849493487699}, "test": {"accuracy": 71.42857142857143}}, "0.6": {"reduction_in_attributes": 62.5, "time": 0.008466005325317383, "reduction": 99.71056439942113, "validation": {"accuracy": 70.33285094066571}, "test": {"accuracy": 71.42857142857143}}, "0.7": {"reduction_in_attributes": 62.5, "time": 0.00790095329284668, "reduction": 99.71056439942113, "validation": {"accuracy": 70.18813314037627}, "test": {"accuracy": 72.72727272727273}}, "0.8": {"reduction_in_attributes": 62.5, "time": 0.0076258182525634766, "reduction": 99.71056439942113, "validation": {"accuracy": 70.04341534008684}, "test": {"accuracy": 72.72727272727273}}, "0.9": {"reduction_in_attributes": 62.5, "time": 0.007515907287597656, "reduction": 99.71056439942113, "validation": {"accuracy": 70.18813314037627}, "test": {"accuracy": 72.72727272727273}}, "1.0": {"reduction_in_attributes": 62.5, "time": 0.007378339767456055, "reduction": 99.71056439942113, "validation": {"accuracy": 62.37337192474675}, "test": {"accuracy": 75.32467532467533}}}, "6": {"0.0": {"reduction_in_attributes": 62.5, "time": 0.011217117309570312, "reduction": 61.50506512301013, "validation": {"accuracy": 54.55861070911722}, "test": {"accuracy": 58.44155844155844}}, "0.1": {"reduction_in_attributes": 62.5, "time": 0.011063098907470703, "reduction": 67.14905933429812, "validation": {"accuracy": 58.32127351664255}, "test": {"accuracy": 62.33766233766234}}, "0.2": {"reduction_in_attributes": 62.5, "time": 0.010545969009399414, "reduction": 76.98986975397975, "validation": {"accuracy": 69.75397973950795}, "test": {"accuracy": 70.12987012987013}}, "0.3": {"reduction_in_attributes": 62.5, "time": 0.010203123092651367, "reduction": 86.10709117221418, "validation": {"accuracy": 72.06946454413892}, "test": {"accuracy": 72.72727272727273}}, "0.4": {"reduction_in_attributes": 62.5, "time": 0.009958982467651367, "reduction": 94.79015918958031, "validation": {"accuracy": 72.06946454413892}, "test": {"accuracy": 75.32467532467533}}, "0.5": {"reduction_in_attributes": 62.5, "time": 0.00929880142211914, "reduction": 98.69753979739508, "validation": {"accuracy": 45.73082489146165}, "test": {"accuracy": 42.857142857142854}}, "0.6": {"reduction_in_attributes": 62.5, "time": 0.00872492790222168, "reduction": 99.56584659913169, "validation": {"accuracy": 52.96671490593343}, "test": {"accuracy": 49.35064935064935}}, "0.7": {"reduction_in_attributes": 62.5, "time": 0.008034229278564453, "reduction": 99.71056439942113, "validation": {"accuracy": 57.01881331403763}, "test": {"accuracy": 53.246753246753244}}, "0.8": {"reduction_in_attributes": 62.5, "time": 0.00775599479675293, "reduction": 99.71056439942113,