{"3": {"0.0": {"reduction_in_attributes": 64.28571428571428, "time": 39.32982397079468, "reduction": 50.21621621621621, "validation": {"accuracy": 69.85749385749386}, "test": {"accuracy": 69.65944272445822}}, "0.1": {"reduction_in_attributes": 64.28571428571428, "time": 40.11315608024597, "reduction": 51.26781326781327, "validation": {"accuracy": 69.1056511056511}, "test": {"accuracy": 68.77487837240159}}, "0.2": {"reduction_in_attributes": 64.28571428571428, "time": 37.943991899490356, "reduction": 57.7002457002457, "validation": {"accuracy": 65.58476658476658}, "test": {"accuracy": 64.79433878814683}}, "0.3": {"reduction_in_attributes": 64.28571428571428, "time": 34.52315592765808, "reduction": 69.96068796068796, "validation": {"accuracy": 56.729729729729726}, "test": {"accuracy": 55.28527200353825}}, "0.4": {"reduction_in_attributes": 64.28571428571428, "time": 30.764102935791016, "reduction": 85.00245700245699, "validation": {"accuracy": 60.007371007371}, "test": {"accuracy": 59.685979655019906}}, "0.5": {"reduction_in_attributes": 64.28571428571428, "time": 27.805351972579956, "reduction": 98.24570024570023, "validation": {"accuracy": 61.06388206388207}, "test": {"accuracy": 61.01282618310482}}, "0.6": {"reduction_in_attributes": 64.28571428571428, "time": 27.42500400543213, "reduction": 99.8845208845209, "validation": {"accuracy": 63.52088452088452}, "test": {"accuracy": 63.00309597523219}}, "0.7": {"reduction_in_attributes": 64.28571428571428, "time": 24.943058013916016, "reduction": 99.95577395577395, "validation": {"accuracy": 63.95331695331695}, "test": {"accuracy": 63.843432109685985}}, "0.8": {"reduction_in_attributes": 64.28571428571428, "time": 25.09472107887268, "reduction": 99.98280098280098, "validation": {"accuracy": 62.47911547911548}, "test": {"accuracy": 62.22910216718266}}, "0.9": {"reduction_in_attributes": 64.28571428571428, "time": 24.105257034301758, "reduction": 99.995085995086, "validation": {"accuracy": 55.520884520884515}, "test": {"accuracy": 54.66607695709863}}, "1.0": {"reduction_in_attributes": 64.28571428571428, "time": 24.776907920837402, "reduction": 99.995085995086, "validation": {"accuracy": 69.87714987714988}, "test": {"accuracy": 69.68155683325962}}}, "4": {"0.0": {"reduction_in_attributes": 64.28571428571428, "time": 40.44850993156433, "reduction": 49.9017199017199, "validation": {"accuracy": 69.4054054054054}, "test": {"accuracy": 69.15081822202566}}, "0.1": {"reduction_in_attributes": 64.28571428571428, "time": 39.848092794418335, "reduction": 50.90909090909091, "validation": {"accuracy": 69.34643734643736}, "test": {"accuracy": 69.10659000442281}}, "0.2": {"reduction_in_attributes": 64.28571428571428, "time": 37.9944109916687, "reduction": 57.299754299754305, "validation": {"accuracy": 62.62653562653563}, "test": {"accuracy": 62.693498452012385}}, "0.3": {"reduction_in_attributes": 64.28571428571428, "time": 34.18917894363403, "reduction": 69.77395577395578, "validation": {"accuracy": 58.560196560196566}, "test": {"accuracy": 58.62450243255197}}, "0.4": {"reduction_in_attributes": 64.28571428571428, "time": 31.29924201965332, "reduction": 84.97788697788697, "validation": {"accuracy": 60.37346437346437}, "test": {"accuracy": 60.19460415745246}}, "0.5": {"reduction_in_attributes": 64.28571428571428, "time": 28.034161806106567, "reduction": 98.18427518427518, "validation": {"accuracy": 53.47911547911548}, "test": {"accuracy": 53.604599734630696}}, "0.6": {"reduction_in_attributes": 64.28571428571428, "time": 26.57096290588379, "reduction": 99.87714987714988, "validation": {"accuracy": 59.87960687960688}, "test": {"accuracy": 59.553295002211414}}, "0.7": {"reduction_in_attributes": 64.28571428571428, "time": 24.863051891326904, "reduction": 99.95577395577395, "validation": {"accuracy": 62.85257985257985}, "test": {"accuracy": 62.95886775762936}}, "0.8": {"reduction_in_attributes": 64.28571428571428, "time": 24.235545873641968, "reduction": 99.97788697788698, "validation": {"accuracy": 59.00737100737101}, "test": {"accuracy": 58.337019018133574}}, "0.9": {"reduction_in_attributes": 64.28571428571428, "time": 24.522444009780884, "reduction": 99.995085995086, "validation": {"accuracy": 51.3955773955774}, "test": {"accuracy": 50.95090667846086}}, "1.0": {"reduction_in_attributes": 64.28571428571428, "time": 23.863383054733276, "reduction": 99.995085995086, "validation": {"accuracy": 66.76658476658477}, "test": {"accuracy": 67.58071649712517}}}, "5": {"0.0": {"reduction_in_attributes": 64.28571428571428, "time": 39.721323013305664, "reduction": 49.990171990171994, "validation": {"accuracy": 73.74692874692875}, "test": {"accuracy": 73.97169394073418}}, "0.1": {"reduction_in_attributes": 64.28571428571428, "time": 39.04121494293213, "reduction": 51.19164619164619, "validation": {"accuracy": 72.94103194103194}, "test": {"accuracy": 73.17558602388323}}, "0.2": {"reduction_in_attributes": 64.28571428571428, "time": 37.478846311569214, "reduction": 57.82555282555282, "validation": {"accuracy": 67.82309582309583}, "test": {"accuracy": 67.91242812914639}}, "0.3": {"reduction_in_attributes": 64.28571428571428, "time": 33.754279136657715, "reduction": 70.3931203931204, "validation": {"accuracy": 61.813267813267814}, "test": {"accuracy": 62.16275984077841}}, "0.4": {"reduction_in_attributes": 64.28571428571428, "time": 30.933955192565918, "reduction": 85.41523341523342, "validation": {"accuracy": 54.056511056511056}, "test": {"accuracy": 54.37859354268023}}, "0.5": {"reduction_in_attributes": 64.28571428571428, "time": 28.941455841064453, "reduction": 98.39066339066339, "validation": {"accuracy": 61.37592137592137}, "test": {"accuracy": 62.5608137992039}}, "0.6": {"reduction_in_attributes": 64.28571428571428, "time": 26.037553787231445, "reduction": 99.88697788697789, "validation": {"accuracy": 62.535626535626534}, "test": {"accuracy": 62.49447147279965}}, "0.7": {"reduction_in_attributes": 64.28571428571428, "time": 25.558764219284058, "reduction": 99.95823095823096, "validation": {"accuracy": 63.77641277641277}, "test": {"accuracy": 64.70588235294117}}, "0.8": {"reduction_in_attributes": 64.28571428571428, "time": 24.29027509689331, "reduction": 99.98525798525797, "validation": {"accuracy": 66.36363636363637}, "test": {"accuracy": 67.38168951791242}}, "0.9": {"reduction_in_attributes": 64.28571428571428, "time": 24.119515895843506, "reduction": 99.995085995086, "validation": {"accuracy": 58.71007371007371}, "test": {"accuracy": 58.82352941176471}}, "1.0": {"reduction_in_attributes": 64.28571428571428, "time": 24.0502028465271, "reduction": 99.995085995086, "validation": {"accuracy": 69.6953316953317}, "test": {"accuracy": 70.74303405572755}}}, "6": {"0.0": {"reduction_in_attributes": 64.28571428571428, "time": 39.96433091163635, "reduction": 49.712530712530715, "validation": {"accuracy": 67.94348894348894}, "test": {"accuracy": 68.64219371959311}}, "0.1": {"reduction_in_attributes": 64.28571428571428, "time": 39.51863074302673, "reduction": 50.717444717444714, "validation": {"accuracy": 67.5995085995086}, "test": {"accuracy": 67.97877045555065}}, "0.2": {"reduction_in_attributes": 64.28571428571428, "time": 37.940245151519775, "reduction": 57.466830466830466, "validation": {"accuracy": 64.2088452088452}, "test": {"accuracy": 65.56833259619637}}, "0.3": {"reduction_in_attributes": 64.28571428571428, "time": 33.62464690208435, "reduction": 70.1031941031941, "validation": {"accuracy": 61.14742014742015}, "test": {"accuracy": 62.516585581601056}}, "0.4": {"reduction_in_attributes": 64.28571428571428, "time": 30.770190715789795, "reduction": 85.23587223587224, "validation": {"accuracy": 53.73710073710074}, "test": {"accuracy": 53.3171163202123}}, "0.5": {"reduction_in_attributes": 64.28571428571428, "time": 28.021254777908325, "reduction": 98.35135135135134, "validation": {"accuracy": 58.72481572481573}, "test": {"accuracy": 58.84564352056613}}, "0.6": {"reduction_in_attributes": 64.28571428571428, "time": 25.92965602874756,