{"3": {"0.0": {"reduction_in_attributes": 75.0, "time": 0.0011827945709228516, "reduction": 0.0, "validation": {"accuracy": 38.19444444444444}, "test": {"accuracy": 18.75}}, "0.1": {"reduction_in_attributes": 75.0, "time": 0.0011119842529296875, "reduction": 54.861111111111114, "validation": {"accuracy": 56.94444444444444}, "test": {"accuracy": 25.0}}, "0.2": {"reduction_in_attributes": 75.0, "time": 0.0017137527465820312, "reduction": 53.47222222222222, "validation": {"accuracy": 38.19444444444444}, "test": {"accuracy": 18.75}}, "0.3": {"reduction_in_attributes": 75.0, "time": 0.0021889209747314453, "reduction": 88.88888888888889, "validation": {"accuracy": 56.94444444444444}, "test": {"accuracy": 25.0}}, "0.4": {"reduction_in_attributes": 75.0, "time": 0.0010881423950195312, "reduction": 63.888888888888886, "validation": {"accuracy": 38.19444444444444}, "test": {"accuracy": 18.75}}, "0.5": {"reduction_in_attributes": 75.0, "time": 0.0009019374847412109, "reduction": 97.91666666666666, "validation": {"accuracy": 56.94444444444444}, "test": {"accuracy": 25.0}}, "0.6": {"reduction_in_attributes": 75.0, "time": 0.0009310245513916016, "reduction": 97.91666666666666, "validation": {"accuracy": 56.94444444444444}, "test": {"accuracy": 25.0}}, "0.7": {"reduction_in_attributes": 75.0, "time": 0.000997304916381836, "reduction": 81.25, "validation": {"accuracy": 38.19444444444444}, "test": {"accuracy": 18.75}}, "0.8": {"reduction_in_attributes": 75.0, "time": 0.0008459091186523438, "reduction": 97.91666666666666, "validation": {"accuracy": 50.69444444444444}, "test": {"accuracy": 87.5}}, "0.9": {"reduction_in_attributes": 75.0, "time": 0.0009050369262695312, "reduction": 97.91666666666666, "validation": {"accuracy": 55.55555555555556}, "test": {"accuracy": 50.0}}, "1.0": {"reduction_in_attributes": 75.0, "time": 0.0007879734039306641, "reduction": 81.94444444444444, "validation": {"accuracy": 36.80555555555556}, "test": {"accuracy": 31.25}}}, "4": {"0.0": {"reduction_in_attributes": 75.0, "time": 0.0009868144989013672, "reduction": 6.944444444444442, "validation": {"accuracy": 54.861111111111114}, "test": {"accuracy": 50.0}}, "0.1": {"reduction_in_attributes": 75.0, "time": 0.0008931159973144531, "reduction": 51.388888888888886, "validation": {"accuracy": 61.111111111111114}, "test": {"accuracy": 56.25}}, "0.2": {"reduction_in_attributes": 75.0, "time": 0.0010950565338134766, "reduction": 88.88888888888889, "validation": {"accuracy": 54.861111111111114}, "test": {"accuracy": 50.0}}, "0.3": {"reduction_in_attributes": 75.0, "time": 0.0013687610626220703, "reduction": 35.416666666666664, "validation": {"accuracy": 36.80555555555556}, "test": {"accuracy": 31.25}}, "0.4": {"reduction_in_attributes": 75.0, "time": 0.0016069412231445312, "reduction": 45.833333333333336, "validation": {"accuracy": 36.80555555555556}, "test": {"accuracy": 31.25}}, "0.5": {"reduction_in_attributes": 75.0, "time": 0.0013020038604736328, "reduction": 97.91666666666666, "validation": {"accuracy": 54.861111111111114}, "test": {"accuracy": 50.0}}, "0.6": {"reduction_in_attributes": 75.0, "time": 0.0016222000122070312, "reduction": 97.91666666666666, "validation": {"accuracy": 54.861111111111114}, "test": {"accuracy": 50.0}}, "0.7": {"reduction_in_attributes": 75.0, "time": 0.0011262893676757812, "reduction": 97.91666666666666, "validation": {"accuracy": 54.861111111111114}, "test": {"accuracy": 50.0}}, "0.8": {"reduction_in_attributes": 75.0, "time": 0.00084686279296875, "reduction": 97.91666666666666, "validation": {"accuracy": 52.083333333333336}, "test": {"accuracy": 68.75}}, "0.9": {"reduction_in_attributes": 75.0, "time": 0.0008051395416259766, "reduction": 97.91666666666666, "validation": {"accuracy": 52.083333333333336}, "test": {"accuracy": 68.75}}, "1.0": {"reduction_in_attributes": 75.0, "time": 0.001155853271484375, "reduction": 97.91666666666666, "validation": {"accuracy": 54.861111111111114}, "test": {"accuracy": 50.0}}}, "5": {"0.0": {"reduction_in_attributes": 75.0, "time": 0.0010759830474853516, "reduction": 6.25, "validation": {"accuracy": 54.861111111111114}, "test": {"accuracy": 43.75}}, "0.1": {"reduction_in_attributes": 75.0, "time": 0.0014698505401611328, "reduction": 56.25, "validation": {"accuracy": 52.083333333333336}, "test": {"accuracy": 81.25}}, "0.2": {"reduction_in_attributes": 75.0, "time": 0.0011661052703857422, "reduction": 44.44444444444444, "validation": {"accuracy": 31.25}, "test": {"accuracy": 31.25}}, "0.3": {"reduction_in_attributes": 75.0, "time": 0.0008671283721923828, "reduction": 44.44444444444444, "validation": {"accuracy": 31.25}, "test": {"accuracy": 31.25}}, "0.4": {"reduction_in_attributes": 75.0, "time": 0.0014698505401611328, "reduction": 44.44444444444444, "validation": {"accuracy": 31.25}, "test": {"accuracy": 31.25}}, "0.5": {"reduction_in_attributes": 75.0, "time": 0.0016150474548339844, "reduction": 97.91666666666666, "validation": {"accuracy": 56.25}, "test": {"accuracy": 37.5}}, "0.6": {"reduction_in_attributes": 75.0, "time": 0.0013132095336914062, "reduction": 61.111111111111114, "validation": {"accuracy": 31.25}, "test": {"accuracy": 31.25}}, "0.7": {"reduction_in_attributes": 75.0, "time": 0.0013909339904785156, "reduction": 97.91666666666666, "validation": {"accuracy": 54.861111111111114}, "test": {"accuracy": 43.75}}, "0.8": {"reduction_in_attributes": 75.0, "time": 0.0016751289367675781, "reduction": 97.91666666666666, "validation": {"accuracy": 52.083333333333336}, "test": {"accuracy": 81.25}}, "0.9": {"reduction_in_attributes": 75.0, "time": 0.0013430118560791016, "reduction": 61.111111111111114, "validation": {"accuracy": 31.25}, "test": {"accuracy": 31.25}}, "1.0": {"reduction_in_attributes": 75.0, "time": 0.0010671615600585938, "reduction": 97.91666666666666, "validation": {"accuracy": 52.083333333333336}, "test": {"accuracy": 81.25}}}, "6": {"0.0": {"reduction_in_attributes": 75.0, "time": 0.0012960433959960938, "reduction": 0.0, "validation": {"accuracy": 38.19444444444444}, "test": {"accuracy": 12.5}}, "0.1": {"reduction_in_attributes": 75.0, "time": 0.0017552375793457031, "reduction": 63.19444444444444, "validation": {"accuracy": 53.47222222222222}, "test": {"accuracy": 56.25}}, "0.2": {"reduction_in_attributes": 75.0, "time": 0.0010881423950195312, "reduction": 88.19444444444444, "validation": {"accuracy": 56.25}, "test": {"accuracy": 43.75}}, "0.3": {"reduction_in_attributes": 75.0, "time": 0.0010077953338623047, "reduction": 88.19444444444444, "validation": {"accuracy": 56.25}, "test": {"accuracy": 43.75}}, "0.4": {"reduction_in_attributes": 75.0, "time": 0.001130819320678711, "reduction": 97.91666666666666, "validation": {"accuracy": 56.25}, "test": {"accuracy": 43.75}}, "0.5": {"reduction_in_attributes": 75.0, "time": 0.001276254653930664, "reduction": 97.91666666666666, "validation": {"accuracy": 56.25}, "test": {"accuracy": 43.75}}, "0.6": {"reduction_in_attributes": 75.0, "time": 0.001306295394897461, "reduction": 97.22222222222221, "validation": {"accuracy": 59.72222222222222}, "test": {"accuracy": 56.25}}, "0.7": {"reduction_in_attributes": 75.0, "time": 0.0014429092407226562, "reduction": 97.91666666666666, "validation": {"accuracy": 53.47222222222222}, "test": {"accuracy": 62.5}}, "0.8": {"reduction_in_attributes": 75.0, "time": 0.0010271072387695312, "reduction": 97.91666666666666, "validation": {"accuracy": 56.25}, "test": {"accuracy": 43.75}}, "0.9": {"reduction_in_attributes": 75.0, "time": 0.001222848892211914, "reduction": 97.91666666666666, "validation": {"accuracy": 53.47222222222222}, "test": {"accuracy": 62.5}}, "1.0": {"reduction_in_attributes": 75.0, "time": 0.000997304916381836, "reduction": 97.91666666666666, "validation": {"accuracy": 53.47222222222222}, "test": {"accuracy": 56.25}}}, "7": {"0.0": {"reduction_in_attributes": 75.0, "time": 0.001138925552368164, "reduction": 6.944444444444442, "validation": {"accuracy": 52.77777777777778}, "test": {"accuracy": 68.75}},