{"3": {"0.0": {"reduction_in_attributes": 87.5, "time": 0.03897500038146973, "reduction": 0.44943820224718767, "validation": {"accuracy": 32.43445692883895}, "test": {"accuracy": 28.187919463087248}}, "0.1": {"reduction_in_attributes": 87.5, "time": 0.03820610046386719, "reduction": 3.0711610486891416, "validation": {"accuracy": 19.700374531835205}, "test": {"accuracy": 30.87248322147651}}, "0.2": {"reduction_in_attributes": 87.5, "time": 0.037671804428100586, "reduction": 4.943820224719097, "validation": {"accuracy": 19.700374531835205}, "test": {"accuracy": 30.87248322147651}}, "0.3": {"reduction_in_attributes": 87.5, "time": 0.03771710395812988, "reduction": 7.415730337078652, "validation": {"accuracy": 32.359550561797754}, "test": {"accuracy": 28.187919463087248}}, "0.4": {"reduction_in_attributes": 87.5, "time": 0.03647780418395996, "reduction": 15.056179775280897, "validation": {"accuracy": 30.48689138576779}, "test": {"accuracy": 21.476510067114095}}, "0.5": {"reduction_in_attributes": 87.5, "time": 0.03465914726257324, "reduction": 34.9812734082397, "validation": {"accuracy": 15.280898876404494}, "test": {"accuracy": 30.87248322147651}}, "0.6": {"reduction_in_attributes": 87.5, "time": 0.017951011657714844, "reduction": 52.43445692883895, "validation": {"accuracy": 16.853932584269664}, "test": {"accuracy": 17.449664429530202}}, "0.7": {"reduction_in_attributes": 87.5, "time": 0.033469200134277344, "reduction": 32.659176029962545, "validation": {"accuracy": 32.359550561797754}, "test": {"accuracy": 26.174496644295303}}, "0.8": {"reduction_in_attributes": 87.5, "time": 0.030578136444091797, "reduction": 67.34082397003746, "validation": {"accuracy": 18.05243445692884}, "test": {"accuracy": 29.53020134228188}}, "0.9": {"reduction_in_attributes": 87.5, "time": 0.028753042221069336, "reduction": 79.85018726591761, "validation": {"accuracy": 16.179775280898877}, "test": {"accuracy": 29.53020134228188}}, "1.0": {"reduction_in_attributes": 87.5, "time": 0.02789783477783203, "reduction": 99.25093632958801, "validation": {"accuracy": 27.490636704119854}, "test": {"accuracy": 23.48993288590604}}}, "4": {"0.0": {"reduction_in_attributes": 87.5, "time": 0.026674985885620117, "reduction": 0.0, "validation": {"accuracy": 29.138576779026216}, "test": {"accuracy": 27.516778523489933}}, "0.1": {"reduction_in_attributes": 87.5, "time": 0.03773784637451172, "reduction": 7.640449438202246, "validation": {"accuracy": 18.05243445692884}, "test": {"accuracy": 37.58389261744966}}, "0.2": {"reduction_in_attributes": 87.5, "time": 0.03691291809082031, "reduction": 17.902621722846447, "validation": {"accuracy": 15.730337078651685}, "test": {"accuracy": 36.91275167785235}}, "0.3": {"reduction_in_attributes": 87.5, "time": 0.01572108268737793, "reduction": 99.02621722846442, "validation": {"accuracy": 31.685393258426963}, "test": {"accuracy": 32.88590604026846}}, "0.4": {"reduction_in_attributes": 87.5, "time": 0.021319150924682617, "reduction": 29.21348314606742, "validation": {"accuracy": 28.98876404494382}, "test": {"accuracy": 28.187919463087248}}, "0.5": {"reduction_in_attributes": 87.5, "time": 0.03453183174133301, "reduction": 35.65543071161049, "validation": {"accuracy": 15.730337078651685}, "test": {"accuracy": 36.91275167785235}}, "0.6": {"reduction_in_attributes": 87.5, "time": 0.021207094192504883, "reduction": 29.21348314606742, "validation": {"accuracy": 28.98876404494382}, "test": {"accuracy": 28.187919463087248}}, "0.7": {"reduction_in_attributes": 87.5, "time": 0.021243810653686523, "reduction": 29.21348314606742, "validation": {"accuracy": 28.98876404494382}, "test": {"accuracy": 28.187919463087248}}, "0.8": {"reduction_in_attributes": 87.5, "time": 0.021630048751831055, "reduction": 29.21348314606742, "validation": {"accuracy": 28.98876404494382}, "test": {"accuracy": 28.187919463087248}}, "0.9": {"reduction_in_attributes": 87.5, "time": 0.030150175094604492, "reduction": 60.37453183520599, "validation": {"accuracy": 11.835205992509364}, "test": {"accuracy": 12.751677852348994}}, "1.0": {"reduction_in_attributes": 87.5, "time": 0.02792501449584961, "reduction": 97.45318352059925, "validation": {"accuracy": 6.666666666666667}, "test": {"accuracy": 4.026845637583892}}}, "5": {"0.0": {"reduction_in_attributes": 87.5, "time": 0.03959298133850098, "reduction": 0.14970059880239361, "validation": {"accuracy": 30.164670658682635}, "test": {"accuracy": 16.89189189189189}}, "0.1": {"reduction_in_attributes": 87.5, "time": 0.0364229679107666, "reduction": 13.997005988023947, "validation": {"accuracy": 18.7125748502994}, "test": {"accuracy": 16.89189189189189}}, "0.2": {"reduction_in_attributes": 87.5, "time": 0.03539586067199707, "reduction": 20.359281437125752, "validation": {"accuracy": 18.7125748502994}, "test": {"accuracy": 16.89189189189189}}, "0.3": {"reduction_in_attributes": 87.5, "time": 0.037943124771118164, "reduction": 6.811377245508988, "validation": {"accuracy": 21.182634730538922}, "test": {"accuracy": 33.108108108108105}}, "0.4": {"reduction_in_attributes": 87.5, "time": 0.022428274154663086, "reduction": 26.19760479041916, "validation": {"accuracy": 3.44311377245509}, "test": {"accuracy": 3.3783783783783785}}, "0.5": {"reduction_in_attributes": 87.5, "time": 0.03614497184753418, "reduction": 15.269461077844316, "validation": {"accuracy": 21.182634730538922}, "test": {"accuracy": 33.108108108108105}}, "0.6": {"reduction_in_attributes": 87.5, "time": 0.03401899337768555, "reduction": 41.31736526946108, "validation": {"accuracy": 15.868263473053892}, "test": {"accuracy": 39.86486486486486}}, "0.7": {"reduction_in_attributes": 87.5, "time": 0.03280305862426758, "reduction": 35.703592814371255, "validation": {"accuracy": 14.97005988023952}, "test": {"accuracy": 20.27027027027027}}, "0.8": {"reduction_in_attributes": 87.5, "time": 0.031231164932250977, "reduction": 49.101796407185624, "validation": {"accuracy": 27.91916167664671}, "test": {"accuracy": 30.405405405405407}}, "0.9": {"reduction_in_attributes": 87.5, "time": 0.030236005783081055, "reduction": 69.76047904191617, "validation": {"accuracy": 21.182634730538922}, "test": {"accuracy": 41.891891891891895}}, "1.0": {"reduction_in_attributes": 87.5, "time": 0.027568817138671875, "reduction": 99.25149700598801, "validation": {"accuracy": 20.65868263473054}, "test": {"accuracy": 18.91891891891892}}}, "6": {"0.0": {"reduction_in_attributes": 87.5, "time": 0.025809049606323242, "reduction": 0.0, "validation": {"accuracy": 16.991017964071855}, "test": {"accuracy": 16.216216216216218}}, "0.1": {"reduction_in_attributes": 87.5, "time": 0.038218021392822266, "reduction": 7.260479041916168, "validation": {"accuracy": 19.68562874251497}, "test": {"accuracy": 27.7027027027027}}, "0.2": {"reduction_in_attributes": 87.5, "time": 0.03682303428649902, "reduction": 18.188622754491014, "validation": {"accuracy": 15.6437125748503}, "test": {"accuracy": 38.513513513513516}}, "0.3": {"reduction_in_attributes": 87.5, "time": 0.03737497329711914, "reduction": 9.206586826347307, "validation": {"accuracy": 30.164670658682635}, "test": {"accuracy": 20.27027027027027}}, "0.4": {"reduction_in_attributes": 87.5, "time": 0.03589916229248047, "reduction": 19.68562874251497, "validation": {"accuracy": 19.68562874251497}, "test": {"accuracy": 27.7027027027027}}, "0.5": {"reduction_in_attributes": 87.5, "time": 0.0360870361328125, "reduction": 15.119760479041922, "validation": {"accuracy": 30.389221556886227}, "test": {"accuracy": 33.108108108108105}}, "0.6": {"reduction_in_attributes": 87.5, "time": 0.03458118438720703, "reduction": 29.416167664670656, "validation": {"accuracy": 19.68562874251497}, "test": {"accuracy": 27.027027027027028}}, "0.7": {"reduction_in_attributes": 87.5, "time": 0.020301103591918945, "reduction": 37.125748502994014, "validation": {"accuracy": 3.3682634730538923}, "test": {"accuracy": 4.054054054054054}}, "0.8": {"reduction_in_attributes": 87.5, "time": 0.020315170288085938,