{"3": {"0.0": {"reduction_in_attributes": 85.71428571428572, "time": 0.0056209564208984375, "reduction": 0.0, "validation": {"accuracy": 20.88888888888889}, "test": {"accuracy": 20.0}}, "0.1": {"reduction_in_attributes": 85.71428571428572, "time": 0.005501985549926758, "reduction": 10.444444444444445, "validation": {"accuracy": 19.555555555555557}, "test": {"accuracy": 20.0}}, "0.2": {"reduction_in_attributes": 85.71428571428572, "time": 0.0055239200592041016, "reduction": 9.55555555555555, "validation": {"accuracy": 20.88888888888889}, "test": {"accuracy": 20.0}}, "0.3": {"reduction_in_attributes": 85.71428571428572, "time": 0.005226850509643555, "reduction": 10.666666666666668, "validation": {"accuracy": 18.88888888888889}, "test": {"accuracy": 22.0}}, "0.4": {"reduction_in_attributes": 85.71428571428572, "time": 0.005177974700927734, "reduction": 10.666666666666668, "validation": {"accuracy": 18.88888888888889}, "test": {"accuracy": 22.0}}, "0.5": {"reduction_in_attributes": 85.71428571428572, "time": 0.0054149627685546875, "reduction": 9.55555555555555, "validation": {"accuracy": 17.11111111111111}, "test": {"accuracy": 14.000000000000002}}, "0.6": {"reduction_in_attributes": 85.71428571428572, "time": 0.005289793014526367, "reduction": 12.666666666666671, "validation": {"accuracy": 15.333333333333332}, "test": {"accuracy": 16.0}}, "0.7": {"reduction_in_attributes": 85.71428571428572, "time": 0.00519108772277832, "reduction": 10.666666666666668, "validation": {"accuracy": 18.88888888888889}, "test": {"accuracy": 22.0}}, "0.8": {"reduction_in_attributes": 85.71428571428572, "time": 0.005373954772949219, "reduction": 9.55555555555555, "validation": {"accuracy": 17.11111111111111}, "test": {"accuracy": 14.000000000000002}}, "0.9": {"reduction_in_attributes": 85.71428571428572, "time": 0.005427837371826172, "reduction": 9.55555555555555, "validation": {"accuracy": 17.11111111111111}, "test": {"accuracy": 14.000000000000002}}, "1.0": {"reduction_in_attributes": 85.71428571428572, "time": 0.005549192428588867, "reduction": 9.55555555555555, "validation": {"accuracy": 17.11111111111111}, "test": {"accuracy": 14.000000000000002}}}, "4": {"0.0": {"reduction_in_attributes": 85.71428571428572, "time": 0.00576019287109375, "reduction": 0.0, "validation": {"accuracy": 19.77777777777778}, "test": {"accuracy": 18.0}}, "0.1": {"reduction_in_attributes": 85.71428571428572, "time": 0.00507807731628418, "reduction": 17.777777777777782, "validation": {"accuracy": 19.11111111111111}, "test": {"accuracy": 18.0}}, "0.2": {"reduction_in_attributes": 85.71428571428572, "time": 0.005602121353149414, "reduction": 9.55555555555555, "validation": {"accuracy": 19.77777777777778}, "test": {"accuracy": 18.0}}, "0.3": {"reduction_in_attributes": 85.71428571428572, "time": 0.0053250789642333984, "reduction": 11.777777777777775, "validation": {"accuracy": 17.555555555555554}, "test": {"accuracy": 18.0}}, "0.4": {"reduction_in_attributes": 85.71428571428572, "time": 0.005383968353271484, "reduction": 11.777777777777775, "validation": {"accuracy": 17.555555555555554}, "test": {"accuracy": 18.0}}, "0.5": {"reduction_in_attributes": 85.71428571428572, "time": 0.005420207977294922, "reduction": 9.55555555555555, "validation": {"accuracy": 19.77777777777778}, "test": {"accuracy": 18.0}}, "0.6": {"reduction_in_attributes": 85.71428571428572, "time": 0.005196809768676758, "reduction": 9.999999999999998, "validation": {"accuracy": 19.11111111111111}, "test": {"accuracy": 20.0}}, "0.7": {"reduction_in_attributes": 85.71428571428572, "time": 0.005669116973876953, "reduction": 9.55555555555555, "validation": {"accuracy": 17.11111111111111}, "test": {"accuracy": 14.000000000000002}}, "0.8": {"reduction_in_attributes": 85.71428571428572, "time": 0.0059130191802978516, "reduction": 9.55555555555555, "validation": {"accuracy": 19.77777777777778}, "test": {"accuracy": 18.0}}, "0.9": {"reduction_in_attributes": 85.71428571428572, "time": 0.005202770233154297, "reduction": 17.777777777777782, "validation": {"accuracy": 19.11111111111111}, "test": {"accuracy": 18.0}}, "1.0": {"reduction_in_attributes": 85.71428571428572, "time": 0.005436897277832031, "reduction": 12.0, "validation": {"accuracy": 16.0}, "test": {"accuracy": 10.0}}}, "5": {"0.0": {"reduction_in_attributes": 85.71428571428572, "time": 0.005719184875488281, "reduction": 0.0, "validation": {"accuracy": 19.333333333333332}, "test": {"accuracy": 18.0}}, "0.1": {"reduction_in_attributes": 85.71428571428572, "time": 0.0054111480712890625, "reduction": 9.55555555555555, "validation": {"accuracy": 19.333333333333332}, "test": {"accuracy": 18.0}}, "0.2": {"reduction_in_attributes": 85.71428571428572, "time": 0.005270957946777344, "reduction": 12.222222222222223, "validation": {"accuracy": 18.88888888888889}, "test": {"accuracy": 20.0}}, "0.3": {"reduction_in_attributes": 85.71428571428572, "time": 0.00534820556640625, "reduction": 10.888888888888893, "validation": {"accuracy": 17.555555555555554}, "test": {"accuracy": 18.0}}, "0.4": {"reduction_in_attributes": 85.71428571428572, "time": 0.005391836166381836, "reduction": 9.55555555555555, "validation": {"accuracy": 19.333333333333332}, "test": {"accuracy": 18.0}}, "0.5": {"reduction_in_attributes": 85.71428571428572, "time": 0.0052700042724609375, "reduction": 10.444444444444445, "validation": {"accuracy": 18.444444444444443}, "test": {"accuracy": 16.0}}, "0.6": {"reduction_in_attributes": 85.71428571428572, "time": 0.005558013916015625, "reduction": 9.333333333333337, "validation": {"accuracy": 18.88888888888889}, "test": {"accuracy": 18.0}}, "0.7": {"reduction_in_attributes": 85.71428571428572, "time": 0.005296945571899414, "reduction": 10.444444444444445, "validation": {"accuracy": 18.444444444444443}, "test": {"accuracy": 16.0}}, "0.8": {"reduction_in_attributes": 85.71428571428572, "time": 0.005491018295288086, "reduction": 12.222222222222223, "validation": {"accuracy": 18.88888888888889}, "test": {"accuracy": 20.0}}, "0.9": {"reduction_in_attributes": 85.71428571428572, "time": 0.005685091018676758, "reduction": 9.333333333333337, "validation": {"accuracy": 18.88888888888889}, "test": {"accuracy": 18.0}}, "1.0": {"reduction_in_attributes": 85.71428571428572, "time": 0.00533604621887207, "reduction": 10.888888888888893, "validation": {"accuracy": 17.555555555555554}, "test": {"accuracy": 18.0}}}, "6": {"0.0": {"reduction_in_attributes": 85.71428571428572, "time": 0.005824089050292969, "reduction": 0.0, "validation": {"accuracy": 19.555555555555557}, "test": {"accuracy": 20.0}}, "0.1": {"reduction_in_attributes": 85.71428571428572, "time": 0.004940032958984375, "reduction": 18.666666666666664, "validation": {"accuracy": 18.88888888888889}, "test": {"accuracy": 20.0}}, "0.2": {"reduction_in_attributes": 85.71428571428572, "time": 0.005463123321533203, "reduction": 11.777777777777775, "validation": {"accuracy": 18.88888888888889}, "test": {"accuracy": 20.0}}, "0.3": {"reduction_in_attributes": 85.71428571428572, "time": 0.005558967590332031, "reduction": 9.111111111111114, "validation": {"accuracy": 16.88888888888889}, "test": {"accuracy": 16.0}}, "0.4": {"reduction_in_attributes": 85.71428571428572, "time": 0.005714893341064453, "reduction": 9.55555555555555, "validation": {"accuracy": 20.666666666666668}, "test": {"accuracy": 22.0}}, "0.5": {"reduction_in_attributes": 85.71428571428572, "time": 0.005670070648193359, "reduction": 9.777777777777775, "validation": {"accuracy": 19.555555555555557}, "test": {"accuracy": 20.0}}, "0.6": {"reduction_in_attributes": 85.71428571428572, "time": 0.005591154098510742, "reduction": 9.55555555555555, "validation": {"accuracy": 20.666666666666668}, "test": {"accuracy": 22.0}}, "0.7": {"reduction_in_attributes": 85.71428571428572, "time": 0.005354881286621094, "reduction": 10.222222222222221, "validation": {"accuracy": 19.333333333333332}, "test": {"accuracy": 18.0}}, "0.8": {"reduction_in_attributes": 85.71428571428572, "time": 0.0054471492767333984,