{"3": {"0.0": {"reduction_in_attributes": 92.3076923076923, "time": 0.0179288387298584, "reduction": 5.387205387205385, "validation": {"accuracy": 82.49158249158249}, "test": {"accuracy": 8.080808080808081}}, "0.1": {"reduction_in_attributes": 92.3076923076923, "time": 0.016955137252807617, "reduction": 14.365881032547701, "validation": {"accuracy": 76.20650953984287}, "test": {"accuracy": 12.121212121212121}}, "0.2": {"reduction_in_attributes": 92.3076923076923, "time": 0.01627802848815918, "reduction": 22.22222222222222, "validation": {"accuracy": 71.15600448933782}, "test": {"accuracy": 12.121212121212121}}, "0.3": {"reduction_in_attributes": 92.3076923076923, "time": 0.010746002197265625, "reduction": 48.26038159371493, "validation": {"accuracy": 9.427609427609427}, "test": {"accuracy": 6.0606060606060606}}, "0.4": {"reduction_in_attributes": 92.3076923076923, "time": 0.013923168182373047, "reduction": 41.41414141414141, "validation": {"accuracy": 57.91245791245792}, "test": {"accuracy": 7.07070707070707}}, "0.5": {"reduction_in_attributes": 92.3076923076923, "time": 0.012774229049682617, "reduction": 51.290684624017956, "validation": {"accuracy": 52.52525252525253}, "test": {"accuracy": 12.121212121212121}}, "0.6": {"reduction_in_attributes": 92.3076923076923, "time": 0.014165163040161133, "reduction": 43.88327721661055, "validation": {"accuracy": 71.15600448933782}, "test": {"accuracy": 28.28282828282828}}, "0.7": {"reduction_in_attributes": 92.3076923076923, "time": 0.009604215621948242, "reduction": 48.26038159371493, "validation": {"accuracy": 9.427609427609427}, "test": {"accuracy": 6.0606060606060606}}, "0.8": {"reduction_in_attributes": 92.3076923076923, "time": 0.010894775390625, "reduction": 69.36026936026936, "validation": {"accuracy": 36.02693602693603}, "test": {"accuracy": 13.131313131313133}}, "0.9": {"reduction_in_attributes": 92.3076923076923, "time": 0.009990215301513672, "reduction": 48.26038159371493, "validation": {"accuracy": 9.427609427609427}, "test": {"accuracy": 6.0606060606060606}}, "1.0": {"reduction_in_attributes": 92.3076923076923, "time": 0.01801013946533203, "reduction": 48.26038159371493, "validation": {"accuracy": 9.427609427609427}, "test": {"accuracy": 6.0606060606060606}}}, "4": {"0.0": {"reduction_in_attributes": 92.3076923076923, "time": 0.01457667350769043, "reduction": 4.8260381593714925, "validation": {"accuracy": 82.04264870931539}, "test": {"accuracy": 11.11111111111111}}, "0.1": {"reduction_in_attributes": 92.3076923076923, "time": 0.014940023422241211, "reduction": 17.95735129068462, "validation": {"accuracy": 78.22671156004489}, "test": {"accuracy": 10.1010101010101}}, "0.2": {"reduction_in_attributes": 92.3076923076923, "time": 0.015661001205444336, "reduction": 21.09988776655444, "validation": {"accuracy": 84.73625140291807}, "test": {"accuracy": 19.19191919191919}}, "0.3": {"reduction_in_attributes": 92.3076923076923, "time": 0.016108036041259766, "reduction": 26.150392817059487, "validation": {"accuracy": 65.993265993266}, "test": {"accuracy": 14.14141414141414}}, "0.4": {"reduction_in_attributes": 92.3076923076923, "time": 0.010822057723999023, "reduction": 47.81144781144781, "validation": {"accuracy": 9.31537598204265}, "test": {"accuracy": 7.07070707070707}}, "0.5": {"reduction_in_attributes": 92.3076923076923, "time": 0.01364898681640625, "reduction": 39.8428731762065, "validation": {"accuracy": 59.82042648709316}, "test": {"accuracy": 16.161616161616163}}, "0.6": {"reduction_in_attributes": 92.3076923076923, "time": 0.014226198196411133, "reduction": 48.26038159371493, "validation": {"accuracy": 53.535353535353536}, "test": {"accuracy": 17.17171717171717}}, "0.7": {"reduction_in_attributes": 92.3076923076923, "time": 0.011786460876464844, "reduction": 55.78002244668912, "validation": {"accuracy": 9.988776655443322}, "test": {"accuracy": 1.0101010101010102}}, "0.8": {"reduction_in_attributes": 92.3076923076923, "time": 0.011921882629394531, "reduction": 73.73737373737373, "validation": {"accuracy": 35.24130190796858}, "test": {"accuracy": 16.161616161616163}}, "0.9": {"reduction_in_attributes": 92.3076923076923, "time": 0.012235879898071289, "reduction": 80.8080808080808, "validation": {"accuracy": 44.668911335578}, "test": {"accuracy": 34.34343434343434}}, "1.0": {"reduction_in_attributes": 92.3076923076923, "time": 0.009591102600097656, "reduction": 98.76543209876543, "validation": {"accuracy": 13.692480359147025}, "test": {"accuracy": 12.121212121212121}}}, "5": {"0.0": {"reduction_in_attributes": 92.3076923076923, "time": 0.013758182525634766, "reduction": 0.0, "validation": {"accuracy": 9.876543209876543}, "test": {"accuracy": 2.0202020202020203}}, "0.1": {"reduction_in_attributes": 92.3076923076923, "time": 0.008617162704467773, "reduction": 47.92368125701459, "validation": {"accuracy": 9.31537598204265}, "test": {"accuracy": 7.07070707070707}}, "0.2": {"reduction_in_attributes": 92.3076923076923, "time": 0.013612031936645508, "reduction": 24.691358024691358, "validation": {"accuracy": 87.09315375982042}, "test": {"accuracy": 27.27272727272727}}, "0.3": {"reduction_in_attributes": 92.3076923076923, "time": 0.015921831130981445, "reduction": 24.130190796857466, "validation": {"accuracy": 82.04264870931539}, "test": {"accuracy": 29.292929292929294}}, "0.4": {"reduction_in_attributes": 92.3076923076923, "time": 0.012783050537109375, "reduction": 38.72053872053872, "validation": {"accuracy": 61.72839506172839}, "test": {"accuracy": 18.181818181818183}}, "0.5": {"reduction_in_attributes": 92.3076923076923, "time": 0.01201486587524414, "reduction": 51.85185185185186, "validation": {"accuracy": 52.52525252525253}, "test": {"accuracy": 10.1010101010101}}, "0.6": {"reduction_in_attributes": 92.3076923076923, "time": 0.008855819702148438, "reduction": 50.056116722783386, "validation": {"accuracy": 9.20314253647587}, "test": {"accuracy": 8.080808080808081}}, "0.7": {"reduction_in_attributes": 92.3076923076923, "time": 0.010876893997192383, "reduction": 63.63636363636363, "validation": {"accuracy": 41.9753086419753}, "test": {"accuracy": 16.161616161616163}}, "0.8": {"reduction_in_attributes": 92.3076923076923, "time": 0.012272834777832031, "reduction": 64.8709315375982, "validation": {"accuracy": 41.30190796857464}, "test": {"accuracy": 17.17171717171717}}, "0.9": {"reduction_in_attributes": 92.3076923076923, "time": 0.011382102966308594, "reduction": 73.84960718294052, "validation": {"accuracy": 37.48597081930416}, "test": {"accuracy": 23.232323232323232}}, "1.0": {"reduction_in_attributes": 92.3076923076923, "time": 0.012016057968139648, "reduction": 98.76543209876543, "validation": {"accuracy": 27.38496071829405}, "test": {"accuracy": 28.28282828282828}}}, "6": {"0.0": {"reduction_in_attributes": 92.3076923076923, "time": 0.014983177185058594, "reduction": 5.05050505050505, "validation": {"accuracy": 83.05274971941638}, "test": {"accuracy": 14.14141414141414}}, "0.1": {"reduction_in_attributes": 92.3076923076923, "time": 0.008970022201538086, "reduction": 49.94388327721661, "validation": {"accuracy": 9.20314253647587}, "test": {"accuracy": 8.080808080808081}}, "0.2": {"reduction_in_attributes": 92.3076923076923, "time": 0.012458086013793945, "reduction": 17.508417508417505, "validation": {"accuracy": 10.1010101010101}, "test": {"accuracy": 0.0}}, "0.3": {"reduction_in_attributes": 92.3076923076923, "time": 0.014944076538085938, "reduction": 23.68125701459035, "validation": {"accuracy": 74.97194163860831}, "test": {"accuracy": 16.161616161616163}}, "0.4": {"reduction_in_attributes": 92.3076923076923, "time": 0.016087055206298828, "reduction": 33.445566778900115, "validation": {"accuracy": 80.02244668911335}, "test": {"accuracy": 28.28282828282828}}, "0.5": {"reduction_in_attributes": 92.3076923076923, "time": 0.014842748641967773, "reduction": 34.231200897867566, "validation": {"accuracy": 74.74747474747475}, "test": {"accuracy": 31.313131313131315}},