{"3": {"0.0": {"reduction_in_attributes": 66.66666666666667, "time": 0.003487110137939453, "reduction": 1.285347043701801, "validation": {"accuracy": 65.03856041131105}, "test": {"accuracy": 55.81395348837209}}, "0.1": {"reduction_in_attributes": 66.66666666666667, "time": 0.002900838851928711, "reduction": 63.75321336760926, "validation": {"accuracy": 64.01028277634961}, "test": {"accuracy": 62.7906976744186}}, "0.2": {"reduction_in_attributes": 66.66666666666667, "time": 0.0028688907623291016, "reduction": 65.29562982005142, "validation": {"accuracy": 82.0051413881748}, "test": {"accuracy": 74.4186046511628}}, "0.3": {"reduction_in_attributes": 66.66666666666667, "time": 0.0027120113372802734, "reduction": 97.68637532133675, "validation": {"accuracy": 82.0051413881748}, "test": {"accuracy": 74.4186046511628}}, "0.4": {"reduction_in_attributes": 66.66666666666667, "time": 0.0027053356170654297, "reduction": 99.22879177377892, "validation": {"accuracy": 80.97686375321337}, "test": {"accuracy": 74.4186046511628}}, "0.5": {"reduction_in_attributes": 66.66666666666667, "time": 0.0027871131896972656, "reduction": 99.48586118251927, "validation": {"accuracy": 54.24164524421594}, "test": {"accuracy": 60.46511627906976}}, "0.6": {"reduction_in_attributes": 66.66666666666667, "time": 0.0026671886444091797, "reduction": 99.48586118251927, "validation": {"accuracy": 54.24164524421594}, "test": {"accuracy": 60.46511627906976}}, "0.7": {"reduction_in_attributes": 66.66666666666667, "time": 0.002655029296875, "reduction": 99.48586118251927, "validation": {"accuracy": 54.24164524421594}, "test": {"accuracy": 62.7906976744186}}, "0.8": {"reduction_in_attributes": 66.66666666666667, "time": 0.002543926239013672, "reduction": 99.48586118251927, "validation": {"accuracy": 54.24164524421594}, "test": {"accuracy": 60.46511627906976}}, "0.9": {"reduction_in_attributes": 66.66666666666667, "time": 0.002457141876220703, "reduction": 99.48586118251927, "validation": {"accuracy": 80.97686375321337}, "test": {"accuracy": 74.4186046511628}}, "1.0": {"reduction_in_attributes": 66.66666666666667, "time": 0.002454042434692383, "reduction": 99.48586118251927, "validation": {"accuracy": 80.97686375321337}, "test": {"accuracy": 74.4186046511628}}}, "4": {"0.0": {"reduction_in_attributes": 66.66666666666667, "time": 0.003550291061401367, "reduction": 1.285347043701801, "validation": {"accuracy": 64.52442159383034}, "test": {"accuracy": 51.162790697674424}}, "0.1": {"reduction_in_attributes": 66.66666666666667, "time": 0.002916097640991211, "reduction": 65.80976863753214, "validation": {"accuracy": 64.52442159383034}, "test": {"accuracy": 55.81395348837209}}, "0.2": {"reduction_in_attributes": 66.66666666666667, "time": 0.002877950668334961, "reduction": 67.3521850899743, "validation": {"accuracy": 81.23393316195373}, "test": {"accuracy": 69.76744186046511}}, "0.3": {"reduction_in_attributes": 66.66666666666667, "time": 0.002657651901245117, "reduction": 97.94344473007712, "validation": {"accuracy": 81.23393316195373}, "test": {"accuracy": 69.76744186046511}}, "0.4": {"reduction_in_attributes": 66.66666666666667, "time": 0.0027680397033691406, "reduction": 97.94344473007712, "validation": {"accuracy": 81.23393316195373}, "test": {"accuracy": 69.76744186046511}}, "0.5": {"reduction_in_attributes": 66.66666666666667, "time": 0.0026810169219970703, "reduction": 99.48586118251927, "validation": {"accuracy": 53.98457583547558}, "test": {"accuracy": 62.7906976744186}}, "0.6": {"reduction_in_attributes": 66.66666666666667, "time": 0.002665281295776367, "reduction": 99.48586118251927, "validation": {"accuracy": 53.98457583547558}, "test": {"accuracy": 60.46511627906976}}, "0.7": {"reduction_in_attributes": 66.66666666666667, "time": 0.0027468204498291016, "reduction": 99.48586118251927, "validation": {"accuracy": 53.98457583547558}, "test": {"accuracy": 60.46511627906976}}, "0.8": {"reduction_in_attributes": 66.66666666666667, "time": 0.0024802684783935547, "reduction": 99.48586118251927, "validation": {"accuracy": 80.97686375321337}, "test": {"accuracy": 76.74418604651163}}, "0.9": {"reduction_in_attributes": 66.66666666666667, "time": 0.0024690628051757812, "reduction": 99.48586118251927, "validation": {"accuracy": 64.78149100257069}, "test": {"accuracy": 55.81395348837209}}, "1.0": {"reduction_in_attributes": 66.66666666666667, "time": 0.002660989761352539, "reduction": 99.48586118251927, "validation": {"accuracy": 64.78149100257069}, "test": {"accuracy": 55.81395348837209}}}, "5": {"0.0": {"reduction_in_attributes": 66.66666666666667, "time": 0.0033407211303710938, "reduction": 1.285347043701801, "validation": {"accuracy": 66.83804627249359}, "test": {"accuracy": 53.48837209302325}}, "0.1": {"reduction_in_attributes": 66.66666666666667, "time": 0.002900838851928711, "reduction": 65.80976863753214, "validation": {"accuracy": 65.80976863753213}, "test": {"accuracy": 48.837209302325576}}, "0.2": {"reduction_in_attributes": 66.66666666666667, "time": 0.0028820037841796875, "reduction": 65.80976863753214, "validation": {"accuracy": 65.80976863753213}, "test": {"accuracy": 48.837209302325576}}, "0.3": {"reduction_in_attributes": 66.66666666666667, "time": 0.0027861595153808594, "reduction": 97.68637532133675, "validation": {"accuracy": 82.26221079691517}, "test": {"accuracy": 67.44186046511628}}, "0.4": {"reduction_in_attributes": 66.66666666666667, "time": 0.0027008056640625, "reduction": 99.22879177377892, "validation": {"accuracy": 81.23393316195373}, "test": {"accuracy": 72.09302325581395}}, "0.5": {"reduction_in_attributes": 66.66666666666667, "time": 0.0026988983154296875, "reduction": 99.48586118251927, "validation": {"accuracy": 54.24164524421594}, "test": {"accuracy": 58.139534883720934}}, "0.6": {"reduction_in_attributes": 66.66666666666667, "time": 0.0027740001678466797, "reduction": 99.48586118251927, "validation": {"accuracy": 54.24164524421594}, "test": {"accuracy": 58.139534883720934}}, "0.7": {"reduction_in_attributes": 66.66666666666667, "time": 0.002679109573364258, "reduction": 99.48586118251927, "validation": {"accuracy": 54.24164524421594}, "test": {"accuracy": 60.46511627906976}}, "0.8": {"reduction_in_attributes": 66.66666666666667, "time": 0.0024709701538085938, "reduction": 99.48586118251927, "validation": {"accuracy": 81.23393316195373}, "test": {"accuracy": 72.09302325581395}}, "0.9": {"reduction_in_attributes": 66.66666666666667, "time": 0.0025920867919921875, "reduction": 99.48586118251927, "validation": {"accuracy": 81.23393316195373}, "test": {"accuracy": 72.09302325581395}}, "1.0": {"reduction_in_attributes": 66.66666666666667, "time": 0.002477884292602539, "reduction": 99.48586118251927, "validation": {"accuracy": 81.23393316195373}, "test": {"accuracy": 72.09302325581395}}}, "6": {"0.0": {"reduction_in_attributes": 66.66666666666667, "time": 0.003490924835205078, "reduction": 1.285347043701801, "validation": {"accuracy": 65.29562982005142}, "test": {"accuracy": 53.48837209302325}}, "0.1": {"reduction_in_attributes": 66.66666666666667, "time": 0.002947092056274414, "reduction": 63.239074550128535, "validation": {"accuracy": 64.26735218508998}, "test": {"accuracy": 55.81395348837209}}, "0.2": {"reduction_in_attributes": 66.66666666666667, "time": 0.003046751022338867, "reduction": 63.239074550128535, "validation": {"accuracy": 64.26735218508998}, "test": {"accuracy": 55.81395348837209}}, "0.3": {"reduction_in_attributes": 66.66666666666667, "time": 0.002716064453125, "reduction": 97.68637532133675, "validation": {"accuracy": 82.26221079691517}, "test": {"accuracy": 74.4186046511628}}, "0.4": {"reduction_in_attributes": 66.66666666666667, "time": 0.0027382373809814453, "reduction": 99.22879177377892, "validation": {"accuracy": 82.26221079691517}, "test": {"accuracy": 74.4186046511628}}, "0.5": {"reduction_in_attributes": 66.66666666666667, "time": 0.002730846405029297, "reduction": 99.48586118251927, "validation": {"accuracy": 81.23393316195373},