{"3": {"0.0": {"reduction_in_attributes": 90.9090909090909, "time": 0.04542088508605957, "reduction": 0.20847810979847115, "validation": {"accuracy": 36.55316191799861}, "test": {"accuracy": 31.25}}, "0.1": {"reduction_in_attributes": 90.9090909090909, "time": 0.044165849685668945, "reduction": 6.879777623349548, "validation": {"accuracy": 47.88047255038221}, "test": {"accuracy": 28.125}}, "0.2": {"reduction_in_attributes": 90.9090909090909, "time": 0.04273796081542969, "reduction": 12.717164697706739, "validation": {"accuracy": 47.67199444058374}, "test": {"accuracy": 30.625000000000004}}, "0.3": {"reduction_in_attributes": 90.9090909090909, "time": 0.03655886650085449, "reduction": 47.32453092425295, "validation": {"accuracy": 43.71091035441278}, "test": {"accuracy": 28.125}}, "0.4": {"reduction_in_attributes": 90.9090909090909, "time": 0.03754377365112305, "reduction": 45.865184155663655, "validation": {"accuracy": 43.29395413481584}, "test": {"accuracy": 40.625}}, "0.5": {"reduction_in_attributes": 90.9090909090909, "time": 0.03890490531921387, "reduction": 37.10910354412786, "validation": {"accuracy": 36.06671299513551}, "test": {"accuracy": 49.375}}, "0.6": {"reduction_in_attributes": 90.9090909090909, "time": 0.03523588180541992, "reduction": 66.15705350938151, "validation": {"accuracy": 37.94301598332176}, "test": {"accuracy": 40.0}}, "0.7": {"reduction_in_attributes": 90.9090909090909, "time": 0.033669233322143555, "reduction": 78.24878387769284, "validation": {"accuracy": 42.390548992355804}, "test": {"accuracy": 31.874999999999996}}, "0.8": {"reduction_in_attributes": 90.9090909090909, "time": 0.033431053161621094, "reduction": 72.68936761640028, "validation": {"accuracy": 47.533009034051425}, "test": {"accuracy": 45.0}}, "0.9": {"reduction_in_attributes": 90.9090909090909, "time": 0.032357215881347656, "reduction": 88.39471855455177, "validation": {"accuracy": 35.44127866574009}, "test": {"accuracy": 38.75}}, "1.0": {"reduction_in_attributes": 90.9090909090909, "time": 0.03168678283691406, "reduction": 99.58304378040306, "validation": {"accuracy": 33.28700486448923}, "test": {"accuracy": 33.75}}}, "4": {"0.0": {"reduction_in_attributes": 90.9090909090909, "time": 0.0454258918762207, "reduction": 0.4169562195969423, "validation": {"accuracy": 32.80055594162613}, "test": {"accuracy": 42.5}}, "0.1": {"reduction_in_attributes": 90.9090909090909, "time": 0.04376220703125, "reduction": 7.018763029881859, "validation": {"accuracy": 29.673384294649065}, "test": {"accuracy": 33.75}}, "0.2": {"reduction_in_attributes": 90.9090909090909, "time": 0.03754591941833496, "reduction": 49.617790132036134, "validation": {"accuracy": 51.494093120222374}, "test": {"accuracy": 38.75}}, "0.3": {"reduction_in_attributes": 90.9090909090909, "time": 0.03862118721008301, "reduction": 35.58026407227241, "validation": {"accuracy": 42.807505211952744}, "test": {"accuracy": 41.25}}, "0.4": {"reduction_in_attributes": 90.9090909090909, "time": 0.03867077827453613, "reduction": 34.67685892981237, "validation": {"accuracy": 44.683808200138984}, "test": {"accuracy": 43.75}}, "0.5": {"reduction_in_attributes": 90.9090909090909, "time": 0.03877401351928711, "reduction": 48.088950660180686, "validation": {"accuracy": 48.43641417651147}, "test": {"accuracy": 41.875}}, "0.6": {"reduction_in_attributes": 90.9090909090909, "time": 0.03783893585205078, "reduction": 44.892286309937454, "validation": {"accuracy": 45.3092425295344}, "test": {"accuracy": 45.625}}, "0.7": {"reduction_in_attributes": 90.9090909090909, "time": 0.03634309768676758, "reduction": 55.107713690062546, "validation": {"accuracy": 46.699096594857544}, "test": {"accuracy": 48.75}}, "0.8": {"reduction_in_attributes": 90.9090909090909, "time": 0.03359079360961914, "reduction": 75.8860319666435, "validation": {"accuracy": 36.831132731063235}, "test": {"accuracy": 34.375}}, "0.9": {"reduction_in_attributes": 90.9090909090909, "time": 0.03321409225463867, "reduction": 80.05559416261292, "validation": {"accuracy": 28.422515635858236}, "test": {"accuracy": 26.875}}, "1.0": {"reduction_in_attributes": 90.9090909090909, "time": 0.03151226043701172, "reduction": 99.58304378040306, "validation": {"accuracy": 2.2932592077831826}, "test": {"accuracy": 2.5}}}, "5": {"0.0": {"reduction_in_attributes": 90.9090909090909, "time": 0.044812917709350586, "reduction": 0.2779708130646319, "validation": {"accuracy": 41.00069492703266}, "test": {"accuracy": 7.5}}, "0.1": {"reduction_in_attributes": 90.9090909090909, "time": 0.04421186447143555, "reduction": 7.366226546212651, "validation": {"accuracy": 48.85337039610841}, "test": {"accuracy": 28.749999999999996}}, "0.2": {"reduction_in_attributes": 90.9090909090909, "time": 0.04219698905944824, "reduction": 13.551077136900624, "validation": {"accuracy": 46.83808200138985}, "test": {"accuracy": 44.375}}, "0.3": {"reduction_in_attributes": 90.9090909090909, "time": 0.04194283485412598, "reduction": 15.218902015288393, "validation": {"accuracy": 45.448227936066715}, "test": {"accuracy": 43.75}}, "0.4": {"reduction_in_attributes": 90.9090909090909, "time": 0.03731417655944824, "reduction": 44.05837387074357, "validation": {"accuracy": 40.58373870743572}, "test": {"accuracy": 46.25}}, "0.5": {"reduction_in_attributes": 90.9090909090909, "time": 0.03638505935668945, "reduction": 53.02293259207783, "validation": {"accuracy": 40.58373870743572}, "test": {"accuracy": 46.25}}, "0.6": {"reduction_in_attributes": 90.9090909090909, "time": 0.03709101676940918, "reduction": 51.77206393328701, "validation": {"accuracy": 46.83808200138985}, "test": {"accuracy": 45.625}}, "0.7": {"reduction_in_attributes": 90.9090909090909, "time": 0.03648114204406738, "reduction": 51.702571230020844, "validation": {"accuracy": 39.19388464211258}, "test": {"accuracy": 45.0}}, "0.8": {"reduction_in_attributes": 90.9090909090909, "time": 0.03328704833984375, "reduction": 81.02849200833913, "validation": {"accuracy": 42.599027102154274}, "test": {"accuracy": 44.375}}, "0.9": {"reduction_in_attributes": 90.9090909090909, "time": 0.03200888633728027, "reduction": 97.49826268241834, "validation": {"accuracy": 27.936066712995135}, "test": {"accuracy": 31.874999999999996}}, "1.0": {"reduction_in_attributes": 90.9090909090909, "time": 0.031229019165039062, "reduction": 99.58304378040306, "validation": {"accuracy": 4.169562195969423}, "test": {"accuracy": 3.75}}}, "6": {"0.0": {"reduction_in_attributes": 90.9090909090909, "time": 0.045469045639038086, "reduction": 0.2779708130646319, "validation": {"accuracy": 43.780403057678946}, "test": {"accuracy": 31.25}}, "0.1": {"reduction_in_attributes": 90.9090909090909, "time": 0.04307818412780762, "reduction": 9.798471160528145, "validation": {"accuracy": 40.58373870743572}, "test": {"accuracy": 49.375}}, "0.2": {"reduction_in_attributes": 90.9090909090909, "time": 0.03800773620605469, "reduction": 49.06184850590688, "validation": {"accuracy": 53.717859624739404}, "test": {"accuracy": 35.625}}, "0.3": {"reduction_in_attributes": 90.9090909090909, "time": 0.04101300239562988, "reduction": 21.26476719944406, "validation": {"accuracy": 47.2550382209868}, "test": {"accuracy": 42.5}}, "0.4": {"reduction_in_attributes": 90.9090909090909, "time": 0.037117958068847656, "reduction": 45.03127171646977, "validation": {"accuracy": 36.831132731063235}, "test": {"accuracy": 36.875}}, "0.5": {"reduction_in_attributes": 90.9090909090909, "time": 0.0386807918548584, "reduction": 37.178596247394026, "validation": {"accuracy": 46.56011118832522}, "test": {"accuracy": 43.75}}, "0.6": {"reduction_in_attributes": 90.9090909090909, "time": 0.03596687316894531, "reduction": 61.91799861014593, "validation": {"accuracy": 44.683808200138984}, "test": {"accuracy": 48.75}}, "0.7": {"reduction_in_attributes": 90.9090909090909, "time": 0.035917043685913086, "reduction": 60.736622654621264, "validation": {"accuracy": 40.097289784572624}, "test": {"accuracy": 46.875}},