{"3": {"0.0": {"reduction_in_attributes": 85.71428571428572, "time": 0.005869150161743164, "reduction": 0.0, "validation": {"accuracy": 15.555555555555555}, "test": {"accuracy": 14.000000000000002}}, "0.1": {"reduction_in_attributes": 85.71428571428572, "time": 0.004801034927368164, "reduction": 16.666666666666664, "validation": {"accuracy": 18.22222222222222}, "test": {"accuracy": 20.0}}, "0.2": {"reduction_in_attributes": 85.71428571428572, "time": 0.004942893981933594, "reduction": 9.777777777777775, "validation": {"accuracy": 19.555555555555557}, "test": {"accuracy": 20.0}}, "0.3": {"reduction_in_attributes": 85.71428571428572, "time": 0.0056879520416259766, "reduction": 10.888888888888893, "validation": {"accuracy": 18.0}, "test": {"accuracy": 16.0}}, "0.4": {"reduction_in_attributes": 85.71428571428572, "time": 0.005150318145751953, "reduction": 9.777777777777775, "validation": {"accuracy": 19.555555555555557}, "test": {"accuracy": 20.0}}, "0.5": {"reduction_in_attributes": 85.71428571428572, "time": 0.004932880401611328, "reduction": 11.333333333333329, "validation": {"accuracy": 20.0}, "test": {"accuracy": 22.0}}, "0.6": {"reduction_in_attributes": 85.71428571428572, "time": 0.0055658817291259766, "reduction": 12.888888888888895, "validation": {"accuracy": 15.555555555555555}, "test": {"accuracy": 14.000000000000002}}, "0.7": {"reduction_in_attributes": 85.71428571428572, "time": 0.005079030990600586, "reduction": 16.666666666666664, "validation": {"accuracy": 18.22222222222222}, "test": {"accuracy": 20.0}}, "0.8": {"reduction_in_attributes": 85.71428571428572, "time": 0.005057811737060547, "reduction": 18.444444444444443, "validation": {"accuracy": 18.666666666666668}, "test": {"accuracy": 22.0}}, "0.9": {"reduction_in_attributes": 85.71428571428572, "time": 0.005568981170654297, "reduction": 9.777777777777775, "validation": {"accuracy": 19.555555555555557}, "test": {"accuracy": 20.0}}, "1.0": {"reduction_in_attributes": 85.71428571428572, "time": 0.004971981048583984, "reduction": 10.888888888888893, "validation": {"accuracy": 18.0}, "test": {"accuracy": 16.0}}}, "4": {"0.0": {"reduction_in_attributes": 85.71428571428572, "time": 0.0060231685638427734, "reduction": 0.0, "validation": {"accuracy": 18.22222222222222}, "test": {"accuracy": 16.0}}, "0.1": {"reduction_in_attributes": 85.71428571428572, "time": 0.005815982818603516, "reduction": 10.666666666666668, "validation": {"accuracy": 17.333333333333336}, "test": {"accuracy": 20.0}}, "0.2": {"reduction_in_attributes": 85.71428571428572, "time": 0.00496983528137207, "reduction": 10.666666666666668, "validation": {"accuracy": 17.333333333333336}, "test": {"accuracy": 20.0}}, "0.3": {"reduction_in_attributes": 85.71428571428572, "time": 0.0072062015533447266, "reduction": 8.888888888888891, "validation": {"accuracy": 20.88888888888889}, "test": {"accuracy": 20.0}}, "0.4": {"reduction_in_attributes": 85.71428571428572, "time": 0.0048749446868896484, "reduction": 8.888888888888891, "validation": {"accuracy": 20.88888888888889}, "test": {"accuracy": 20.0}}, "0.5": {"reduction_in_attributes": 85.71428571428572, "time": 0.004812002182006836, "reduction": 10.666666666666668, "validation": {"accuracy": 17.333333333333336}, "test": {"accuracy": 20.0}}, "0.6": {"reduction_in_attributes": 85.71428571428572, "time": 0.0052051544189453125, "reduction": 18.444444444444443, "validation": {"accuracy": 19.11111111111111}, "test": {"accuracy": 18.0}}, "0.7": {"reduction_in_attributes": 85.71428571428572, "time": 0.005480289459228516, "reduction": 12.888888888888895, "validation": {"accuracy": 18.88888888888889}, "test": {"accuracy": 20.0}}, "0.8": {"reduction_in_attributes": 85.71428571428572, "time": 0.0063266754150390625, "reduction": 8.888888888888891, "validation": {"accuracy": 20.88888888888889}, "test": {"accuracy": 20.0}}, "0.9": {"reduction_in_attributes": 85.71428571428572, "time": 0.004797935485839844, "reduction": 12.888888888888895, "validation": {"accuracy": 18.88888888888889}, "test": {"accuracy": 20.0}}, "1.0": {"reduction_in_attributes": 85.71428571428572, "time": 0.005242824554443359, "reduction": 9.55555555555555, "validation": {"accuracy": 18.22222222222222}, "test": {"accuracy": 16.0}}}, "5": {"0.0": {"reduction_in_attributes": 85.71428571428572, "time": 0.007086038589477539, "reduction": 0.0, "validation": {"accuracy": 17.11111111111111}, "test": {"accuracy": 16.0}}, "0.1": {"reduction_in_attributes": 85.71428571428572, "time": 0.004860877990722656, "reduction": 9.55555555555555, "validation": {"accuracy": 20.0}, "test": {"accuracy": 22.0}}, "0.2": {"reduction_in_attributes": 85.71428571428572, "time": 0.005157947540283203, "reduction": 9.111111111111114, "validation": {"accuracy": 20.0}, "test": {"accuracy": 22.0}}, "0.3": {"reduction_in_attributes": 85.71428571428572, "time": 0.006197929382324219, "reduction": 11.555555555555552, "validation": {"accuracy": 16.22222222222222}, "test": {"accuracy": 14.000000000000002}}, "0.4": {"reduction_in_attributes": 85.71428571428572, "time": 0.005318164825439453, "reduction": 9.55555555555555, "validation": {"accuracy": 16.88888888888889}, "test": {"accuracy": 10.0}}, "0.5": {"reduction_in_attributes": 85.71428571428572, "time": 0.005131959915161133, "reduction": 11.555555555555552, "validation": {"accuracy": 16.22222222222222}, "test": {"accuracy": 14.000000000000002}}, "0.6": {"reduction_in_attributes": 85.71428571428572, "time": 0.004920005798339844, "reduction": 18.666666666666664, "validation": {"accuracy": 19.11111111111111}, "test": {"accuracy": 18.0}}, "0.7": {"reduction_in_attributes": 85.71428571428572, "time": 0.005289316177368164, "reduction": 9.55555555555555, "validation": {"accuracy": 16.88888888888889}, "test": {"accuracy": 10.0}}, "0.8": {"reduction_in_attributes": 85.71428571428572, "time": 0.005427837371826172, "reduction": 9.55555555555555, "validation": {"accuracy": 20.0}, "test": {"accuracy": 22.0}}, "0.9": {"reduction_in_attributes": 85.71428571428572, "time": 0.004975080490112305, "reduction": 9.55555555555555, "validation": {"accuracy": 20.0}, "test": {"accuracy": 22.0}}, "1.0": {"reduction_in_attributes": 85.71428571428572, "time": 0.0055980682373046875, "reduction": 11.555555555555552, "validation": {"accuracy": 16.22222222222222}, "test": {"accuracy": 14.000000000000002}}}, "6": {"0.0": {"reduction_in_attributes": 85.71428571428572, "time": 0.005607128143310547, "reduction": 0.0, "validation": {"accuracy": 16.666666666666664}, "test": {"accuracy": 18.0}}, "0.1": {"reduction_in_attributes": 85.71428571428572, "time": 0.004641056060791016, "reduction": 9.777777777777775, "validation": {"accuracy": 19.555555555555557}, "test": {"accuracy": 16.0}}, "0.2": {"reduction_in_attributes": 85.71428571428572, "time": 0.005633831024169922, "reduction": 9.777777777777775, "validation": {"accuracy": 19.555555555555557}, "test": {"accuracy": 16.0}}, "0.3": {"reduction_in_attributes": 85.71428571428572, "time": 0.0050449371337890625, "reduction": 9.333333333333337, "validation": {"accuracy": 19.555555555555557}, "test": {"accuracy": 20.0}}, "0.4": {"reduction_in_attributes": 85.71428571428572, "time": 0.005026102066040039, "reduction": 9.333333333333337, "validation": {"accuracy": 16.666666666666664}, "test": {"accuracy": 18.0}}, "0.5": {"reduction_in_attributes": 85.71428571428572, "time": 0.005788326263427734, "reduction": 9.55555555555555, "validation": {"accuracy": 20.666666666666668}, "test": {"accuracy": 22.0}}, "0.6": {"reduction_in_attributes": 85.71428571428572, "time": 0.004881858825683594, "reduction": 9.777777777777775, "validation": {"accuracy": 19.555555555555557}, "test": {"accuracy": 16.0}}, "0.7": {"reduction_in_attributes": 85.71428571428572, "time": 0.005454063415527344, "reduction": 9.333333333333337, "validation": {"accuracy": 19.555555555555557}, "test": {"accuracy": 20.0}}, "0.8": {"reduction_in_attributes": 85.71428571428572, "time": 0.00554203987121582, "reduction": 9.55555555555555,