{"3": {"0.0": {"reduction_in_attributes": 75.0, "time": 0.0062029361724853516, "reduction": 0.0, "validation": {"accuracy": 46.619217081850536}, "test": {"accuracy": 33.33333333333333}}, "0.1": {"reduction_in_attributes": 75.0, "time": 0.00583338737487793, "reduction": 22.24199288256228, "validation": {"accuracy": 46.619217081850536}, "test": {"accuracy": 33.33333333333333}}, "0.2": {"reduction_in_attributes": 75.0, "time": 0.0055637359619140625, "reduction": 28.825622775800706, "validation": {"accuracy": 46.619217081850536}, "test": {"accuracy": 33.33333333333333}}, "0.3": {"reduction_in_attributes": 75.0, "time": 0.005266904830932617, "reduction": 48.93238434163701, "validation": {"accuracy": 46.619217081850536}, "test": {"accuracy": 33.33333333333333}}, "0.4": {"reduction_in_attributes": 75.0, "time": 0.005250692367553711, "reduction": 48.93238434163701, "validation": {"accuracy": 46.619217081850536}, "test": {"accuracy": 33.33333333333333}}, "0.5": {"reduction_in_attributes": 75.0, "time": 0.00506901741027832, "reduction": 57.11743772241993, "validation": {"accuracy": 46.619217081850536}, "test": {"accuracy": 33.33333333333333}}, "0.6": {"reduction_in_attributes": 75.0, "time": 0.004884004592895508, "reduction": 68.68327402135232, "validation": {"accuracy": 46.619217081850536}, "test": {"accuracy": 33.33333333333333}}, "0.7": {"reduction_in_attributes": 75.0, "time": 0.004830837249755859, "reduction": 68.86120996441281, "validation": {"accuracy": 55.16014234875445}, "test": {"accuracy": 42.857142857142854}}, "0.8": {"reduction_in_attributes": 75.0, "time": 0.004754066467285156, "reduction": 81.67259786476868, "validation": {"accuracy": 55.16014234875445}, "test": {"accuracy": 42.857142857142854}}, "0.9": {"reduction_in_attributes": 75.0, "time": 0.004470109939575195, "reduction": 81.67259786476868, "validation": {"accuracy": 55.16014234875445}, "test": {"accuracy": 42.857142857142854}}, "1.0": {"reduction_in_attributes": 75.0, "time": 0.0044820308685302734, "reduction": 81.85053380782918, "validation": {"accuracy": 59.9644128113879}, "test": {"accuracy": 50.79365079365079}}}, "4": {"0.0": {"reduction_in_attributes": 75.0, "time": 0.0063419342041015625, "reduction": 0.0, "validation": {"accuracy": 45.55160142348754}, "test": {"accuracy": 42.857142857142854}}, "0.1": {"reduction_in_attributes": 75.0, "time": 0.005681037902832031, "reduction": 22.597864768683273, "validation": {"accuracy": 45.55160142348754}, "test": {"accuracy": 42.857142857142854}}, "0.2": {"reduction_in_attributes": 75.0, "time": 0.005774974822998047, "reduction": 28.11387900355872, "validation": {"accuracy": 45.55160142348754}, "test": {"accuracy": 42.857142857142854}}, "0.3": {"reduction_in_attributes": 75.0, "time": 0.00536799430847168, "reduction": 34.87544483985765, "validation": {"accuracy": 45.55160142348754}, "test": {"accuracy": 42.857142857142854}}, "0.4": {"reduction_in_attributes": 75.0, "time": 0.005410909652709961, "reduction": 34.87544483985765, "validation": {"accuracy": 45.55160142348754}, "test": {"accuracy": 42.857142857142854}}, "0.5": {"reduction_in_attributes": 75.0, "time": 0.005197763442993164, "reduction": 56.939501779359425, "validation": {"accuracy": 45.55160142348754}, "test": {"accuracy": 42.857142857142854}}, "0.6": {"reduction_in_attributes": 75.0, "time": 0.004845857620239258, "reduction": 68.68327402135232, "validation": {"accuracy": 54.44839857651246}, "test": {"accuracy": 49.2063492063492}}, "0.7": {"reduction_in_attributes": 75.0, "time": 0.004771232604980469, "reduction": 68.68327402135232, "validation": {"accuracy": 54.44839857651246}, "test": {"accuracy": 49.2063492063492}}, "0.8": {"reduction_in_attributes": 75.0, "time": 0.004561185836791992, "reduction": 82.02846975088967, "validation": {"accuracy": 54.44839857651246}, "test": {"accuracy": 49.2063492063492}}, "0.9": {"reduction_in_attributes": 75.0, "time": 0.0044291019439697266, "reduction": 99.4661921708185, "validation": {"accuracy": 54.44839857651246}, "test": {"accuracy": 49.2063492063492}}, "1.0": {"reduction_in_attributes": 75.0, "time": 0.00429081916809082, "reduction": 99.4661921708185, "validation": {"accuracy": 54.44839857651246}, "test": {"accuracy": 49.2063492063492}}}, "5": {"0.0": {"reduction_in_attributes": 75.0, "time": 0.006300926208496094, "reduction": 0.0, "validation": {"accuracy": 54.270462633451956}, "test": {"accuracy": 50.79365079365079}}, "0.1": {"reduction_in_attributes": 75.0, "time": 0.005692005157470703, "reduction": 22.419928825622783, "validation": {"accuracy": 54.270462633451956}, "test": {"accuracy": 50.79365079365079}}, "0.2": {"reduction_in_attributes": 75.0, "time": 0.005357027053833008, "reduction": 42.17081850533808, "validation": {"accuracy": 54.270462633451956}, "test": {"accuracy": 50.79365079365079}}, "0.3": {"reduction_in_attributes": 75.0, "time": 0.005223989486694336, "reduction": 48.93238434163701, "validation": {"accuracy": 54.270462633451956}, "test": {"accuracy": 50.79365079365079}}, "0.4": {"reduction_in_attributes": 75.0, "time": 0.005196094512939453, "reduction": 48.93238434163701, "validation": {"accuracy": 54.270462633451956}, "test": {"accuracy": 50.79365079365079}}, "0.5": {"reduction_in_attributes": 75.0, "time": 0.0048940181732177734, "reduction": 68.50533807829183, "validation": {"accuracy": 54.270462633451956}, "test": {"accuracy": 50.79365079365079}}, "0.6": {"reduction_in_attributes": 75.0, "time": 0.004769086837768555, "reduction": 68.50533807829183, "validation": {"accuracy": 54.270462633451956}, "test": {"accuracy": 50.79365079365079}}, "0.7": {"reduction_in_attributes": 75.0, "time": 0.004868030548095703, "reduction": 68.50533807829183, "validation": {"accuracy": 54.270462633451956}, "test": {"accuracy": 50.79365079365079}}, "0.8": {"reduction_in_attributes": 75.0, "time": 0.004726886749267578, "reduction": 82.02846975088967, "validation": {"accuracy": 54.270462633451956}, "test": {"accuracy": 50.79365079365079}}, "0.9": {"reduction_in_attributes": 75.0, "time": 0.004241228103637695, "reduction": 82.20640569395017, "validation": {"accuracy": 59.252669039145914}, "test": {"accuracy": 57.14285714285714}}, "1.0": {"reduction_in_attributes": 75.0, "time": 0.004373073577880859, "reduction": 82.20640569395017, "validation": {"accuracy": 59.252669039145914}, "test": {"accuracy": 57.14285714285714}}}, "6": {"0.0": {"reduction_in_attributes": 75.0, "time": 0.006332874298095703, "reduction": 0.0, "validation": {"accuracy": 46.181172291296626}, "test": {"accuracy": 37.096774193548384}}, "0.1": {"reduction_in_attributes": 75.0, "time": 0.0059130191802978516, "reduction": 23.445825932504437, "validation": {"accuracy": 46.181172291296626}, "test": {"accuracy": 37.096774193548384}}, "0.2": {"reduction_in_attributes": 75.0, "time": 0.00544428825378418, "reduction": 28.419182948490228, "validation": {"accuracy": 46.00355239786856}, "test": {"accuracy": 38.70967741935484}}, "0.3": {"reduction_in_attributes": 75.0, "time": 0.005934000015258789, "reduction": 35.70159857904085, "validation": {"accuracy": 32.149200710479576}, "test": {"accuracy": 22.58064516129032}}, "0.4": {"reduction_in_attributes": 75.0, "time": 0.005659818649291992, "reduction": 49.73357015985791, "validation": {"accuracy": 32.149200710479576}, "test": {"accuracy": 22.58064516129032}}, "0.5": {"reduction_in_attributes": 75.0, "time": 0.005087137222290039, "reduction": 58.43694493783303, "validation": {"accuracy": 46.181172291296626}, "test": {"accuracy": 37.096774193548384}}, "0.6": {"reduction_in_attributes": 75.0, "time": 0.004892826080322266, "reduction": 86.85612788632326, "validation": {"accuracy": 54.52930728241563}, "test": {"accuracy": 48.38709677419355}}, "0.7": {"reduction_in_attributes": 75.0, "time": 0.005085945129394531, "reduction": 86.85612788632326, "validation": {"accuracy": 54.52930728241563}, "test": {"accuracy": 48.38709677419355}}, "0.8": {"reduction_in_attributes": 75.0, "time": 0.004534721374511719, "reduction": 82.7708703374778,