{"3": {"0.0": {"time": 0.0022668838500976562, "reduction": 2.0576131687242816, "validation": {"accuracy": 55.144032921810705}, "test": {"accuracy": 51.85185185185185}}, "0.1": {"time": 0.002543210983276367, "reduction": 3.703703703703709, "validation": {"accuracy": 54.73251028806584}, "test": {"accuracy": 51.85185185185185}}, "0.2": {"time": 0.001458883285522461, "reduction": 98.76543209876543, "validation": {"accuracy": 54.73251028806584}, "test": {"accuracy": 51.85185185185185}}, "0.3": {"time": 0.0014219284057617188, "reduction": 98.76543209876543, "validation": {"accuracy": 54.32098765432099}, "test": {"accuracy": 59.25925925925925}}, "0.4": {"time": 0.0015707015991210938, "reduction": 98.76543209876543, "validation": {"accuracy": 54.32098765432099}, "test": {"accuracy": 59.25925925925925}}, "0.5": {"time": 0.0013949871063232422, "reduction": 99.1769547325103, "validation": {"accuracy": 54.32098765432099}, "test": {"accuracy": 59.25925925925925}}, "0.6": {"time": 0.0013239383697509766, "reduction": 99.1769547325103, "validation": {"accuracy": 55.144032921810705}, "test": {"accuracy": 55.55555555555556}}, "0.7": {"time": 0.001255035400390625, "reduction": 99.1769547325103, "validation": {"accuracy": 55.144032921810705}, "test": {"accuracy": 55.55555555555556}}, "0.8": {"time": 0.0013120174407958984, "reduction": 99.1769547325103, "validation": {"accuracy": 55.144032921810705}, "test": {"accuracy": 55.55555555555556}}, "0.9": {"time": 0.0013892650604248047, "reduction": 99.1769547325103, "validation": {"accuracy": 55.144032921810705}, "test": {"accuracy": 55.55555555555556}}, "1.0": {"time": 0.0015180110931396484, "reduction": 99.1769547325103, "validation": {"accuracy": 55.144032921810705}, "test": {"accuracy": 55.55555555555556}}}, "4": {"0.0": {"time": 0.002228975296020508, "reduction": 1.6460905349794275, "validation": {"accuracy": 54.32098765432099}, "test": {"accuracy": 55.55555555555556}}, "0.1": {"time": 0.0016739368438720703, "reduction": 92.5925925925926, "validation": {"accuracy": 55.55555555555556}, "test": {"accuracy": 55.55555555555556}}, "0.2": {"time": 0.0017228126525878906, "reduction": 92.5925925925926, "validation": {"accuracy": 55.55555555555556}, "test": {"accuracy": 55.55555555555556}}, "0.3": {"time": 0.001483917236328125, "reduction": 95.88477366255144, "validation": {"accuracy": 55.55555555555556}, "test": {"accuracy": 55.55555555555556}}, "0.4": {"time": 0.0014667510986328125, "reduction": 96.2962962962963, "validation": {"accuracy": 55.55555555555556}, "test": {"accuracy": 55.55555555555556}}, "0.5": {"time": 0.0015859603881835938, "reduction": 96.2962962962963, "validation": {"accuracy": 55.55555555555556}, "test": {"accuracy": 55.55555555555556}}, "0.6": {"time": 0.0016977787017822266, "reduction": 98.76543209876543, "validation": {"accuracy": 55.144032921810705}, "test": {"accuracy": 59.25925925925925}}, "0.7": {"time": 0.0014421939849853516, "reduction": 98.76543209876543, "validation": {"accuracy": 55.55555555555556}, "test": {"accuracy": 59.25925925925925}}, "0.8": {"time": 0.0014529228210449219, "reduction": 98.76543209876543, "validation": {"accuracy": 55.55555555555556}, "test": {"accuracy": 59.25925925925925}}, "0.9": {"time": 0.0016219615936279297, "reduction": 99.1769547325103, "validation": {"accuracy": 54.32098765432099}, "test": {"accuracy": 51.85185185185185}}, "1.0": {"time": 0.0016047954559326172, "reduction": 99.1769547325103, "validation": {"accuracy": 54.32098765432099}, "test": {"accuracy": 51.85185185185185}}}, "5": {"0.0": {"time": 0.002241849899291992, "reduction": 0.8230452674897082, "validation": {"accuracy": 55.96707818930041}, "test": {"accuracy": 44.44444444444444}}, "0.1": {"time": 0.002382040023803711, "reduction": 1.6460905349794275, "validation": {"accuracy": 56.79012345679012}, "test": {"accuracy": 48.148148148148145}}, "0.2": {"time": 0.002238035202026367, "reduction": 2.0576131687242816, "validation": {"accuracy": 56.79012345679012}, "test": {"accuracy": 48.148148148148145}}, "0.3": {"time": 0.0023512840270996094, "reduction": 2.8806584362139898, "validation": {"accuracy": 55.96707818930041}, "test": {"accuracy": 48.148148148148145}}, "0.4": {"time": 0.0022170543670654297, "reduction": 2.8806584362139898, "validation": {"accuracy": 55.96707818930041}, "test": {"accuracy": 48.148148148148145}}, "0.5": {"time": 0.0023250579833984375, "reduction": 3.292181069958844, "validation": {"accuracy": 55.144032921810705}, "test": {"accuracy": 44.44444444444444}}, "0.6": {"time": 0.002189159393310547, "reduction": 3.292181069958844, "validation": {"accuracy": 55.144032921810705}, "test": {"accuracy": 44.44444444444444}}, "0.7": {"time": 0.0016069412231445312, "reduction": 97.94238683127571, "validation": {"accuracy": 55.144032921810705}, "test": {"accuracy": 44.44444444444444}}, "0.8": {"time": 0.0015039443969726562, "reduction": 98.76543209876543, "validation": {"accuracy": 44.44444444444444}, "test": {"accuracy": 44.44444444444444}}, "0.9": {"time": 0.0015087127685546875, "reduction": 98.76543209876543, "validation": {"accuracy": 44.8559670781893}, "test": {"accuracy": 44.44444444444444}}, "1.0": {"time": 0.0013821125030517578, "reduction": 99.1769547325103, "validation": {"accuracy": 54.73251028806584}, "test": {"accuracy": 48.148148148148145}}}, "6": {"0.0": {"time": 0.002329111099243164, "reduction": 0.4115226337448541, "validation": {"accuracy": 54.73251028806584}, "test": {"accuracy": 44.44444444444444}}, "0.1": {"time": 0.0023059844970703125, "reduction": 1.2345679012345734, "validation": {"accuracy": 55.55555555555556}, "test": {"accuracy": 40.74074074074074}}, "0.2": {"time": 0.002458810806274414, "reduction": 1.2345679012345734, "validation": {"accuracy": 55.55555555555556}, "test": {"accuracy": 40.74074074074074}}, "0.3": {"time": 0.002290010452270508, "reduction": 1.6460905349794275, "validation": {"accuracy": 55.96707818930041}, "test": {"accuracy": 44.44444444444444}}, "0.4": {"time": 0.002496004104614258, "reduction": 2.8806584362139898, "validation": {"accuracy": 55.55555555555556}, "test": {"accuracy": 48.148148148148145}}, "0.5": {"time": 0.0045871734619140625, "reduction": 2.8806584362139898, "validation": {"accuracy": 55.55555555555556}, "test": {"accuracy": 48.148148148148145}}, "0.6": {"time": 0.002399921417236328, "reduction": 3.292181069958844, "validation": {"accuracy": 55.55555555555556}, "test": {"accuracy": 51.85185185185185}}, "0.7": {"time": 0.002463817596435547, "reduction": 3.292181069958844, "validation": {"accuracy": 55.55555555555556}, "test": {"accuracy": 51.85185185185185}}, "0.8": {"time": 0.0015652179718017578, "reduction": 98.35390946502058, "validation": {"accuracy": 44.44444444444444}, "test": {"accuracy": 44.44444444444444}}, "0.9": {"time": 0.0014820098876953125, "reduction": 98.35390946502058, "validation": {"accuracy": 44.44444444444444}, "test": {"accuracy": 44.44444444444444}}, "1.0": {"time": 0.0016481876373291016, "reduction": 99.1769547325103, "validation": {"accuracy": 44.8559670781893}, "test": {"accuracy": 48.148148148148145}}}, "7": {"0.0": {"time": 0.002907991409301758, "reduction": 2.0576131687242816, "validation": {"accuracy": 55.144032921810705}, "test": {"accuracy": 48.148148148148145}}, "0.1": {"time": 0.0019068717956542969, "reduction": 98.76543209876543, "validation": {"accuracy": 54.73251028806584}, "test": {"accuracy": 55.55555555555556}}, "0.2": {"time": 0.0020542144775390625, "reduction": 98.76543209876543, "validation": {"accuracy": 54.73251028806584}, "test": {"accuracy": 55.55555555555556}}, "0.3": {"time": 0.0018982887268066406, "reduction": 98.76543209876543, "validation": {"accuracy": 54.73251028806584}, "test": {"accuracy": 55.55555555555556}}, "0.4": {"time": 0.0018210411071777344, "reduction": 98.76543209876543, "validation": {"accuracy": 54.73251028806584}, "test": {"accuracy": 55.55555555555556}}, "0.5": {"time": 0.0017590522766113281, "reduction": 99.1769547325103, "validation": {"accuracy": 54.32098765432099},