{"3": {"0.0": {"reduction_in_attributes": 75.0, "time": 0.0005278587341308594, "reduction": 6.944444444444442, "validation": {"accuracy": 59.72222222222222}, "test": {"accuracy": 68.75}}, "0.1": {"reduction_in_attributes": 75.0, "time": 0.0006868839263916016, "reduction": 15.972222222222221, "validation": {"accuracy": 59.02777777777778}, "test": {"accuracy": 62.5}}, "0.2": {"reduction_in_attributes": 75.0, "time": 0.0007779598236083984, "reduction": 18.75, "validation": {"accuracy": 59.02777777777778}, "test": {"accuracy": 62.5}}, "0.3": {"reduction_in_attributes": 75.0, "time": 0.0005528926849365234, "reduction": 19.444444444444443, "validation": {"accuracy": 40.97222222222222}, "test": {"accuracy": 37.5}}, "0.4": {"reduction_in_attributes": 75.0, "time": 0.0004601478576660156, "reduction": 19.444444444444443, "validation": {"accuracy": 40.97222222222222}, "test": {"accuracy": 37.5}}, "0.5": {"reduction_in_attributes": 75.0, "time": 0.00046896934509277344, "reduction": 19.444444444444443, "validation": {"accuracy": 40.97222222222222}, "test": {"accuracy": 37.5}}, "0.6": {"reduction_in_attributes": 75.0, "time": 0.0008141994476318359, "reduction": 19.444444444444443, "validation": {"accuracy": 50.69444444444444}, "test": {"accuracy": 56.25}}, "0.7": {"reduction_in_attributes": 75.0, "time": 0.0005011558532714844, "reduction": 19.444444444444443, "validation": {"accuracy": 40.97222222222222}, "test": {"accuracy": 37.5}}, "0.8": {"reduction_in_attributes": 75.0, "time": 0.0004737377166748047, "reduction": 26.388888888888886, "validation": {"accuracy": 52.083333333333336}, "test": {"accuracy": 56.25}}, "0.9": {"reduction_in_attributes": 75.0, "time": 0.0008471012115478516, "reduction": 56.94444444444444, "validation": {"accuracy": 50.0}, "test": {"accuracy": 50.0}}, "1.0": {"reduction_in_attributes": 75.0, "time": 0.0008802413940429688, "reduction": 80.55555555555556, "validation": {"accuracy": 40.27777777777778}, "test": {"accuracy": 43.75}}}, "4": {"0.0": {"reduction_in_attributes": 75.0, "time": 0.0010383129119873047, "reduction": 7.638888888888884, "validation": {"accuracy": 59.02777777777778}, "test": {"accuracy": 62.5}}, "0.1": {"reduction_in_attributes": 75.0, "time": 0.0005192756652832031, "reduction": 16.666666666666664, "validation": {"accuracy": 59.02777777777778}, "test": {"accuracy": 50.0}}, "0.2": {"reduction_in_attributes": 75.0, "time": 0.0005512237548828125, "reduction": 19.444444444444443, "validation": {"accuracy": 41.66666666666667}, "test": {"accuracy": 25.0}}, "0.3": {"reduction_in_attributes": 75.0, "time": 0.0006432533264160156, "reduction": 18.75, "validation": {"accuracy": 59.02777777777778}, "test": {"accuracy": 50.0}}, "0.4": {"reduction_in_attributes": 75.0, "time": 0.000762939453125, "reduction": 19.444444444444443, "validation": {"accuracy": 51.388888888888886}, "test": {"accuracy": 62.5}}, "0.5": {"reduction_in_attributes": 75.0, "time": 0.0004801750183105469, "reduction": 19.444444444444443, "validation": {"accuracy": 50.69444444444444}, "test": {"accuracy": 56.25}}, "0.6": {"reduction_in_attributes": 75.0, "time": 0.00047206878662109375, "reduction": 19.444444444444443, "validation": {"accuracy": 50.69444444444444}, "test": {"accuracy": 56.25}}, "0.7": {"reduction_in_attributes": 75.0, "time": 0.0007941722869873047, "reduction": 19.444444444444443, "validation": {"accuracy": 50.69444444444444}, "test": {"accuracy": 56.25}}, "0.8": {"reduction_in_attributes": 75.0, "time": 0.00051116943359375, "reduction": 19.444444444444443, "validation": {"accuracy": 50.69444444444444}, "test": {"accuracy": 43.75}}, "0.9": {"reduction_in_attributes": 75.0, "time": 0.0005712509155273438, "reduction": 49.30555555555556, "validation": {"accuracy": 50.69444444444444}, "test": {"accuracy": 56.25}}, "1.0": {"reduction_in_attributes": 75.0, "time": 0.00043702125549316406, "reduction": 77.77777777777779, "validation": {"accuracy": 40.27777777777778}, "test": {"accuracy": 43.75}}}, "5": {"0.0": {"reduction_in_attributes": 75.0, "time": 0.0008289813995361328, "reduction": 0.0, "validation": {"accuracy": 40.97222222222222}, "test": {"accuracy": 31.25}}, "0.1": {"reduction_in_attributes": 75.0, "time": 0.0010218620300292969, "reduction": 15.972222222222221, "validation": {"accuracy": 61.111111111111114}, "test": {"accuracy": 43.75}}, "0.2": {"reduction_in_attributes": 75.0, "time": 0.000553131103515625, "reduction": 18.75, "validation": {"accuracy": 56.94444444444444}, "test": {"accuracy": 68.75}}, "0.3": {"reduction_in_attributes": 75.0, "time": 0.0007848739624023438, "reduction": 19.444444444444443, "validation": {"accuracy": 40.97222222222222}, "test": {"accuracy": 31.25}}, "0.4": {"reduction_in_attributes": 75.0, "time": 0.0005052089691162109, "reduction": 19.444444444444443, "validation": {"accuracy": 40.97222222222222}, "test": {"accuracy": 31.25}}, "0.5": {"reduction_in_attributes": 75.0, "time": 0.0008881092071533203, "reduction": 19.444444444444443, "validation": {"accuracy": 40.97222222222222}, "test": {"accuracy": 31.25}}, "0.6": {"reduction_in_attributes": 75.0, "time": 0.0005841255187988281, "reduction": 19.444444444444443, "validation": {"accuracy": 52.083333333333336}, "test": {"accuracy": 56.25}}, "0.7": {"reduction_in_attributes": 75.0, "time": 0.0008349418640136719, "reduction": 19.444444444444443, "validation": {"accuracy": 52.77777777777778}, "test": {"accuracy": 37.5}}, "0.8": {"reduction_in_attributes": 75.0, "time": 0.00047016143798828125, "reduction": 27.083333333333336, "validation": {"accuracy": 52.77777777777778}, "test": {"accuracy": 37.5}}, "0.9": {"reduction_in_attributes": 75.0, "time": 0.0005812644958496094, "reduction": 50.69444444444444, "validation": {"accuracy": 49.30555555555556}, "test": {"accuracy": 56.25}}, "1.0": {"reduction_in_attributes": 75.0, "time": 0.0008268356323242188, "reduction": 78.47222222222221, "validation": {"accuracy": 40.27777777777778}, "test": {"accuracy": 43.75}}}, "6": {"0.0": {"reduction_in_attributes": 75.0, "time": 0.000621795654296875, "reduction": 7.638888888888884, "validation": {"accuracy": 60.416666666666664}, "test": {"accuracy": 50.0}}, "0.1": {"reduction_in_attributes": 75.0, "time": 0.0005016326904296875, "reduction": 15.972222222222221, "validation": {"accuracy": 59.02777777777778}, "test": {"accuracy": 50.0}}, "0.2": {"reduction_in_attributes": 75.0, "time": 0.0009088516235351562, "reduction": 19.444444444444443, "validation": {"accuracy": 40.97222222222222}, "test": {"accuracy": 37.5}}, "0.3": {"reduction_in_attributes": 75.0, "time": 0.0009000301361083984, "reduction": 19.444444444444443, "validation": {"accuracy": 40.97222222222222}, "test": {"accuracy": 37.5}}, "0.4": {"reduction_in_attributes": 75.0, "time": 0.0005249977111816406, "reduction": 19.444444444444443, "validation": {"accuracy": 50.69444444444444}, "test": {"accuracy": 43.75}}, "0.5": {"reduction_in_attributes": 75.0, "time": 0.0005979537963867188, "reduction": 19.444444444444443, "validation": {"accuracy": 52.083333333333336}, "test": {"accuracy": 43.75}}, "0.6": {"reduction_in_attributes": 75.0, "time": 0.0005679130554199219, "reduction": 19.444444444444443, "validation": {"accuracy": 50.0}, "test": {"accuracy": 75.0}}, "0.7": {"reduction_in_attributes": 75.0, "time": 0.0006749629974365234, "reduction": 19.444444444444443, "validation": {"accuracy": 52.083333333333336}, "test": {"accuracy": 43.75}}, "0.8": {"reduction_in_attributes": 75.0, "time": 0.0005009174346923828, "reduction": 19.444444444444443, "validation": {"accuracy": 40.97222222222222}, "test": {"accuracy": 37.5}}, "0.9": {"reduction_in_attributes": 75.0, "time": 0.00074005126953125, "reduction": 29.166666666666664, "validation": {"accuracy": 40.97222222222222}, "test": {"accuracy": 37.5}}, "1.0": {"reduction_in_attributes": 75.0, "time": 0.0004849433898925781, "reduction": 77.77777777777779, "validation": {"accuracy": 40.97222222222222}, "test": {"accuracy": 37.5}}}, "7": {"0.0": {"reduction_in_attributes": 75.0,