{"3": {"0.0": {"time": 0.03699994087219238, "reduction": 31.622641509433958, "validation": {"accuracy": 39.92452830188679}, "test": {"accuracy": 37.16216216216216}}, "0.1": {"time": 0.030128002166748047, "reduction": 38.943396226415096, "validation": {"accuracy": 40.0}, "test": {"accuracy": 37.83783783783784}}, "0.2": {"time": 0.028285980224609375, "reduction": 48.0, "validation": {"accuracy": 40.37735849056604}, "test": {"accuracy": 39.189189189189186}}, "0.3": {"time": 0.028188228607177734, "reduction": 48.679245283018865, "validation": {"accuracy": 40.45283018867924}, "test": {"accuracy": 39.189189189189186}}, "0.4": {"time": 0.02800297737121582, "reduction": 48.679245283018865, "validation": {"accuracy": 40.45283018867924}, "test": {"accuracy": 39.189189189189186}}, "0.5": {"time": 0.028727054595947266, "reduction": 48.679245283018865, "validation": {"accuracy": 40.45283018867924}, "test": {"accuracy": 39.189189189189186}}, "0.6": {"time": 0.02779531478881836, "reduction": 49.28301886792453, "validation": {"accuracy": 40.45283018867924}, "test": {"accuracy": 39.86486486486486}}, "0.7": {"time": 0.02755284309387207, "reduction": 53.0566037735849, "validation": {"accuracy": 41.132075471698116}, "test": {"accuracy": 39.189189189189186}}, "0.8": {"time": 0.027060985565185547, "reduction": 62.113207547169814, "validation": {"accuracy": 42.26415094339623}, "test": {"accuracy": 40.54054054054054}}, "0.9": {"time": 0.02655792236328125, "reduction": 78.8679245283019, "validation": {"accuracy": 42.49056603773585}, "test": {"accuracy": 41.891891891891895}}, "1.0": {"time": 0.02550792694091797, "reduction": 99.9245283018868, "validation": {"accuracy": 42.716981132075475}, "test": {"accuracy": 42.567567567567565}}}, "4": {"0.0": {"time": 0.03054499626159668, "reduction": 34.16289592760181, "validation": {"accuracy": 41.101055806938156}, "test": {"accuracy": 41.49659863945578}}, "0.1": {"time": 0.029230117797851562, "reduction": 43.36349924585219, "validation": {"accuracy": 41.40271493212669}, "test": {"accuracy": 42.17687074829932}}, "0.2": {"time": 0.03521895408630371, "reduction": 50.15082956259427, "validation": {"accuracy": 41.704374057315235}, "test": {"accuracy": 42.17687074829932}}, "0.3": {"time": 0.03877687454223633, "reduction": 50.52790346907994, "validation": {"accuracy": 41.704374057315235}, "test": {"accuracy": 42.857142857142854}}, "0.4": {"time": 0.028920888900756836, "reduction": 50.52790346907994, "validation": {"accuracy": 41.704374057315235}, "test": {"accuracy": 42.857142857142854}}, "0.5": {"time": 0.028881072998046875, "reduction": 50.52790346907994, "validation": {"accuracy": 41.704374057315235}, "test": {"accuracy": 42.857142857142854}}, "0.6": {"time": 0.02806401252746582, "reduction": 51.432880844645545, "validation": {"accuracy": 42.30769230769231}, "test": {"accuracy": 42.857142857142854}}, "0.7": {"time": 0.027856826782226562, "reduction": 55.88235294117647, "validation": {"accuracy": 42.23227752639517}, "test": {"accuracy": 43.53741496598639}}, "0.8": {"time": 0.02702498435974121, "reduction": 64.02714932126696, "validation": {"accuracy": 42.458521870286575}, "test": {"accuracy": 41.49659863945578}}, "0.9": {"time": 0.02625417709350586, "reduction": 80.92006033182504, "validation": {"accuracy": 42.53393665158371}, "test": {"accuracy": 41.49659863945578}}, "1.0": {"time": 0.02547597885131836, "reduction": 99.92458521870287, "validation": {"accuracy": 42.68476621417798}, "test": {"accuracy": 42.857142857142854}}}, "5": {"0.0": {"time": 0.029613733291625977, "reduction": 36.19909502262444, "validation": {"accuracy": 39.29110105580694}, "test": {"accuracy": 40.136054421768705}}, "0.1": {"time": 0.04036092758178711, "reduction": 46.757164404223225, "validation": {"accuracy": 39.81900452488688}, "test": {"accuracy": 40.136054421768705}}, "0.2": {"time": 0.02857494354248047, "reduction": 52.865761689291105, "validation": {"accuracy": 39.89441930618401}, "test": {"accuracy": 40.816326530612244}}, "0.3": {"time": 0.028748035430908203, "reduction": 52.865761689291105, "validation": {"accuracy": 39.89441930618401}, "test": {"accuracy": 40.816326530612244}}, "0.4": {"time": 0.028039932250976562, "reduction": 52.865761689291105, "validation": {"accuracy": 39.89441930618401}, "test": {"accuracy": 40.816326530612244}}, "0.5": {"time": 0.028194904327392578, "reduction": 52.865761689291105, "validation": {"accuracy": 39.89441930618401}, "test": {"accuracy": 40.816326530612244}}, "0.6": {"time": 0.032083988189697266, "reduction": 53.92156862745099, "validation": {"accuracy": 40.04524886877828}, "test": {"accuracy": 41.49659863945578}}, "0.7": {"time": 0.02833104133605957, "reduction": 58.29562594268476, "validation": {"accuracy": 40.346907993966816}, "test": {"accuracy": 42.17687074829932}}, "0.8": {"time": 0.0263369083404541, "reduction": 69.07993966817496, "validation": {"accuracy": 41.6289592760181}, "test": {"accuracy": 42.17687074829932}}, "0.9": {"time": 0.025591135025024414, "reduction": 89.06485671191552, "validation": {"accuracy": 41.8552036199095}, "test": {"accuracy": 42.17687074829932}}, "1.0": {"time": 0.026201248168945312, "reduction": 99.92458521870287, "validation": {"accuracy": 42.68476621417798}, "test": {"accuracy": 42.857142857142854}}}, "6": {"0.0": {"time": 0.029338836669921875, "reduction": 37.254901960784316, "validation": {"accuracy": 41.40271493212669}, "test": {"accuracy": 38.095238095238095}}, "0.1": {"time": 0.028416872024536133, "reduction": 47.3604826546003, "validation": {"accuracy": 41.6289592760181}, "test": {"accuracy": 38.095238095238095}}, "0.2": {"time": 0.030349016189575195, "reduction": 52.187028657616885, "validation": {"accuracy": 42.835595776772244}, "test": {"accuracy": 39.455782312925166}}, "0.3": {"time": 0.030486106872558594, "reduction": 52.26244343891402, "validation": {"accuracy": 42.91101055806938}, "test": {"accuracy": 39.455782312925166}}, "0.4": {"time": 0.028516769409179688, "reduction": 52.26244343891402, "validation": {"accuracy": 42.91101055806938}, "test": {"accuracy": 39.455782312925166}}, "0.5": {"time": 0.028522968292236328, "reduction": 52.26244343891402, "validation": {"accuracy": 42.91101055806938}, "test": {"accuracy": 39.455782312925166}}, "0.6": {"time": 0.02770400047302246, "reduction": 53.54449472096531, "validation": {"accuracy": 42.91101055806938}, "test": {"accuracy": 39.455782312925166}}, "0.7": {"time": 0.02734994888305664, "reduction": 58.220211161387624, "validation": {"accuracy": 42.98642533936652}, "test": {"accuracy": 40.816326530612244}}, "0.8": {"time": 0.02635979652404785, "reduction": 69.30618401206637, "validation": {"accuracy": 42.53393665158371}, "test": {"accuracy": 42.17687074829932}}, "0.9": {"time": 0.02797412872314453, "reduction": 88.76319758672699, "validation": {"accuracy": 42.23227752639517}, "test": {"accuracy": 42.857142857142854}}, "1.0": {"time": 0.025671005249023438, "reduction": 99.92458521870287, "validation": {"accuracy": 42.68476621417798}, "test": {"accuracy": 42.857142857142854}}}, "7": {"0.0": {"time": 0.029842853546142578, "reduction": 35.14328808446455, "validation": {"accuracy": 39.66817496229261}, "test": {"accuracy": 41.49659863945578}}, "0.1": {"time": 0.0290529727935791, "reduction": 44.2684766214178, "validation": {"accuracy": 39.969834087481146}, "test": {"accuracy": 42.17687074829932}}, "0.2": {"time": 0.027911901473999023, "reduction": 53.09200603318251, "validation": {"accuracy": 41.40271493212669}, "test": {"accuracy": 42.17687074829932}}, "0.3": {"time": 0.02885890007019043, "reduction": 53.09200603318251, "validation": {"accuracy": 41.40271493212669}, "test": {"accuracy": 42.17687074829932}}, "0.4": {"time": 0.029330015182495117, "reduction": 53.09200603318251, "validation": {"accuracy": 41.40271493212669}, "test": {"accuracy": 42.17687074829932}}, "0.5": {"time": 0.03190875053405762, "reduction": 53.09200603318251, "validation": {"accuracy": 41.40271493212669}, "test": {"accuracy": 42.17687074829932}},