{"3": {"0.0": {"reduction_in_attributes": 62.5, "time": 0.007268190383911133, "reduction": 64.68885672937772, "validation": {"accuracy": 46.30969609261939}, "test": {"accuracy": 42.857142857142854}}, "0.1": {"reduction_in_attributes": 62.5, "time": 0.0072021484375, "reduction": 72.21418234442835, "validation": {"accuracy": 49.782923299565844}, "test": {"accuracy": 45.45454545454545}}, "0.2": {"reduction_in_attributes": 62.5, "time": 0.007086992263793945, "reduction": 79.88422575976846, "validation": {"accuracy": 60.92619392185239}, "test": {"accuracy": 54.54545454545454}}, "0.3": {"reduction_in_attributes": 62.5, "time": 0.007070064544677734, "reduction": 80.31837916063675, "validation": {"accuracy": 65.12301013024602}, "test": {"accuracy": 64.93506493506493}}, "0.4": {"reduction_in_attributes": 62.5, "time": 0.007105112075805664, "reduction": 80.31837916063675, "validation": {"accuracy": 65.12301013024602}, "test": {"accuracy": 64.93506493506493}}, "0.5": {"reduction_in_attributes": 62.5, "time": 0.006803035736083984, "reduction": 80.31837916063675, "validation": {"accuracy": 65.12301013024602}, "test": {"accuracy": 64.93506493506493}}, "0.6": {"reduction_in_attributes": 62.5, "time": 0.007074117660522461, "reduction": 80.31837916063675, "validation": {"accuracy": 65.12301013024602}, "test": {"accuracy": 64.93506493506493}}, "0.7": {"reduction_in_attributes": 62.5, "time": 0.007035732269287109, "reduction": 80.31837916063675, "validation": {"accuracy": 65.12301013024602}, "test": {"accuracy": 64.93506493506493}}, "0.8": {"reduction_in_attributes": 62.5, "time": 0.007071018218994141, "reduction": 80.75253256150506, "validation": {"accuracy": 65.12301013024602}, "test": {"accuracy": 64.93506493506493}}, "0.9": {"reduction_in_attributes": 62.5, "time": 0.006680965423583984, "reduction": 90.01447178002894, "validation": {"accuracy": 65.12301013024602}, "test": {"accuracy": 64.93506493506493}}, "1.0": {"reduction_in_attributes": 62.5, "time": 0.006777048110961914, "reduction": 99.85528219971056, "validation": {"accuracy": 65.12301013024602}, "test": {"accuracy": 64.93506493506493}}}, "4": {"0.0": {"reduction_in_attributes": 62.5, "time": 0.007355928421020508, "reduction": 61.360347322720685, "validation": {"accuracy": 59.479015918958034}, "test": {"accuracy": 58.44155844155844}}, "0.1": {"reduction_in_attributes": 62.5, "time": 0.007171154022216797, "reduction": 70.767004341534, "validation": {"accuracy": 60.492040520984084}, "test": {"accuracy": 68.83116883116884}}, "0.2": {"reduction_in_attributes": 62.5, "time": 0.007092952728271484, "reduction": 78.72648335745296, "validation": {"accuracy": 66.28075253256151}, "test": {"accuracy": 68.83116883116884}}, "0.3": {"reduction_in_attributes": 62.5, "time": 0.007097721099853516, "reduction": 79.16063675832127, "validation": {"accuracy": 65.12301013024602}, "test": {"accuracy": 64.93506493506493}}, "0.4": {"reduction_in_attributes": 62.5, "time": 0.007128000259399414, "reduction": 79.16063675832127, "validation": {"accuracy": 65.12301013024602}, "test": {"accuracy": 64.93506493506493}}, "0.5": {"reduction_in_attributes": 62.5, "time": 0.007332801818847656, "reduction": 79.16063675832127, "validation": {"accuracy": 65.12301013024602}, "test": {"accuracy": 64.93506493506493}}, "0.6": {"reduction_in_attributes": 62.5, "time": 0.007376909255981445, "reduction": 79.16063675832127, "validation": {"accuracy": 65.12301013024602}, "test": {"accuracy": 64.93506493506493}}, "0.7": {"reduction_in_attributes": 62.5, "time": 0.0071010589599609375, "reduction": 79.16063675832127, "validation": {"accuracy": 65.12301013024602}, "test": {"accuracy": 64.93506493506493}}, "0.8": {"reduction_in_attributes": 62.5, "time": 0.007130146026611328, "reduction": 79.73950795947901, "validation": {"accuracy": 65.12301013024602}, "test": {"accuracy": 64.93506493506493}}, "0.9": {"reduction_in_attributes": 62.5, "time": 0.0069730281829833984, "reduction": 89.00144717800289, "validation": {"accuracy": 65.12301013024602}, "test": {"accuracy": 64.93506493506493}}, "1.0": {"reduction_in_attributes": 62.5, "time": 0.0069048404693603516, "reduction": 99.85528219971056, "validation": {"accuracy": 65.12301013024602}, "test": {"accuracy": 64.93506493506493}}}, "5": {"0.0": {"reduction_in_attributes": 62.5, "time": 0.007248878479003906, "reduction": 62.807525325615046, "validation": {"accuracy": 50.50651230101303}, "test": {"accuracy": 59.74025974025974}}, "0.1": {"reduction_in_attributes": 62.5, "time": 0.007174968719482422, "reduction": 71.78002894356005, "validation": {"accuracy": 52.243125904486256}, "test": {"accuracy": 68.83116883116884}}, "0.2": {"reduction_in_attributes": 62.5, "time": 0.0071179866790771484, "reduction": 79.3053545586107, "validation": {"accuracy": 64.97829232995659}, "test": {"accuracy": 70.12987012987013}}, "0.3": {"reduction_in_attributes": 62.5, "time": 0.007062196731567383, "reduction": 79.59479015918957, "validation": {"accuracy": 65.12301013024602}, "test": {"accuracy": 64.93506493506493}}, "0.4": {"reduction_in_attributes": 62.5, "time": 0.007093191146850586, "reduction": 79.59479015918957, "validation": {"accuracy": 65.12301013024602}, "test": {"accuracy": 64.93506493506493}}, "0.5": {"reduction_in_attributes": 62.5, "time": 0.006919145584106445, "reduction": 79.59479015918957, "validation": {"accuracy": 65.12301013024602}, "test": {"accuracy": 64.93506493506493}}, "0.6": {"reduction_in_attributes": 62.5, "time": 0.007085084915161133, "reduction": 79.59479015918957, "validation": {"accuracy": 65.12301013024602}, "test": {"accuracy": 64.93506493506493}}, "0.7": {"reduction_in_attributes": 62.5, "time": 0.007061958312988281, "reduction": 79.59479015918957, "validation": {"accuracy": 65.12301013024602}, "test": {"accuracy": 64.93506493506493}}, "0.8": {"reduction_in_attributes": 62.5, "time": 0.0074520111083984375, "reduction": 80.4630969609262, "validation": {"accuracy": 65.12301013024602}, "test": {"accuracy": 64.93506493506493}}, "0.9": {"reduction_in_attributes": 62.5, "time": 0.007053852081298828, "reduction": 91.17221418234442, "validation": {"accuracy": 65.12301013024602}, "test": {"accuracy": 64.93506493506493}}, "1.0": {"reduction_in_attributes": 62.5, "time": 0.007117033004760742, "reduction": 99.85528219971056, "validation": {"accuracy": 65.12301013024602}, "test": {"accuracy": 64.93506493506493}}}, "6": {"0.0": {"reduction_in_attributes": 62.5, "time": 0.007531881332397461, "reduction": 61.50506512301013, "validation": {"accuracy": 54.55861070911722}, "test": {"accuracy": 58.44155844155844}}, "0.1": {"reduction_in_attributes": 62.5, "time": 0.007246255874633789, "reduction": 70.18813314037627, "validation": {"accuracy": 57.452966714905926}, "test": {"accuracy": 67.53246753246754}}, "0.2": {"reduction_in_attributes": 62.5, "time": 0.007071971893310547, "reduction": 78.0028943560058, "validation": {"accuracy": 60.492040520984084}, "test": {"accuracy": 67.53246753246754}}, "0.3": {"reduction_in_attributes": 62.5, "time": 0.007083892822265625, "reduction": 78.43704775687411, "validation": {"accuracy": 65.12301013024602}, "test": {"accuracy": 64.93506493506493}}, "0.4": {"reduction_in_attributes": 62.5, "time": 0.00734400749206543, "reduction": 78.43704775687411, "validation": {"accuracy": 65.12301013024602}, "test": {"accuracy": 64.93506493506493}}, "0.5": {"reduction_in_attributes": 62.5, "time": 0.0072269439697265625, "reduction": 78.43704775687411, "validation": {"accuracy": 65.12301013024602}, "test": {"accuracy": 64.93506493506493}}, "0.6": {"reduction_in_attributes": 62.5, "time": 0.007187843322753906, "reduction": 78.43704775687411, "validation": {"accuracy": 65.12301013024602}, "test": {"accuracy": 64.93506493506493}}, "0.7": {"reduction_in_attributes": 62.5, "time": 0.00719904899597168, "reduction": 78.43704775687411, "validation": {"accuracy": 65.12301013024602}, "test": {"accuracy": 64.93506493506493}}, "0.8": {"reduction_in_attributes": 62.5, "time": 0.007082223892211914,