{"3": {"0.0": {"time": 0.008885860443115234, "reduction": 1.9572953736654797, "validation": {"accuracy": 15.658362989323843}, "test": {"accuracy": 25.396825396825395}}, "0.1": {"time": 0.006186246871948242, "reduction": 9.608540925266906, "validation": {"accuracy": 46.97508896797153}, "test": {"accuracy": 47.61904761904761}}, "0.2": {"time": 0.005501270294189453, "reduction": 9.608540925266906, "validation": {"accuracy": 46.97508896797153}, "test": {"accuracy": 47.61904761904761}}, "0.3": {"time": 0.004959821701049805, "reduction": 9.608540925266906, "validation": {"accuracy": 46.97508896797153}, "test": {"accuracy": 47.61904761904761}}, "0.4": {"time": 0.005694389343261719, "reduction": 9.608540925266906, "validation": {"accuracy": 46.97508896797153}, "test": {"accuracy": 47.61904761904761}}, "0.5": {"time": 0.005887031555175781, "reduction": 9.608540925266906, "validation": {"accuracy": 46.97508896797153}, "test": {"accuracy": 47.61904761904761}}, "0.6": {"time": 0.004807949066162109, "reduction": 17.08185053380783, "validation": {"accuracy": 46.97508896797153}, "test": {"accuracy": 50.79365079365079}}, "0.7": {"time": 0.004647016525268555, "reduction": 30.782918149466187, "validation": {"accuracy": 47.330960854092524}, "test": {"accuracy": 53.96825396825397}}, "0.8": {"time": 0.004569053649902344, "reduction": 49.28825622775801, "validation": {"accuracy": 47.686832740213525}, "test": {"accuracy": 52.38095238095239}}, "0.9": {"time": 0.004394054412841797, "reduction": 72.41992882562278, "validation": {"accuracy": 46.97508896797153}, "test": {"accuracy": 49.2063492063492}}, "1.0": {"time": 0.004776954650878906, "reduction": 85.58718861209964, "validation": {"accuracy": 46.08540925266904}, "test": {"accuracy": 46.03174603174603}}}, "4": {"0.0": {"time": 0.007013797760009766, "reduction": 1.7793594306049876, "validation": {"accuracy": 19.217081850533805}, "test": {"accuracy": 30.158730158730158}}, "0.1": {"time": 0.0061719417572021484, "reduction": 9.430604982206404, "validation": {"accuracy": 47.86476868327402}, "test": {"accuracy": 44.44444444444444}}, "0.2": {"time": 0.0060689449310302734, "reduction": 9.430604982206404, "validation": {"accuracy": 47.86476868327402}, "test": {"accuracy": 44.44444444444444}}, "0.3": {"time": 0.0050029754638671875, "reduction": 9.430604982206404, "validation": {"accuracy": 47.86476868327402}, "test": {"accuracy": 44.44444444444444}}, "0.4": {"time": 0.0057621002197265625, "reduction": 9.430604982206404, "validation": {"accuracy": 47.86476868327402}, "test": {"accuracy": 44.44444444444444}}, "0.5": {"time": 0.00580286979675293, "reduction": 11.743772241992879, "validation": {"accuracy": 47.86476868327402}, "test": {"accuracy": 44.44444444444444}}, "0.6": {"time": 0.00489497184753418, "reduction": 16.725978647686834, "validation": {"accuracy": 47.86476868327402}, "test": {"accuracy": 44.44444444444444}}, "0.7": {"time": 0.004818916320800781, "reduction": 30.782918149466187, "validation": {"accuracy": 48.220640569395016}, "test": {"accuracy": 47.61904761904761}}, "0.8": {"time": 0.005722761154174805, "reduction": 48.39857651245551, "validation": {"accuracy": 48.04270462633452}, "test": {"accuracy": 49.2063492063492}}, "0.9": {"time": 0.005592823028564453, "reduction": 71.70818505338079, "validation": {"accuracy": 63.70106761565836}, "test": {"accuracy": 61.904761904761905}}, "1.0": {"time": 0.004477024078369141, "reduction": 85.05338078291815, "validation": {"accuracy": 46.08540925266904}, "test": {"accuracy": 46.03174603174603}}}, "5": {"0.0": {"time": 0.006486177444458008, "reduction": 1.6014234875444844, "validation": {"accuracy": 10.320284697508896}, "test": {"accuracy": 22.22222222222222}}, "0.1": {"time": 0.009208202362060547, "reduction": 9.430604982206404, "validation": {"accuracy": 47.330960854092524}, "test": {"accuracy": 46.03174603174603}}, "0.2": {"time": 0.0064640045166015625, "reduction": 9.430604982206404, "validation": {"accuracy": 47.330960854092524}, "test": {"accuracy": 46.03174603174603}}, "0.3": {"time": 0.005246877670288086, "reduction": 9.430604982206404, "validation": {"accuracy": 47.330960854092524}, "test": {"accuracy": 46.03174603174603}}, "0.4": {"time": 0.006394863128662109, "reduction": 9.430604982206404, "validation": {"accuracy": 47.330960854092524}, "test": {"accuracy": 46.03174603174603}}, "0.5": {"time": 0.005075931549072266, "reduction": 12.277580071174377, "validation": {"accuracy": 47.330960854092524}, "test": {"accuracy": 46.03174603174603}}, "0.6": {"time": 0.0058858394622802734, "reduction": 16.725978647686834, "validation": {"accuracy": 47.330960854092524}, "test": {"accuracy": 46.03174603174603}}, "0.7": {"time": 0.0055599212646484375, "reduction": 29.893238434163706, "validation": {"accuracy": 47.86476868327402}, "test": {"accuracy": 47.61904761904761}}, "0.8": {"time": 0.0044422149658203125, "reduction": 48.04270462633452, "validation": {"accuracy": 47.686832740213525}, "test": {"accuracy": 49.2063492063492}}, "0.9": {"time": 0.004868984222412109, "reduction": 59.2526690391459, "validation": {"accuracy": 46.97508896797153}, "test": {"accuracy": 49.2063492063492}}, "1.0": {"time": 0.004562854766845703, "reduction": 84.51957295373666, "validation": {"accuracy": 46.08540925266904}, "test": {"accuracy": 46.03174603174603}}}, "6": {"0.0": {"time": 0.0054552555084228516, "reduction": 1.7761989342806372, "validation": {"accuracy": 21.847246891651864}, "test": {"accuracy": 16.129032258064516}}, "0.1": {"time": 0.005805015563964844, "reduction": 9.41385435168739, "validation": {"accuracy": 47.95737122557727}, "test": {"accuracy": 33.87096774193548}}, "0.2": {"time": 0.0055999755859375, "reduction": 9.41385435168739, "validation": {"accuracy": 47.95737122557727}, "test": {"accuracy": 33.87096774193548}}, "0.3": {"time": 0.004981040954589844, "reduction": 9.41385435168739, "validation": {"accuracy": 47.95737122557727}, "test": {"accuracy": 33.87096774193548}}, "0.4": {"time": 0.005342245101928711, "reduction": 9.41385435168739, "validation": {"accuracy": 47.95737122557727}, "test": {"accuracy": 33.87096774193548}}, "0.5": {"time": 0.005945682525634766, "reduction": 12.078152753108352, "validation": {"accuracy": 47.95737122557727}, "test": {"accuracy": 33.87096774193548}}, "0.6": {"time": 0.005084991455078125, "reduction": 16.87388987566607, "validation": {"accuracy": 47.95737122557727}, "test": {"accuracy": 37.096774193548384}}, "0.7": {"time": 0.004649162292480469, "reduction": 29.307282415630553, "validation": {"accuracy": 48.31261101243339}, "test": {"accuracy": 37.096774193548384}}, "0.8": {"time": 0.004454851150512695, "reduction": 47.60213143872114, "validation": {"accuracy": 48.13499111900533}, "test": {"accuracy": 43.54838709677419}}, "0.9": {"time": 0.004359006881713867, "reduction": 71.58081705150977, "validation": {"accuracy": 47.06927175843694}, "test": {"accuracy": 46.774193548387096}}, "1.0": {"time": 0.005464076995849609, "reduction": 85.61278863232683, "validation": {"accuracy": 46.00355239786856}, "test": {"accuracy": 46.774193548387096}}}, "7": {"0.0": {"time": 0.0073626041412353516, "reduction": 1.4209591474245165, "validation": {"accuracy": 10.301953818827709}, "test": {"accuracy": 24.193548387096776}}, "0.1": {"time": 0.005192756652832031, "reduction": 9.058614564831258, "validation": {"accuracy": 47.95737122557727}, "test": {"accuracy": 40.32258064516129}}, "0.2": {"time": 0.006155967712402344, "reduction": 9.058614564831258, "validation": {"accuracy": 47.95737122557727}, "test": {"accuracy": 40.32258064516129}}, "0.3": {"time": 0.0053558349609375, "reduction": 9.058614564831258, "validation": {"accuracy": 47.95737122557727}, "test": {"accuracy": 40.32258064516129}}, "0.4": {"time": 0.005107879638671875, "reduction": 9.058614564831258, "validation": {"accuracy": 47.95737122557727}, "test": {"accuracy": 40.32258064516129}}, "0.5": {"time": 0.005964040756225586, "reduction": 9.058614564831258, "validation": {"accuracy": 47.95737122557727},