{"3": {"0.0": {"reduction_in_attributes": 75.0, "time": 0.0049631595611572266, "reduction": 0.0, "validation": {"accuracy": 63.70106761565836}, "test": {"accuracy": 61.904761904761905}}, "0.1": {"reduction_in_attributes": 75.0, "time": 0.005126953125, "reduction": 7.829181494661919, "validation": {"accuracy": 63.345195729537366}, "test": {"accuracy": 65.07936507936508}}, "0.2": {"reduction_in_attributes": 75.0, "time": 0.004938364028930664, "reduction": 7.829181494661919, "validation": {"accuracy": 63.345195729537366}, "test": {"accuracy": 65.07936507936508}}, "0.3": {"reduction_in_attributes": 75.0, "time": 0.005777835845947266, "reduction": 7.829181494661919, "validation": {"accuracy": 64.05693950177937}, "test": {"accuracy": 58.730158730158735}}, "0.4": {"reduction_in_attributes": 75.0, "time": 0.005222797393798828, "reduction": 7.829181494661919, "validation": {"accuracy": 63.345195729537366}, "test": {"accuracy": 65.07936507936508}}, "0.5": {"reduction_in_attributes": 75.0, "time": 0.004977226257324219, "reduction": 7.829181494661919, "validation": {"accuracy": 63.345195729537366}, "test": {"accuracy": 65.07936507936508}}, "0.6": {"reduction_in_attributes": 75.0, "time": 0.005583047866821289, "reduction": 7.829181494661919, "validation": {"accuracy": 63.345195729537366}, "test": {"accuracy": 65.07936507936508}}, "0.7": {"reduction_in_attributes": 75.0, "time": 0.0051441192626953125, "reduction": 10.320284697508896, "validation": {"accuracy": 63.345195729537366}, "test": {"accuracy": 65.07936507936508}}, "0.8": {"reduction_in_attributes": 75.0, "time": 0.006685972213745117, "reduction": 28.29181494661922, "validation": {"accuracy": 63.70106761565836}, "test": {"accuracy": 61.904761904761905}}, "0.9": {"reduction_in_attributes": 75.0, "time": 0.0044329166412353516, "reduction": 46.08540925266904, "validation": {"accuracy": 64.05693950177937}, "test": {"accuracy": 58.730158730158735}}, "1.0": {"reduction_in_attributes": 75.0, "time": 0.0034668445587158203, "reduction": 84.34163701067617, "validation": {"accuracy": 46.08540925266904}, "test": {"accuracy": 46.03174603174603}}}, "4": {"0.0": {"reduction_in_attributes": 75.0, "time": 0.007903099060058594, "reduction": 0.0, "validation": {"accuracy": 64.23487544483986}, "test": {"accuracy": 57.14285714285714}}, "0.1": {"reduction_in_attributes": 75.0, "time": 0.0050470829010009766, "reduction": 7.829181494661919, "validation": {"accuracy": 63.16725978647687}, "test": {"accuracy": 66.66666666666666}}, "0.2": {"reduction_in_attributes": 75.0, "time": 0.004575967788696289, "reduction": 7.829181494661919, "validation": {"accuracy": 63.16725978647687}, "test": {"accuracy": 66.66666666666666}}, "0.3": {"reduction_in_attributes": 75.0, "time": 0.004595041275024414, "reduction": 7.829181494661919, "validation": {"accuracy": 64.23487544483986}, "test": {"accuracy": 57.14285714285714}}, "0.4": {"reduction_in_attributes": 75.0, "time": 0.0067441463470458984, "reduction": 7.829181494661919, "validation": {"accuracy": 64.23487544483986}, "test": {"accuracy": 57.14285714285714}}, "0.5": {"reduction_in_attributes": 75.0, "time": 0.004683971405029297, "reduction": 7.829181494661919, "validation": {"accuracy": 62.989323843416365}, "test": {"accuracy": 68.25396825396825}}, "0.6": {"reduction_in_attributes": 75.0, "time": 0.00441288948059082, "reduction": 7.829181494661919, "validation": {"accuracy": 64.23487544483986}, "test": {"accuracy": 57.14285714285714}}, "0.7": {"reduction_in_attributes": 75.0, "time": 0.004930019378662109, "reduction": 14.412811387900359, "validation": {"accuracy": 64.23487544483986}, "test": {"accuracy": 57.14285714285714}}, "0.8": {"reduction_in_attributes": 75.0, "time": 0.004907131195068359, "reduction": 27.935943060498225, "validation": {"accuracy": 62.989323843416365}, "test": {"accuracy": 68.25396825396825}}, "0.9": {"reduction_in_attributes": 75.0, "time": 0.004856109619140625, "reduction": 47.33096085409253, "validation": {"accuracy": 62.989323843416365}, "test": {"accuracy": 68.25396825396825}}, "1.0": {"reduction_in_attributes": 75.0, "time": 0.0041162967681884766, "reduction": 83.62989323843416, "validation": {"accuracy": 46.08540925266904}, "test": {"accuracy": 46.03174603174603}}}, "5": {"0.0": {"reduction_in_attributes": 75.0, "time": 0.0057108402252197266, "reduction": 0.0, "validation": {"accuracy": 63.70106761565836}, "test": {"accuracy": 61.904761904761905}}, "0.1": {"reduction_in_attributes": 75.0, "time": 0.005011081695556641, "reduction": 7.829181494661919, "validation": {"accuracy": 64.05693950177937}, "test": {"accuracy": 58.730158730158735}}, "0.2": {"reduction_in_attributes": 75.0, "time": 0.004377126693725586, "reduction": 7.829181494661919, "validation": {"accuracy": 64.05693950177937}, "test": {"accuracy": 58.730158730158735}}, "0.3": {"reduction_in_attributes": 75.0, "time": 0.004364013671875, "reduction": 7.829181494661919, "validation": {"accuracy": 63.52313167259786}, "test": {"accuracy": 63.49206349206349}}, "0.4": {"reduction_in_attributes": 75.0, "time": 0.004928112030029297, "reduction": 7.829181494661919, "validation": {"accuracy": 62.63345195729537}, "test": {"accuracy": 71.42857142857143}}, "0.5": {"reduction_in_attributes": 75.0, "time": 0.004503965377807617, "reduction": 7.829181494661919, "validation": {"accuracy": 62.63345195729537}, "test": {"accuracy": 71.42857142857143}}, "0.6": {"reduction_in_attributes": 75.0, "time": 0.00414729118347168, "reduction": 7.829181494661919, "validation": {"accuracy": 63.52313167259786}, "test": {"accuracy": 63.49206349206349}}, "0.7": {"reduction_in_attributes": 75.0, "time": 0.004294872283935547, "reduction": 10.4982206405694, "validation": {"accuracy": 62.63345195729537}, "test": {"accuracy": 71.42857142857143}}, "0.8": {"reduction_in_attributes": 75.0, "time": 0.0050432682037353516, "reduction": 27.046263345195733, "validation": {"accuracy": 64.05693950177937}, "test": {"accuracy": 58.730158730158735}}, "0.9": {"reduction_in_attributes": 75.0, "time": 0.0041429996490478516, "reduction": 46.263345195729535, "validation": {"accuracy": 63.52313167259786}, "test": {"accuracy": 63.49206349206349}}, "1.0": {"reduction_in_attributes": 75.0, "time": 0.004333019256591797, "reduction": 84.16370106761566, "validation": {"accuracy": 46.08540925266904}, "test": {"accuracy": 46.03174603174603}}}, "6": {"0.0": {"reduction_in_attributes": 75.0, "time": 0.004718780517578125, "reduction": 0.0, "validation": {"accuracy": 63.41030195381882}, "test": {"accuracy": 64.51612903225806}}, "0.1": {"reduction_in_attributes": 75.0, "time": 0.004992961883544922, "reduction": 7.815275310834813, "validation": {"accuracy": 63.41030195381882}, "test": {"accuracy": 64.51612903225806}}, "0.2": {"reduction_in_attributes": 75.0, "time": 0.004357814788818359, "reduction": 7.815275310834813, "validation": {"accuracy": 63.232682060390765}, "test": {"accuracy": 66.12903225806451}}, "0.3": {"reduction_in_attributes": 75.0, "time": 0.004700899124145508, "reduction": 7.815275310834813, "validation": {"accuracy": 63.41030195381882}, "test": {"accuracy": 64.51612903225806}}, "0.4": {"reduction_in_attributes": 75.0, "time": 0.004685878753662109, "reduction": 7.815275310834813, "validation": {"accuracy": 63.41030195381882}, "test": {"accuracy": 64.51612903225806}}, "0.5": {"reduction_in_attributes": 75.0, "time": 0.0050351619720458984, "reduction": 7.815275310834813, "validation": {"accuracy": 63.94316163410302}, "test": {"accuracy": 59.67741935483871}}, "0.6": {"reduction_in_attributes": 75.0, "time": 0.0046956539154052734, "reduction": 7.815275310834813, "validation": {"accuracy": 63.94316163410302}, "test": {"accuracy": 59.67741935483871}}, "0.7": {"reduction_in_attributes": 75.0, "time": 0.004253864288330078, "reduction": 14.742451154529313, "validation": {"accuracy": 63.94316163410302}, "test": {"accuracy": 59.67741935483871}}, "0.8": {"reduction_in_attributes": 75.0, "time": 0.004890918731689453, "reduction": 27.708703374777976,