{"3": {"0.0": {"reduction_in_attributes": 90.9090909090909, "time": 0.33906102180480957, "reduction": 0.45372050816696596, "validation": {"accuracy": 45.89382940108893}, "test": {"accuracy": 16.93877551020408}}, "0.1": {"reduction_in_attributes": 90.9090909090909, "time": 0.34351205825805664, "reduction": 7.577132486388383, "validation": {"accuracy": 45.30399274047187}, "test": {"accuracy": 44.69387755102041}}, "0.2": {"reduction_in_attributes": 90.9090909090909, "time": 0.3451719284057617, "reduction": 7.8947368421052655, "validation": {"accuracy": 45.666969147005446}, "test": {"accuracy": 43.87755102040816}}, "0.3": {"reduction_in_attributes": 90.9090909090909, "time": 0.36444807052612305, "reduction": 7.849364791288571, "validation": {"accuracy": 45.73502722323049}, "test": {"accuracy": 34.48979591836735}}, "0.4": {"reduction_in_attributes": 90.9090909090909, "time": 0.3480720520019531, "reduction": 12.386569872958253, "validation": {"accuracy": 45.666969147005446}, "test": {"accuracy": 28.97959183673469}}, "0.5": {"reduction_in_attributes": 90.9090909090909, "time": 0.3384132385253906, "reduction": 25.544464609800364, "validation": {"accuracy": 45.30399274047187}, "test": {"accuracy": 44.69387755102041}}, "0.6": {"reduction_in_attributes": 90.9090909090909, "time": 0.33538317680358887, "reduction": 25.83938294010889, "validation": {"accuracy": 45.57622504537205}, "test": {"accuracy": 28.97959183673469}}, "0.7": {"reduction_in_attributes": 90.9090909090909, "time": 0.3202950954437256, "reduction": 55.46733212341197, "validation": {"accuracy": 44.87295825771325}, "test": {"accuracy": 44.89795918367347}}, "0.8": {"reduction_in_attributes": 90.9090909090909, "time": 0.32282209396362305, "reduction": 55.46733212341197, "validation": {"accuracy": 44.87295825771325}, "test": {"accuracy": 44.89795918367347}}, "0.9": {"reduction_in_attributes": 90.9090909090909, "time": 0.31778883934020996, "reduction": 55.421960072595276, "validation": {"accuracy": 44.87295825771325}, "test": {"accuracy": 44.89795918367347}}, "1.0": {"reduction_in_attributes": 90.9090909090909, "time": 0.3024630546569824, "reduction": 95.55353901996371, "validation": {"accuracy": 44.87295825771325}, "test": {"accuracy": 44.89795918367347}}}, "4": {"0.0": {"reduction_in_attributes": 90.9090909090909, "time": 0.3571619987487793, "reduction": 0.4083484573502716, "validation": {"accuracy": 45.689655172413794}, "test": {"accuracy": 40.61224489795918}}, "0.1": {"reduction_in_attributes": 90.9090909090909, "time": 0.34401798248291016, "reduction": 14.269509981851181, "validation": {"accuracy": 53.19872958257713}, "test": {"accuracy": 40.40816326530612}}, "0.2": {"reduction_in_attributes": 90.9090909090909, "time": 0.3510162830352783, "reduction": 8.28039927404719, "validation": {"accuracy": 46.27949183303085}, "test": {"accuracy": 31.22448979591837}}, "0.3": {"reduction_in_attributes": 90.9090909090909, "time": 0.36403799057006836, "reduction": 8.28039927404719, "validation": {"accuracy": 46.27949183303085}, "test": {"accuracy": 31.22448979591837}}, "0.4": {"reduction_in_attributes": 90.9090909090909, "time": 0.3578908443450928, "reduction": 13.067150635208712, "validation": {"accuracy": 46.21143375680581}, "test": {"accuracy": 31.63265306122449}}, "0.5": {"reduction_in_attributes": 90.9090909090909, "time": 0.3485090732574463, "reduction": 25.635208711433755, "validation": {"accuracy": 45.23593466424683}, "test": {"accuracy": 43.87755102040816}}, "0.6": {"reduction_in_attributes": 90.9090909090909, "time": 0.35056281089782715, "reduction": 25.7486388384755, "validation": {"accuracy": 45.62159709618875}, "test": {"accuracy": 41.0204081632653}}, "0.7": {"reduction_in_attributes": 90.9090909090909, "time": 0.32723569869995117, "reduction": 56.692377495462786, "validation": {"accuracy": 44.87295825771325}, "test": {"accuracy": 44.89795918367347}}, "0.8": {"reduction_in_attributes": 90.9090909090909, "time": 0.3281841278076172, "reduction": 55.21778584392014, "validation": {"accuracy": 44.87295825771325}, "test": {"accuracy": 44.89795918367347}}, "0.9": {"reduction_in_attributes": 90.9090909090909, "time": 0.3343541622161865, "reduction": 55.1497277676951, "validation": {"accuracy": 44.87295825771325}, "test": {"accuracy": 44.89795918367347}}, "1.0": {"reduction_in_attributes": 90.9090909090909, "time": 0.30909109115600586, "reduction": 99.31941923774956, "validation": {"accuracy": 44.87295825771325}, "test": {"accuracy": 44.89795918367347}}}, "5": {"0.0": {"reduction_in_attributes": 90.9090909090909, "time": 0.37224316596984863, "reduction": 0.022686025408347188, "validation": {"accuracy": 45.05444646098004}, "test": {"accuracy": 39.183673469387756}}, "0.1": {"reduction_in_attributes": 90.9090909090909, "time": 0.36580514907836914, "reduction": 8.008166969147002, "validation": {"accuracy": 45.75771324863884}, "test": {"accuracy": 31.22448979591837}}, "0.2": {"reduction_in_attributes": 90.9090909090909, "time": 0.36545705795288086, "reduction": 7.4410163339382995, "validation": {"accuracy": 45.05444646098004}, "test": {"accuracy": 39.183673469387756}}, "0.3": {"reduction_in_attributes": 90.9090909090909, "time": 0.36165785789489746, "reduction": 7.8947368421052655, "validation": {"accuracy": 45.71234119782214}, "test": {"accuracy": 33.6734693877551}}, "0.4": {"reduction_in_attributes": 90.9090909090909, "time": 0.3527960777282715, "reduction": 25.7486388384755, "validation": {"accuracy": 45.689655172413794}, "test": {"accuracy": 39.183673469387756}}, "0.5": {"reduction_in_attributes": 90.9090909090909, "time": 0.3508479595184326, "reduction": 25.544464609800364, "validation": {"accuracy": 45.19056261343013}, "test": {"accuracy": 43.26530612244898}}, "0.6": {"reduction_in_attributes": 90.9090909090909, "time": 0.35367822647094727, "reduction": 25.7486388384755, "validation": {"accuracy": 45.689655172413794}, "test": {"accuracy": 39.183673469387756}}, "0.7": {"reduction_in_attributes": 90.9090909090909, "time": 0.33721303939819336, "reduction": 55.37658802177858, "validation": {"accuracy": 44.87295825771325}, "test": {"accuracy": 44.89795918367347}}, "0.8": {"reduction_in_attributes": 90.9090909090909, "time": 0.3338601589202881, "reduction": 55.1497277676951, "validation": {"accuracy": 44.87295825771325}, "test": {"accuracy": 44.89795918367347}}, "0.9": {"reduction_in_attributes": 90.9090909090909, "time": 0.3319816589355469, "reduction": 55.37658802177858, "validation": {"accuracy": 44.87295825771325}, "test": {"accuracy": 44.89795918367347}}, "1.0": {"reduction_in_attributes": 90.9090909090909, "time": 0.31197094917297363, "reduction": 98.54809437386571, "validation": {"accuracy": 44.87295825771325}, "test": {"accuracy": 44.89795918367347}}}, "6": {"0.0": {"reduction_in_attributes": 90.9090909090909, "time": 0.3722860813140869, "reduction": 0.045372050816694376, "validation": {"accuracy": 45.12250453720508}, "test": {"accuracy": 44.08163265306123}}, "0.1": {"reduction_in_attributes": 90.9090909090909, "time": 0.3668837547302246, "reduction": 8.144283121597095, "validation": {"accuracy": 46.32486388384755}, "test": {"accuracy": 29.38775510204082}}, "0.2": {"reduction_in_attributes": 90.9090909090909, "time": 0.36519718170166016, "reduction": 7.4410163339382995, "validation": {"accuracy": 45.23593466424683}, "test": {"accuracy": 30.408163265306122}}, "0.3": {"reduction_in_attributes": 90.9090909090909, "time": 0.36863064765930176, "reduction": 7.69056261343013, "validation": {"accuracy": 45.32667876588022}, "test": {"accuracy": 42.44897959183673}}, "0.4": {"reduction_in_attributes": 90.9090909090909, "time": 0.3612709045410156, "reduction": 12.885662431941924, "validation": {"accuracy": 46.256805807622506}, "test": {"accuracy": 29.591836734693878}}, "0.5": {"reduction_in_attributes": 90.9090909090909, "time": 0.3499271869659424, "reduction": 26.11161524500908, "validation": {"accuracy": 46.18874773139746}, "test": {"accuracy": 29.38775510204082}},