{"3": {"0.0": {"reduction_in_attributes": 66.66666666666667, "time": 0.0024552345275878906, "reduction": 1.285347043701801, "validation": {"accuracy": 65.03856041131105}, "test": {"accuracy": 55.81395348837209}}, "0.1": {"reduction_in_attributes": 66.66666666666667, "time": 0.0023758411407470703, "reduction": 10.53984575835476, "validation": {"accuracy": 65.03856041131105}, "test": {"accuracy": 55.81395348837209}}, "0.2": {"reduction_in_attributes": 66.66666666666667, "time": 0.0023822784423828125, "reduction": 11.82519280205655, "validation": {"accuracy": 65.03856041131105}, "test": {"accuracy": 55.81395348837209}}, "0.3": {"reduction_in_attributes": 66.66666666666667, "time": 0.0022711753845214844, "reduction": 19.02313624678663, "validation": {"accuracy": 65.03856041131105}, "test": {"accuracy": 55.81395348837209}}, "0.4": {"reduction_in_attributes": 66.66666666666667, "time": 0.0024118423461914062, "reduction": 19.280205655526995, "validation": {"accuracy": 82.0051413881748}, "test": {"accuracy": 74.4186046511628}}, "0.5": {"reduction_in_attributes": 66.66666666666667, "time": 0.002328634262084961, "reduction": 19.537275064267355, "validation": {"accuracy": 82.0051413881748}, "test": {"accuracy": 74.4186046511628}}, "0.6": {"reduction_in_attributes": 66.66666666666667, "time": 0.002292156219482422, "reduction": 20.822622107969146, "validation": {"accuracy": 80.97686375321337}, "test": {"accuracy": 76.74418604651163}}, "0.7": {"reduction_in_attributes": 66.66666666666667, "time": 0.002296924591064453, "reduction": 20.822622107969146, "validation": {"accuracy": 80.97686375321337}, "test": {"accuracy": 76.74418604651163}}, "0.8": {"reduction_in_attributes": 66.66666666666667, "time": 0.002172231674194336, "reduction": 46.01542416452442, "validation": {"accuracy": 82.0051413881748}, "test": {"accuracy": 74.4186046511628}}, "0.9": {"reduction_in_attributes": 66.66666666666667, "time": 0.0022649765014648438, "reduction": 46.27249357326478, "validation": {"accuracy": 82.0051413881748}, "test": {"accuracy": 74.4186046511628}}, "1.0": {"reduction_in_attributes": 66.66666666666667, "time": 0.00201416015625, "reduction": 75.32133676092545, "validation": {"accuracy": 52.69922879177378}, "test": {"accuracy": 53.48837209302325}}}, "4": {"0.0": {"reduction_in_attributes": 66.66666666666667, "time": 0.002407073974609375, "reduction": 1.285347043701801, "validation": {"accuracy": 64.52442159383034}, "test": {"accuracy": 51.162790697674424}}, "0.1": {"reduction_in_attributes": 66.66666666666667, "time": 0.0023670196533203125, "reduction": 11.568123393316199, "validation": {"accuracy": 64.52442159383034}, "test": {"accuracy": 51.162790697674424}}, "0.2": {"reduction_in_attributes": 66.66666666666667, "time": 0.0023648738861083984, "reduction": 12.339331619537274, "validation": {"accuracy": 64.52442159383034}, "test": {"accuracy": 51.162790697674424}}, "0.3": {"reduction_in_attributes": 66.66666666666667, "time": 0.002343893051147461, "reduction": 19.280205655526995, "validation": {"accuracy": 64.52442159383034}, "test": {"accuracy": 51.162790697674424}}, "0.4": {"reduction_in_attributes": 66.66666666666667, "time": 0.0022602081298828125, "reduction": 19.537275064267355, "validation": {"accuracy": 81.23393316195373}, "test": {"accuracy": 69.76744186046511}}, "0.5": {"reduction_in_attributes": 66.66666666666667, "time": 0.002391815185546875, "reduction": 20.05141388174807, "validation": {"accuracy": 81.23393316195373}, "test": {"accuracy": 69.76744186046511}}, "0.6": {"reduction_in_attributes": 66.66666666666667, "time": 0.0022699832916259766, "reduction": 20.822622107969146, "validation": {"accuracy": 80.97686375321337}, "test": {"accuracy": 76.74418604651163}}, "0.7": {"reduction_in_attributes": 66.66666666666667, "time": 0.0022759437561035156, "reduction": 20.822622107969146, "validation": {"accuracy": 80.97686375321337}, "test": {"accuracy": 76.74418604651163}}, "0.8": {"reduction_in_attributes": 66.66666666666667, "time": 0.0022499561309814453, "reduction": 44.47300771208226, "validation": {"accuracy": 81.23393316195373}, "test": {"accuracy": 69.76744186046511}}, "0.9": {"reduction_in_attributes": 66.66666666666667, "time": 0.002104043960571289, "reduction": 45.24421593830334, "validation": {"accuracy": 81.23393316195373}, "test": {"accuracy": 69.76744186046511}}, "1.0": {"reduction_in_attributes": 66.66666666666667, "time": 0.0020189285278320312, "reduction": 75.06426735218508, "validation": {"accuracy": 52.69922879177378}, "test": {"accuracy": 53.48837209302325}}}, "5": {"0.0": {"reduction_in_attributes": 66.66666666666667, "time": 0.002396106719970703, "reduction": 1.285347043701801, "validation": {"accuracy": 66.83804627249359}, "test": {"accuracy": 53.48837209302325}}, "0.1": {"reduction_in_attributes": 66.66666666666667, "time": 0.0024111270904541016, "reduction": 7.712082262210796, "validation": {"accuracy": 66.83804627249359}, "test": {"accuracy": 53.48837209302325}}, "0.2": {"reduction_in_attributes": 66.66666666666667, "time": 0.0025429725646972656, "reduction": 11.82519280205655, "validation": {"accuracy": 66.83804627249359}, "test": {"accuracy": 53.48837209302325}}, "0.3": {"reduction_in_attributes": 66.66666666666667, "time": 0.0023050308227539062, "reduction": 18.76606683804627, "validation": {"accuracy": 66.83804627249359}, "test": {"accuracy": 53.48837209302325}}, "0.4": {"reduction_in_attributes": 66.66666666666667, "time": 0.0023097991943359375, "reduction": 19.02313624678663, "validation": {"accuracy": 82.26221079691517}, "test": {"accuracy": 67.44186046511628}}, "0.5": {"reduction_in_attributes": 66.66666666666667, "time": 0.0024788379669189453, "reduction": 19.280205655526995, "validation": {"accuracy": 82.26221079691517}, "test": {"accuracy": 67.44186046511628}}, "0.6": {"reduction_in_attributes": 66.66666666666667, "time": 0.0023894309997558594, "reduction": 20.565552699228796, "validation": {"accuracy": 81.23393316195373}, "test": {"accuracy": 74.4186046511628}}, "0.7": {"reduction_in_attributes": 66.66666666666667, "time": 0.0023491382598876953, "reduction": 20.565552699228796, "validation": {"accuracy": 81.23393316195373}, "test": {"accuracy": 74.4186046511628}}, "0.8": {"reduction_in_attributes": 66.66666666666667, "time": 0.002267122268676758, "reduction": 43.958868894601544, "validation": {"accuracy": 82.26221079691517}, "test": {"accuracy": 67.44186046511628}}, "0.9": {"reduction_in_attributes": 66.66666666666667, "time": 0.002070188522338867, "reduction": 74.03598971722364, "validation": {"accuracy": 52.69922879177378}, "test": {"accuracy": 53.48837209302325}}, "1.0": {"reduction_in_attributes": 66.66666666666667, "time": 0.002099275588989258, "reduction": 74.03598971722364, "validation": {"accuracy": 52.69922879177378}, "test": {"accuracy": 53.48837209302325}}}, "6": {"0.0": {"reduction_in_attributes": 66.66666666666667, "time": 0.0024161338806152344, "reduction": 1.285347043701801, "validation": {"accuracy": 65.29562982005142}, "test": {"accuracy": 53.48837209302325}}, "0.1": {"reduction_in_attributes": 66.66666666666667, "time": 0.002395153045654297, "reduction": 7.455012853470433, "validation": {"accuracy": 65.29562982005142}, "test": {"accuracy": 53.48837209302325}}, "0.2": {"reduction_in_attributes": 66.66666666666667, "time": 0.0024728775024414062, "reduction": 11.311053984575835, "validation": {"accuracy": 65.29562982005142}, "test": {"accuracy": 53.48837209302325}}, "0.3": {"reduction_in_attributes": 66.66666666666667, "time": 0.0023272037506103516, "reduction": 18.76606683804627, "validation": {"accuracy": 65.29562982005142}, "test": {"accuracy": 53.48837209302325}}, "0.4": {"reduction_in_attributes": 66.66666666666667, "time": 0.002293109893798828, "reduction": 19.02313624678663, "validation": {"accuracy": 82.26221079691517}, "test": {"accuracy": 74.4186046511628}}, "0.5": {"reduction_in_attributes": 66.66666666666667, "time": 0.002471923828125, "reduction": 19.280205655526995,