{"3": {"0.0": {"reduction_in_attributes": 75.0, "time": 0.004370212554931641, "reduction": 0.0, "validation": {"accuracy": 64.23487544483986}, "test": {"accuracy": 57.14285714285714}}, "0.1": {"reduction_in_attributes": 75.0, "time": 0.004518032073974609, "reduction": 7.829181494661919, "validation": {"accuracy": 64.23487544483986}, "test": {"accuracy": 57.14285714285714}}, "0.2": {"reduction_in_attributes": 75.0, "time": 0.004555940628051758, "reduction": 7.829181494661919, "validation": {"accuracy": 63.70106761565836}, "test": {"accuracy": 61.904761904761905}}, "0.3": {"reduction_in_attributes": 75.0, "time": 0.005080223083496094, "reduction": 7.829181494661919, "validation": {"accuracy": 63.70106761565836}, "test": {"accuracy": 61.904761904761905}}, "0.4": {"reduction_in_attributes": 75.0, "time": 0.004271984100341797, "reduction": 7.829181494661919, "validation": {"accuracy": 64.23487544483986}, "test": {"accuracy": 57.14285714285714}}, "0.5": {"reduction_in_attributes": 75.0, "time": 0.005650997161865234, "reduction": 7.829181494661919, "validation": {"accuracy": 63.70106761565836}, "test": {"accuracy": 61.904761904761905}}, "0.6": {"reduction_in_attributes": 75.0, "time": 0.0049097537994384766, "reduction": 7.829181494661919, "validation": {"accuracy": 63.52313167259786}, "test": {"accuracy": 63.49206349206349}}, "0.7": {"reduction_in_attributes": 75.0, "time": 0.006042957305908203, "reduction": 14.946619217081846, "validation": {"accuracy": 63.879003558718864}, "test": {"accuracy": 60.317460317460316}}, "0.8": {"reduction_in_attributes": 75.0, "time": 0.005506277084350586, "reduction": 28.11387900355872, "validation": {"accuracy": 63.52313167259786}, "test": {"accuracy": 63.49206349206349}}, "0.9": {"reduction_in_attributes": 75.0, "time": 0.0040187835693359375, "reduction": 46.619217081850536, "validation": {"accuracy": 63.879003558718864}, "test": {"accuracy": 60.317460317460316}}, "1.0": {"reduction_in_attributes": 75.0, "time": 0.003956794738769531, "reduction": 84.34163701067617, "validation": {"accuracy": 46.08540925266904}, "test": {"accuracy": 46.03174603174603}}}, "4": {"0.0": {"reduction_in_attributes": 75.0, "time": 0.005488872528076172, "reduction": 0.0, "validation": {"accuracy": 62.989323843416365}, "test": {"accuracy": 68.25396825396825}}, "0.1": {"reduction_in_attributes": 75.0, "time": 0.005966663360595703, "reduction": 7.829181494661919, "validation": {"accuracy": 63.879003558718864}, "test": {"accuracy": 60.317460317460316}}, "0.2": {"reduction_in_attributes": 75.0, "time": 0.005209922790527344, "reduction": 7.829181494661919, "validation": {"accuracy": 62.989323843416365}, "test": {"accuracy": 68.25396825396825}}, "0.3": {"reduction_in_attributes": 75.0, "time": 0.0058040618896484375, "reduction": 7.829181494661919, "validation": {"accuracy": 63.879003558718864}, "test": {"accuracy": 60.317460317460316}}, "0.4": {"reduction_in_attributes": 75.0, "time": 0.005178928375244141, "reduction": 7.829181494661919, "validation": {"accuracy": 63.345195729537366}, "test": {"accuracy": 65.07936507936508}}, "0.5": {"reduction_in_attributes": 75.0, "time": 0.0059299468994140625, "reduction": 7.829181494661919, "validation": {"accuracy": 63.879003558718864}, "test": {"accuracy": 60.317460317460316}}, "0.6": {"reduction_in_attributes": 75.0, "time": 0.005239963531494141, "reduction": 7.829181494661919, "validation": {"accuracy": 62.989323843416365}, "test": {"accuracy": 68.25396825396825}}, "0.7": {"reduction_in_attributes": 75.0, "time": 0.005215167999267578, "reduction": 10.4982206405694, "validation": {"accuracy": 63.879003558718864}, "test": {"accuracy": 60.317460317460316}}, "0.8": {"reduction_in_attributes": 75.0, "time": 0.004782915115356445, "reduction": 27.75800711743772, "validation": {"accuracy": 63.345195729537366}, "test": {"accuracy": 65.07936507936508}}, "0.9": {"reduction_in_attributes": 75.0, "time": 0.003674745559692383, "reduction": 46.97508896797154, "validation": {"accuracy": 62.811387900355875}, "test": {"accuracy": 69.84126984126983}}, "1.0": {"reduction_in_attributes": 75.0, "time": 0.003761768341064453, "reduction": 86.29893238434163, "validation": {"accuracy": 46.08540925266904}, "test": {"accuracy": 46.03174603174603}}}, "5": {"0.0": {"reduction_in_attributes": 75.0, "time": 0.0056629180908203125, "reduction": 0.0, "validation": {"accuracy": 63.345195729537366}, "test": {"accuracy": 65.07936507936508}}, "0.1": {"reduction_in_attributes": 75.0, "time": 0.004283905029296875, "reduction": 7.829181494661919, "validation": {"accuracy": 63.52313167259786}, "test": {"accuracy": 63.49206349206349}}, "0.2": {"reduction_in_attributes": 75.0, "time": 0.004598140716552734, "reduction": 7.829181494661919, "validation": {"accuracy": 63.345195729537366}, "test": {"accuracy": 65.07936507936508}}, "0.3": {"reduction_in_attributes": 75.0, "time": 0.006103992462158203, "reduction": 7.829181494661919, "validation": {"accuracy": 63.345195729537366}, "test": {"accuracy": 65.07936507936508}}, "0.4": {"reduction_in_attributes": 75.0, "time": 0.0049130916595458984, "reduction": 7.829181494661919, "validation": {"accuracy": 63.345195729537366}, "test": {"accuracy": 65.07936507936508}}, "0.5": {"reduction_in_attributes": 75.0, "time": 0.004591703414916992, "reduction": 7.829181494661919, "validation": {"accuracy": 63.345195729537366}, "test": {"accuracy": 65.07936507936508}}, "0.6": {"reduction_in_attributes": 75.0, "time": 0.005087852478027344, "reduction": 7.829181494661919, "validation": {"accuracy": 63.345195729537366}, "test": {"accuracy": 65.07936507936508}}, "0.7": {"reduction_in_attributes": 75.0, "time": 0.00424504280090332, "reduction": 10.676156583629892, "validation": {"accuracy": 63.345195729537366}, "test": {"accuracy": 65.07936507936508}}, "0.8": {"reduction_in_attributes": 75.0, "time": 0.003862142562866211, "reduction": 28.29181494661922, "validation": {"accuracy": 63.345195729537366}, "test": {"accuracy": 65.07936507936508}}, "0.9": {"reduction_in_attributes": 75.0, "time": 0.0036749839782714844, "reduction": 46.97508896797154, "validation": {"accuracy": 62.63345195729537}, "test": {"accuracy": 71.42857142857143}}, "1.0": {"reduction_in_attributes": 75.0, "time": 0.0035178661346435547, "reduction": 83.98576512455516, "validation": {"accuracy": 46.08540925266904}, "test": {"accuracy": 46.03174603174603}}}, "6": {"0.0": {"reduction_in_attributes": 75.0, "time": 0.0046389102935791016, "reduction": 0.0, "validation": {"accuracy": 65.18650088809946}, "test": {"accuracy": 48.38709677419355}}, "0.1": {"reduction_in_attributes": 75.0, "time": 0.004376888275146484, "reduction": 7.815275310834813, "validation": {"accuracy": 65.18650088809946}, "test": {"accuracy": 48.38709677419355}}, "0.2": {"reduction_in_attributes": 75.0, "time": 0.004991054534912109, "reduction": 7.815275310834813, "validation": {"accuracy": 65.18650088809946}, "test": {"accuracy": 48.38709677419355}}, "0.3": {"reduction_in_attributes": 75.0, "time": 0.004832029342651367, "reduction": 7.815275310834813, "validation": {"accuracy": 65.18650088809946}, "test": {"accuracy": 48.38709677419355}}, "0.4": {"reduction_in_attributes": 75.0, "time": 0.004153251647949219, "reduction": 7.815275310834813, "validation": {"accuracy": 65.18650088809946}, "test": {"accuracy": 48.38709677419355}}, "0.5": {"reduction_in_attributes": 75.0, "time": 0.0041348934173583984, "reduction": 7.815275310834813, "validation": {"accuracy": 65.18650088809946}, "test": {"accuracy": 48.38709677419355}}, "0.6": {"reduction_in_attributes": 75.0, "time": 0.004411220550537109, "reduction": 7.815275310834813, "validation": {"accuracy": 65.18650088809946}, "test": {"accuracy": 48.38709677419355}}, "0.7": {"reduction_in_attributes": 75.0, "time": 0.005217075347900391, "reduction": 14.387211367673181, "validation": {"accuracy": 65.18650088809946}, "test": {"accuracy": 48.38709677419355}}, "0.8": {"reduction_in_attributes": 75.0, "time": 0.004331111907958984, "reduction": 26.46536412078153,