{"3": {"0.0": {"reduction_in_attributes": 61.53846153846154, "time": 0.0018930435180664062, "reduction": 4.526748971193417, "validation": {"accuracy": 51.85185185185185}, "test": {"accuracy": 51.85185185185185}}, "0.1": {"reduction_in_attributes": 61.53846153846154, "time": 0.0015506744384765625, "reduction": 7.4074074074074066, "validation": {"accuracy": 53.49794238683128}, "test": {"accuracy": 51.85185185185185}}, "0.2": {"reduction_in_attributes": 61.53846153846154, "time": 0.0019979476928710938, "reduction": 10.288065843621396, "validation": {"accuracy": 53.49794238683128}, "test": {"accuracy": 51.85185185185185}}, "0.3": {"reduction_in_attributes": 61.53846153846154, "time": 0.001622915267944336, "reduction": 17.695473251028805, "validation": {"accuracy": 57.61316872427984}, "test": {"accuracy": 59.25925925925925}}, "0.4": {"reduction_in_attributes": 61.53846153846154, "time": 0.001234292984008789, "reduction": 21.810699588477366, "validation": {"accuracy": 57.61316872427984}, "test": {"accuracy": 59.25925925925925}}, "0.5": {"reduction_in_attributes": 61.53846153846154, "time": 0.0014650821685791016, "reduction": 38.68312757201646, "validation": {"accuracy": 57.61316872427984}, "test": {"accuracy": 59.25925925925925}}, "0.6": {"reduction_in_attributes": 61.53846153846154, "time": 0.0011568069458007812, "reduction": 60.49382716049383, "validation": {"accuracy": 55.55555555555556}, "test": {"accuracy": 55.55555555555556}}, "0.7": {"reduction_in_attributes": 61.53846153846154, "time": 0.0016851425170898438, "reduction": 68.3127572016461, "validation": {"accuracy": 55.55555555555556}, "test": {"accuracy": 55.55555555555556}}, "0.8": {"reduction_in_attributes": 61.53846153846154, "time": 0.002084970474243164, "reduction": 77.77777777777779, "validation": {"accuracy": 55.55555555555556}, "test": {"accuracy": 55.55555555555556}}, "0.9": {"reduction_in_attributes": 61.53846153846154, "time": 0.0011608600616455078, "reduction": 87.65432098765432, "validation": {"accuracy": 55.55555555555556}, "test": {"accuracy": 55.55555555555556}}, "1.0": {"reduction_in_attributes": 61.53846153846154, "time": 0.0010340213775634766, "reduction": 93.00411522633745, "validation": {"accuracy": 55.55555555555556}, "test": {"accuracy": 55.55555555555556}}}, "4": {"0.0": {"reduction_in_attributes": 61.53846153846154, "time": 0.00131988525390625, "reduction": 6.995884773662553, "validation": {"accuracy": 54.73251028806584}, "test": {"accuracy": 55.55555555555556}}, "0.1": {"reduction_in_attributes": 61.53846153846154, "time": 0.0012717247009277344, "reduction": 12.345679012345679, "validation": {"accuracy": 55.55555555555556}, "test": {"accuracy": 55.55555555555556}}, "0.2": {"reduction_in_attributes": 61.53846153846154, "time": 0.0020787715911865234, "reduction": 18.518518518518523, "validation": {"accuracy": 55.55555555555556}, "test": {"accuracy": 55.55555555555556}}, "0.3": {"reduction_in_attributes": 61.53846153846154, "time": 0.0014238357543945312, "reduction": 23.86831275720165, "validation": {"accuracy": 55.55555555555556}, "test": {"accuracy": 55.55555555555556}}, "0.4": {"reduction_in_attributes": 61.53846153846154, "time": 0.0011997222900390625, "reduction": 26.337448559670783, "validation": {"accuracy": 55.55555555555556}, "test": {"accuracy": 55.55555555555556}}, "0.5": {"reduction_in_attributes": 61.53846153846154, "time": 0.0014069080352783203, "reduction": 49.79423868312757, "validation": {"accuracy": 55.55555555555556}, "test": {"accuracy": 55.55555555555556}}, "0.6": {"reduction_in_attributes": 61.53846153846154, "time": 0.001291036605834961, "reduction": 64.19753086419753, "validation": {"accuracy": 55.55555555555556}, "test": {"accuracy": 55.55555555555556}}, "0.7": {"reduction_in_attributes": 61.53846153846154, "time": 0.0014090538024902344, "reduction": 66.2551440329218, "validation": {"accuracy": 55.55555555555556}, "test": {"accuracy": 55.55555555555556}}, "0.8": {"reduction_in_attributes": 61.53846153846154, "time": 0.0013370513916015625, "reduction": 81.4814814814815, "validation": {"accuracy": 55.55555555555556}, "test": {"accuracy": 55.55555555555556}}, "0.9": {"reduction_in_attributes": 61.53846153846154, "time": 0.0012080669403076172, "reduction": 88.88888888888889, "validation": {"accuracy": 55.55555555555556}, "test": {"accuracy": 55.55555555555556}}, "1.0": {"reduction_in_attributes": 61.53846153846154, "time": 0.0014150142669677734, "reduction": 99.58847736625515, "validation": {"accuracy": 55.55555555555556}, "test": {"accuracy": 55.55555555555556}}}, "5": {"0.0": {"reduction_in_attributes": 61.53846153846154, "time": 0.0019922256469726562, "reduction": 7.818930041152261, "validation": {"accuracy": 57.20164609053497}, "test": {"accuracy": 55.55555555555556}}, "0.1": {"reduction_in_attributes": 61.53846153846154, "time": 0.0016021728515625, "reduction": 12.345679012345679, "validation": {"accuracy": 57.20164609053497}, "test": {"accuracy": 55.55555555555556}}, "0.2": {"reduction_in_attributes": 61.53846153846154, "time": 0.0019001960754394531, "reduction": 17.28395061728395, "validation": {"accuracy": 60.90534979423868}, "test": {"accuracy": 59.25925925925925}}, "0.3": {"reduction_in_attributes": 61.53846153846154, "time": 0.0022459030151367188, "reduction": 21.399176954732514, "validation": {"accuracy": 60.90534979423868}, "test": {"accuracy": 59.25925925925925}}, "0.4": {"reduction_in_attributes": 61.53846153846154, "time": 0.0017809867858886719, "reduction": 30.864197530864203, "validation": {"accuracy": 60.90534979423868}, "test": {"accuracy": 59.25925925925925}}, "0.5": {"reduction_in_attributes": 61.53846153846154, "time": 0.0013010501861572266, "reduction": 42.38683127572016, "validation": {"accuracy": 60.90534979423868}, "test": {"accuracy": 59.25925925925925}}, "0.6": {"reduction_in_attributes": 61.53846153846154, "time": 0.0021457672119140625, "reduction": 64.6090534979424, "validation": {"accuracy": 55.55555555555556}, "test": {"accuracy": 55.55555555555556}}, "0.7": {"reduction_in_attributes": 61.53846153846154, "time": 0.0016889572143554688, "reduction": 72.01646090534979, "validation": {"accuracy": 55.55555555555556}, "test": {"accuracy": 55.55555555555556}}, "0.8": {"reduction_in_attributes": 61.53846153846154, "time": 0.0013470649719238281, "reduction": 79.01234567901234, "validation": {"accuracy": 55.55555555555556}, "test": {"accuracy": 55.55555555555556}}, "0.9": {"reduction_in_attributes": 61.53846153846154, "time": 0.0016777515411376953, "reduction": 95.47325102880659, "validation": {"accuracy": 55.55555555555556}, "test": {"accuracy": 55.55555555555556}}, "1.0": {"reduction_in_attributes": 61.53846153846154, "time": 0.0014903545379638672, "reduction": 99.58847736625515, "validation": {"accuracy": 55.55555555555556}, "test": {"accuracy": 55.55555555555556}}}, "6": {"0.0": {"reduction_in_attributes": 61.53846153846154, "time": 0.0017940998077392578, "reduction": 5.349794238683126, "validation": {"accuracy": 55.55555555555556}, "test": {"accuracy": 55.55555555555556}}, "0.1": {"reduction_in_attributes": 61.53846153846154, "time": 0.0015950202941894531, "reduction": 11.111111111111116, "validation": {"accuracy": 57.20164609053497}, "test": {"accuracy": 59.25925925925925}}, "0.2": {"reduction_in_attributes": 61.53846153846154, "time": 0.0013720989227294922, "reduction": 12.345679012345679, "validation": {"accuracy": 57.20164609053497}, "test": {"accuracy": 59.25925925925925}}, "0.3": {"reduction_in_attributes": 61.53846153846154, "time": 0.0015659332275390625, "reduction": 16.460905349794242, "validation": {"accuracy": 57.20164609053497}, "test": {"accuracy": 59.25925925925925}}, "0.4": {"reduction_in_attributes": 61.53846153846154, "time": 0.0017309188842773438, "reduction": 28.80658436213992, "validation": {"accuracy": 57.20164609053497}, "test": {"accuracy": 59.25925925925925}}, "0.5": {"reduction_in_attributes": 61.53846153846154, "time": 0.0021958351135253906, "reduction": 49.79423868312757,