{"3": {"0.0": {"reduction_in_attributes": 92.3076923076923, "time": 0.7086031436920166, "reduction": 0.0, "validation": {"accuracy": 23.755656108597282}, "test": {"accuracy": 22.819767441860463}}, "0.1": {"reduction_in_attributes": 92.3076923076923, "time": 0.6442303657531738, "reduction": 22.721396250808013, "validation": {"accuracy": 25.387847446670975}, "test": {"accuracy": 26.16279069767442}}, "0.2": {"reduction_in_attributes": 92.3076923076923, "time": 0.6569578647613525, "reduction": 31.706528765352292, "validation": {"accuracy": 18.277310924369747}, "test": {"accuracy": 18.023255813953487}}, "0.3": {"reduction_in_attributes": 92.3076923076923, "time": 0.6919679641723633, "reduction": 37.15255332902392, "validation": {"accuracy": 18.26115061409179}, "test": {"accuracy": 18.168604651162788}}, "0.4": {"reduction_in_attributes": 92.3076923076923, "time": 0.6689410209655762, "reduction": 60.374919198448616, "validation": {"accuracy": 18.26115061409179}, "test": {"accuracy": 18.168604651162788}}, "0.5": {"reduction_in_attributes": 92.3076923076923, "time": 0.593621015548706, "reduction": 66.19263089851324, "validation": {"accuracy": 18.26115061409179}, "test": {"accuracy": 18.168604651162788}}, "0.6": {"reduction_in_attributes": 92.3076923076923, "time": 0.591745138168335, "reduction": 66.19263089851324, "validation": {"accuracy": 18.26115061409179}, "test": {"accuracy": 18.168604651162788}}, "0.7": {"reduction_in_attributes": 92.3076923076923, "time": 0.6439511775970459, "reduction": 88.51001939237233, "validation": {"accuracy": 18.26115061409179}, "test": {"accuracy": 18.168604651162788}}, "0.8": {"reduction_in_attributes": 92.3076923076923, "time": 0.6080489158630371, "reduction": 86.40917905623789, "validation": {"accuracy": 18.26115061409179}, "test": {"accuracy": 18.168604651162788}}, "0.9": {"reduction_in_attributes": 92.3076923076923, "time": 0.6042768955230713, "reduction": 88.75242404654169, "validation": {"accuracy": 18.26115061409179}, "test": {"accuracy": 18.168604651162788}}, "1.0": {"reduction_in_attributes": 92.3076923076923, "time": 0.5855908393859863, "reduction": 99.78991596638656, "validation": {"accuracy": 18.26115061409179}, "test": {"accuracy": 18.168604651162788}}}, "4": {"0.0": {"reduction_in_attributes": 92.3076923076923, "time": 0.5996479988098145, "reduction": 0.0, "validation": {"accuracy": 18.244990303813832}, "test": {"accuracy": 18.313953488372093}}, "0.1": {"reduction_in_attributes": 92.3076923076923, "time": 0.6412689685821533, "reduction": 22.705235940530056, "validation": {"accuracy": 18.26115061409179}, "test": {"accuracy": 18.168604651162788}}, "0.2": {"reduction_in_attributes": 92.3076923076923, "time": 0.6169381141662598, "reduction": 28.555268261150612, "validation": {"accuracy": 27.521008403361346}, "test": {"accuracy": 25.581395348837212}}, "0.3": {"reduction_in_attributes": 92.3076923076923, "time": 0.5482230186462402, "reduction": 33.2579185520362, "validation": {"accuracy": 18.244990303813832}, "test": {"accuracy": 18.313953488372093}}, "0.4": {"reduction_in_attributes": 92.3076923076923, "time": 0.5987958908081055, "reduction": 72.60827407886231, "validation": {"accuracy": 27.391725921137688}, "test": {"accuracy": 25.872093023255815}}, "0.5": {"reduction_in_attributes": 92.3076923076923, "time": 0.5709190368652344, "reduction": 66.20879120879121, "validation": {"accuracy": 18.244990303813832}, "test": {"accuracy": 18.313953488372093}}, "0.6": {"reduction_in_attributes": 92.3076923076923, "time": 0.5665481090545654, "reduction": 78.57142857142857, "validation": {"accuracy": 22.107304460245636}, "test": {"accuracy": 23.401162790697676}}, "0.7": {"reduction_in_attributes": 92.3076923076923, "time": 0.5020012855529785, "reduction": 69.60245636716225, "validation": {"accuracy": 18.244990303813832}, "test": {"accuracy": 18.313953488372093}}, "0.8": {"reduction_in_attributes": 92.3076923076923, "time": 0.603369951248169, "reduction": 81.75500969618616, "validation": {"accuracy": 18.244990303813832}, "test": {"accuracy": 18.313953488372093}}, "0.9": {"reduction_in_attributes": 92.3076923076923, "time": 0.4824509620666504, "reduction": 92.87330316742081, "validation": {"accuracy": 18.244990303813832}, "test": {"accuracy": 18.313953488372093}}, "1.0": {"reduction_in_attributes": 92.3076923076923, "time": 0.5603697299957275, "reduction": 82.96703296703296, "validation": {"accuracy": 18.244990303813832}, "test": {"accuracy": 18.313953488372093}}}, "5": {"0.0": {"reduction_in_attributes": 92.3076923076923, "time": 0.6725831031799316, "reduction": 0.0, "validation": {"accuracy": 27.828054298642535}, "test": {"accuracy": 27.761627906976745}}, "0.1": {"reduction_in_attributes": 92.3076923076923, "time": 0.623964786529541, "reduction": 22.6890756302521, "validation": {"accuracy": 23.691014867485453}, "test": {"accuracy": 23.401162790697676}}, "0.2": {"reduction_in_attributes": 92.3076923076923, "time": 0.6097941398620605, "reduction": 36.5546218487395, "validation": {"accuracy": 27.828054298642535}, "test": {"accuracy": 27.761627906976745}}, "0.3": {"reduction_in_attributes": 92.3076923076923, "time": 0.5690717697143555, "reduction": 41.564318034906265, "validation": {"accuracy": 25.565610859728505}, "test": {"accuracy": 24.563953488372093}}, "0.4": {"reduction_in_attributes": 92.3076923076923, "time": 0.5464890003204346, "reduction": 66.20879120879121, "validation": {"accuracy": 25.565610859728505}, "test": {"accuracy": 24.563953488372093}}, "0.5": {"reduction_in_attributes": 92.3076923076923, "time": 0.5820150375366211, "reduction": 72.70523594053006, "validation": {"accuracy": 27.29476405946994}, "test": {"accuracy": 26.744186046511626}}, "0.6": {"reduction_in_attributes": 92.3076923076923, "time": 0.550879955291748, "reduction": 66.20879120879121, "validation": {"accuracy": 18.244990303813832}, "test": {"accuracy": 18.313953488372093}}, "0.7": {"reduction_in_attributes": 92.3076923076923, "time": 0.5659599304199219, "reduction": 87.26567550096962, "validation": {"accuracy": 18.244990303813832}, "test": {"accuracy": 18.313953488372093}}, "0.8": {"reduction_in_attributes": 92.3076923076923, "time": 0.5461256504058838, "reduction": 86.40917905623789, "validation": {"accuracy": 18.244990303813832}, "test": {"accuracy": 18.313953488372093}}, "0.9": {"reduction_in_attributes": 92.3076923076923, "time": 0.5429728031158447, "reduction": 81.75500969618616, "validation": {"accuracy": 18.244990303813832}, "test": {"accuracy": 18.313953488372093}}, "1.0": {"reduction_in_attributes": 92.3076923076923, "time": 0.5432770252227783, "reduction": 91.93600517129929, "validation": {"accuracy": 18.244990303813832}, "test": {"accuracy": 18.313953488372093}}}, "6": {"0.0": {"reduction_in_attributes": 92.3076923076923, "time": 0.406294584274292, "reduction": 0.0, "validation": {"accuracy": 18.244990303813832}, "test": {"accuracy": 18.313953488372093}}, "0.1": {"reduction_in_attributes": 92.3076923076923, "time": 0.631756067276001, "reduction": 18.09954751131222, "validation": {"accuracy": 27.811893988364577}, "test": {"accuracy": 27.906976744186046}}, "0.2": {"reduction_in_attributes": 92.3076923076923, "time": 0.5805511474609375, "reduction": 31.674208144796378, "validation": {"accuracy": 18.26115061409179}, "test": {"accuracy": 18.313953488372093}}, "0.3": {"reduction_in_attributes": 92.3076923076923, "time": 0.5773751735687256, "reduction": 32.6115061409179, "validation": {"accuracy": 18.244990303813832}, "test": {"accuracy": 18.313953488372093}}, "0.4": {"reduction_in_attributes": 92.3076923076923, "time": 0.5783429145812988, "reduction": 70.44279250161603, "validation": {"accuracy": 27.811893988364577}, "test": {"accuracy": 27.906976744186046}}, "0.5": {"reduction_in_attributes": 92.3076923076923, "time": 0.5798792839050293, "reduction": 72.78603749191986, "validation": {"accuracy": 27.213962508080154}, "test": {"accuracy": 27.47093023255814}}, "0.6": {"reduction_in_attributes": 92.3076923076923, "time": 0.5545520782470703,