{"3": {"0.0": {"time": 0.06750202178955078, "reduction": 0.3028773346794522, "validation": {"accuracy": 70.41898031297325}, "test": {"accuracy": 73.63636363636363}}, "0.1": {"time": 0.06438875198364258, "reduction": 23.72539121655729, "validation": {"accuracy": 71.12569409389198}, "test": {"accuracy": 74.54545454545455}}, "0.2": {"time": 0.055834054946899414, "reduction": 32.50883392226148, "validation": {"accuracy": 67.69308430085815}, "test": {"accuracy": 67.72727272727272}}, "0.3": {"time": 0.05494403839111328, "reduction": 32.50883392226148, "validation": {"accuracy": 67.69308430085815}, "test": {"accuracy": 67.72727272727272}}, "0.4": {"time": 0.05604887008666992, "reduction": 32.50883392226148, "validation": {"accuracy": 67.69308430085815}, "test": {"accuracy": 67.72727272727272}}, "0.5": {"time": 0.05522584915161133, "reduction": 32.50883392226148, "validation": {"accuracy": 67.69308430085815}, "test": {"accuracy": 67.72727272727272}}, "0.6": {"time": 0.055518388748168945, "reduction": 32.50883392226148, "validation": {"accuracy": 67.69308430085815}, "test": {"accuracy": 67.72727272727272}}, "0.7": {"time": 0.05414915084838867, "reduction": 32.50883392226148, "validation": {"accuracy": 67.69308430085815}, "test": {"accuracy": 67.72727272727272}}, "0.8": {"time": 0.054698944091796875, "reduction": 32.50883392226148, "validation": {"accuracy": 67.69308430085815}, "test": {"accuracy": 67.72727272727272}}, "0.9": {"time": 0.05382800102233887, "reduction": 38.061585058051485, "validation": {"accuracy": 67.69308430085815}, "test": {"accuracy": 67.72727272727272}}, "1.0": {"time": 0.0481867790222168, "reduction": 96.113074204947, "validation": {"accuracy": 67.69308430085815}, "test": {"accuracy": 67.72727272727272}}}, "4": {"0.0": {"time": 0.05855107307434082, "reduction": 0.3028773346794522, "validation": {"accuracy": 67.33972741039878}, "test": {"accuracy": 70.0}}, "0.1": {"time": 0.05544710159301758, "reduction": 23.170116102978287, "validation": {"accuracy": 67.69308430085815}, "test": {"accuracy": 70.0}}, "0.2": {"time": 0.05698895454406738, "reduction": 32.6097930338213, "validation": {"accuracy": 67.69308430085815}, "test": {"accuracy": 67.72727272727272}}, "0.3": {"time": 0.05449318885803223, "reduction": 32.6097930338213, "validation": {"accuracy": 67.69308430085815}, "test": {"accuracy": 67.72727272727272}}, "0.4": {"time": 0.05609917640686035, "reduction": 32.6097930338213, "validation": {"accuracy": 67.69308430085815}, "test": {"accuracy": 67.72727272727272}}, "0.5": {"time": 0.05449414253234863, "reduction": 32.6097930338213, "validation": {"accuracy": 67.69308430085815}, "test": {"accuracy": 67.72727272727272}}, "0.6": {"time": 0.05453991889953613, "reduction": 32.6097930338213, "validation": {"accuracy": 67.69308430085815}, "test": {"accuracy": 67.72727272727272}}, "0.7": {"time": 0.05471205711364746, "reduction": 32.6097930338213, "validation": {"accuracy": 67.69308430085815}, "test": {"accuracy": 67.72727272727272}}, "0.8": {"time": 0.05658888816833496, "reduction": 32.6097930338213, "validation": {"accuracy": 67.69308430085815}, "test": {"accuracy": 67.72727272727272}}, "0.9": {"time": 0.06090807914733887, "reduction": 38.6673397274104, "validation": {"accuracy": 67.69308430085815}, "test": {"accuracy": 67.72727272727272}}, "1.0": {"time": 0.048761844635009766, "reduction": 96.36547198384655, "validation": {"accuracy": 67.69308430085815}, "test": {"accuracy": 67.72727272727272}}}, "5": {"0.0": {"time": 0.05833888053894043, "reduction": 0.0, "validation": {"accuracy": 67.54164563351843}, "test": {"accuracy": 68.63636363636364}}, "0.1": {"time": 0.055429935455322266, "reduction": 22.81675921251893, "validation": {"accuracy": 68.04644119131751}, "test": {"accuracy": 69.0909090909091}}, "0.2": {"time": 0.05498981475830078, "reduction": 32.30691569914185, "validation": {"accuracy": 67.69308430085815}, "test": {"accuracy": 67.72727272727272}}, "0.3": {"time": 0.05547904968261719, "reduction": 32.30691569914185, "validation": {"accuracy": 67.69308430085815}, "test": {"accuracy": 67.72727272727272}}, "0.4": {"time": 0.05566811561584473, "reduction": 32.30691569914185, "validation": {"accuracy": 67.69308430085815}, "test": {"accuracy": 67.72727272727272}}, "0.5": {"time": 0.05576920509338379, "reduction": 32.30691569914185, "validation": {"accuracy": 67.69308430085815}, "test": {"accuracy": 67.72727272727272}}, "0.6": {"time": 0.05463409423828125, "reduction": 32.30691569914185, "validation": {"accuracy": 67.69308430085815}, "test": {"accuracy": 67.72727272727272}}, "0.7": {"time": 0.05416131019592285, "reduction": 32.30691569914185, "validation": {"accuracy": 67.69308430085815}, "test": {"accuracy": 67.72727272727272}}, "0.8": {"time": 0.05428266525268555, "reduction": 32.30691569914185, "validation": {"accuracy": 67.69308430085815}, "test": {"accuracy": 67.72727272727272}}, "0.9": {"time": 0.05245494842529297, "reduction": 38.16254416961131, "validation": {"accuracy": 67.69308430085815}, "test": {"accuracy": 67.72727272727272}}, "1.0": {"time": 0.04711174964904785, "reduction": 96.36547198384655, "validation": {"accuracy": 67.69308430085815}, "test": {"accuracy": 67.72727272727272}}}, "6": {"0.0": {"time": 0.058913230895996094, "reduction": 0.15143866733973166, "validation": {"accuracy": 63.25088339222616}, "test": {"accuracy": 62.727272727272734}}, "0.1": {"time": 0.05505728721618652, "reduction": 23.06915699141847, "validation": {"accuracy": 63.654719838465425}, "test": {"accuracy": 62.727272727272734}}, "0.2": {"time": 0.05380892753601074, "reduction": 32.35739525492176, "validation": {"accuracy": 67.69308430085815}, "test": {"accuracy": 67.72727272727272}}, "0.3": {"time": 0.05411028861999512, "reduction": 32.35739525492176, "validation": {"accuracy": 67.69308430085815}, "test": {"accuracy": 67.72727272727272}}, "0.4": {"time": 0.05427670478820801, "reduction": 32.35739525492176, "validation": {"accuracy": 67.69308430085815}, "test": {"accuracy": 67.72727272727272}}, "0.5": {"time": 0.0541079044342041, "reduction": 32.35739525492176, "validation": {"accuracy": 67.69308430085815}, "test": {"accuracy": 67.72727272727272}}, "0.6": {"time": 0.05630612373352051, "reduction": 32.35739525492176, "validation": {"accuracy": 67.69308430085815}, "test": {"accuracy": 67.72727272727272}}, "0.7": {"time": 0.05440568923950195, "reduction": 32.35739525492176, "validation": {"accuracy": 67.69308430085815}, "test": {"accuracy": 67.72727272727272}}, "0.8": {"time": 0.05517005920410156, "reduction": 32.35739525492176, "validation": {"accuracy": 67.69308430085815}, "test": {"accuracy": 67.72727272727272}}, "0.9": {"time": 0.05476999282836914, "reduction": 37.708228167592125, "validation": {"accuracy": 67.69308430085815}, "test": {"accuracy": 67.72727272727272}}, "1.0": {"time": 0.04912590980529785, "reduction": 95.86067642604745, "validation": {"accuracy": 67.69308430085815}, "test": {"accuracy": 67.72727272727272}}}, "7": {"0.0": {"time": 0.06535077095031738, "reduction": 0.0, "validation": {"accuracy": 67.99596163553761}, "test": {"accuracy": 73.18181818181819}}, "0.1": {"time": 0.05515289306640625, "reduction": 23.06915699141847, "validation": {"accuracy": 70.62089853609288}, "test": {"accuracy": 71.81818181818181}}, "0.2": {"time": 0.054009199142456055, "reduction": 32.30691569914185, "validation": {"accuracy": 67.69308430085815}, "test": {"accuracy": 67.72727272727272}}, "0.3": {"time": 0.05404186248779297, "reduction": 32.30691569914185, "validation": {"accuracy": 67.69308430085815}, "test": {"accuracy": 67.72727272727272}}, "0.4": {"time": 0.05420112609863281, "reduction": 32.30691569914185, "validation": {"accuracy": 67.69308430085815}, "test": {"accuracy": 67.72727272727272}}, "0.5": {"time": 0.054902076721191406, "reduction": 32.30691569914185, "validation": {"accuracy": 67.69308430085815}, "test": {"accuracy": 67.72727272727272}}, "0.6": {"time": 0.054357051849365234, "reduction": 32.30691569914185,