{"3": {"0.0": {"reduction_in_attributes": 87.5, "time": 0.024239063262939453, "reduction": 0.22471910112359383, "validation": {"accuracy": 34.157303370786515}, "test": {"accuracy": 25.503355704697988}}, "0.1": {"reduction_in_attributes": 87.5, "time": 0.014316082000732422, "reduction": 12.434456928838955, "validation": {"accuracy": 31.235955056179776}, "test": {"accuracy": 30.87248322147651}}, "0.2": {"reduction_in_attributes": 87.5, "time": 0.029844999313354492, "reduction": 12.659176029962548, "validation": {"accuracy": 32.059925093632955}, "test": {"accuracy": 33.557046979865774}}, "0.3": {"reduction_in_attributes": 87.5, "time": 0.01440882682800293, "reduction": 12.434456928838955, "validation": {"accuracy": 31.235955056179776}, "test": {"accuracy": 30.87248322147651}}, "0.4": {"reduction_in_attributes": 87.5, "time": 0.02478790283203125, "reduction": 23.670411985018724, "validation": {"accuracy": 32.359550561797754}, "test": {"accuracy": 27.516778523489933}}, "0.5": {"reduction_in_attributes": 87.5, "time": 0.025571107864379883, "reduction": 25.468164794007485, "validation": {"accuracy": 34.45692883895131}, "test": {"accuracy": 35.57046979865772}}, "0.6": {"reduction_in_attributes": 87.5, "time": 0.025905132293701172, "reduction": 40.074906367041194, "validation": {"accuracy": 32.13483146067416}, "test": {"accuracy": 27.516778523489933}}, "0.7": {"reduction_in_attributes": 87.5, "time": 0.028683900833129883, "reduction": 40.44943820224719, "validation": {"accuracy": 31.760299625468164}, "test": {"accuracy": 34.22818791946309}}, "0.8": {"reduction_in_attributes": 87.5, "time": 0.02649235725402832, "reduction": 41.72284644194757, "validation": {"accuracy": 34.38202247191011}, "test": {"accuracy": 34.899328859060404}}, "0.9": {"reduction_in_attributes": 87.5, "time": 0.023478984832763672, "reduction": 44.71910112359551, "validation": {"accuracy": 31.38576779026217}, "test": {"accuracy": 31.543624161073826}}, "1.0": {"reduction_in_attributes": 87.5, "time": 0.011811256408691406, "reduction": 68.83895131086142, "validation": {"accuracy": 31.235955056179776}, "test": {"accuracy": 30.87248322147651}}}, "4": {"0.0": {"reduction_in_attributes": 87.5, "time": 0.027009010314941406, "reduction": 0.2996254681647992, "validation": {"accuracy": 32.059925093632955}, "test": {"accuracy": 24.832214765100673}}, "0.1": {"reduction_in_attributes": 87.5, "time": 0.025427818298339844, "reduction": 10.711610486891388, "validation": {"accuracy": 34.232209737827716}, "test": {"accuracy": 30.87248322147651}}, "0.2": {"reduction_in_attributes": 87.5, "time": 0.03014397621154785, "reduction": 14.082397003745317, "validation": {"accuracy": 34.232209737827716}, "test": {"accuracy": 30.87248322147651}}, "0.3": {"reduction_in_attributes": 87.5, "time": 0.03368186950683594, "reduction": 12.659176029962548, "validation": {"accuracy": 32.43445692883895}, "test": {"accuracy": 25.503355704697988}}, "0.4": {"reduction_in_attributes": 87.5, "time": 0.030276060104370117, "reduction": 25.093632958801493, "validation": {"accuracy": 34.157303370786515}, "test": {"accuracy": 31.543624161073826}}, "0.5": {"reduction_in_attributes": 87.5, "time": 0.027512073516845703, "reduction": 25.168539325842698, "validation": {"accuracy": 34.157303370786515}, "test": {"accuracy": 31.543624161073826}}, "0.6": {"reduction_in_attributes": 87.5, "time": 0.0294039249420166, "reduction": 40.1498127340824, "validation": {"accuracy": 31.910112359550563}, "test": {"accuracy": 26.845637583892618}}, "0.7": {"reduction_in_attributes": 87.5, "time": 0.023244619369506836, "reduction": 40.074906367041194, "validation": {"accuracy": 32.059925093632955}, "test": {"accuracy": 26.174496644295303}}, "0.8": {"reduction_in_attributes": 87.5, "time": 0.023960113525390625, "reduction": 40.074906367041194, "validation": {"accuracy": 32.28464419475656}, "test": {"accuracy": 28.187919463087248}}, "0.9": {"reduction_in_attributes": 87.5, "time": 0.026005029678344727, "reduction": 42.32209737827716, "validation": {"accuracy": 32.059925093632955}, "test": {"accuracy": 26.174496644295303}}, "1.0": {"reduction_in_attributes": 87.5, "time": 0.021168231964111328, "reduction": 99.9250936329588, "validation": {"accuracy": 31.161048689138575}, "test": {"accuracy": 31.543624161073826}}}, "5": {"0.0": {"reduction_in_attributes": 87.5, "time": 0.025783061981201172, "reduction": 0.14970059880239361, "validation": {"accuracy": 34.13173652694611}, "test": {"accuracy": 16.216216216216218}}, "0.1": {"reduction_in_attributes": 87.5, "time": 0.02793598175048828, "reduction": 7.485029940119759, "validation": {"accuracy": 34.05688622754491}, "test": {"accuracy": 16.216216216216218}}, "0.2": {"reduction_in_attributes": 87.5, "time": 0.02567601203918457, "reduction": 12.72455089820359, "validation": {"accuracy": 32.859281437125745}, "test": {"accuracy": 27.7027027027027}}, "0.3": {"reduction_in_attributes": 87.5, "time": 0.02470993995666504, "reduction": 12.574850299401197, "validation": {"accuracy": 32.48502994011976}, "test": {"accuracy": 29.72972972972973}}, "0.4": {"reduction_in_attributes": 87.5, "time": 0.031683921813964844, "reduction": 24.25149700598802, "validation": {"accuracy": 31.961077844311376}, "test": {"accuracy": 28.37837837837838}}, "0.5": {"reduction_in_attributes": 87.5, "time": 0.012948036193847656, "reduction": 23.502994011976053, "validation": {"accuracy": 31.137724550898206}, "test": {"accuracy": 31.756756756756754}}, "0.6": {"reduction_in_attributes": 87.5, "time": 0.02450108528137207, "reduction": 41.39221556886228, "validation": {"accuracy": 34.2814371257485}, "test": {"accuracy": 33.78378378378378}}, "0.7": {"reduction_in_attributes": 87.5, "time": 0.0242311954498291, "reduction": 41.39221556886228, "validation": {"accuracy": 34.2814371257485}, "test": {"accuracy": 33.78378378378378}}, "0.8": {"reduction_in_attributes": 87.5, "time": 0.02308201789855957, "reduction": 41.39221556886228, "validation": {"accuracy": 34.2814371257485}, "test": {"accuracy": 33.78378378378378}}, "0.9": {"reduction_in_attributes": 87.5, "time": 0.011906862258911133, "reduction": 39.97005988023952, "validation": {"accuracy": 31.137724550898206}, "test": {"accuracy": 31.756756756756754}}, "1.0": {"reduction_in_attributes": 87.5, "time": 0.01124715805053711, "reduction": 68.937125748503, "validation": {"accuracy": 31.137724550898206}, "test": {"accuracy": 31.756756756756754}}}, "6": {"0.0": {"reduction_in_attributes": 87.5, "time": 0.023977994918823242, "reduction": 0.29940119760478723, "validation": {"accuracy": 34.05688622754491}, "test": {"accuracy": 29.72972972972973}}, "0.1": {"reduction_in_attributes": 87.5, "time": 0.013500213623046875, "reduction": 12.5, "validation": {"accuracy": 31.2125748502994}, "test": {"accuracy": 32.432432432432435}}, "0.2": {"reduction_in_attributes": 87.5, "time": 0.022844791412353516, "reduction": 12.72455089820359, "validation": {"accuracy": 33.60778443113773}, "test": {"accuracy": 28.37837837837838}}, "0.3": {"reduction_in_attributes": 87.5, "time": 0.023924827575683594, "reduction": 12.574850299401197, "validation": {"accuracy": 31.961077844311376}, "test": {"accuracy": 33.108108108108105}}, "0.4": {"reduction_in_attributes": 87.5, "time": 0.027323007583618164, "reduction": 23.727544910179642, "validation": {"accuracy": 32.33532934131736}, "test": {"accuracy": 28.37837837837838}}, "0.5": {"reduction_in_attributes": 87.5, "time": 0.023186922073364258, "reduction": 24.02694610778443, "validation": {"accuracy": 32.33532934131736}, "test": {"accuracy": 28.37837837837838}}, "0.6": {"reduction_in_attributes": 87.5, "time": 0.023819923400878906, "reduction": 41.99101796407185, "validation": {"accuracy": 34.50598802395209}, "test": {"accuracy": 35.13513513513514}}, "0.7": {"reduction_in_attributes": 87.5, "time": 0.022784948348999023, "reduction": 41.99101796407185, "validation": {"accuracy": 34.50598802395209}, "test": {"accuracy": 35.13513513513514}}, "0.8": {"reduction_in_attributes": 87.5,