{"3": {"0.0": {"reduction_in_attributes": 92.3076923076923, "time": 0.010440826416015625, "reduction": 6.172839506172845, "validation": {"accuracy": 85.40965207631874}, "test": {"accuracy": 21.21212121212121}}, "0.1": {"reduction_in_attributes": 92.3076923076923, "time": 0.01019597053527832, "reduction": 5.274971941638606, "validation": {"accuracy": 80.92031425364759}, "test": {"accuracy": 11.11111111111111}}, "0.2": {"reduction_in_attributes": 92.3076923076923, "time": 0.012593984603881836, "reduction": 17.39618406285073, "validation": {"accuracy": 79.46127946127946}, "test": {"accuracy": 14.14141414141414}}, "0.3": {"reduction_in_attributes": 92.3076923076923, "time": 0.010882139205932617, "reduction": 12.90684624017957, "validation": {"accuracy": 79.46127946127946}, "test": {"accuracy": 15.151515151515152}}, "0.4": {"reduction_in_attributes": 92.3076923076923, "time": 0.009102821350097656, "reduction": 2.805836139169471, "validation": {"accuracy": 9.20314253647587}, "test": {"accuracy": 8.080808080808081}}, "0.5": {"reduction_in_attributes": 92.3076923076923, "time": 0.009096145629882812, "reduction": 47.92368125701459, "validation": {"accuracy": 65.65656565656566}, "test": {"accuracy": 27.27272727272727}}, "0.6": {"reduction_in_attributes": 92.3076923076923, "time": 0.009276866912841797, "reduction": 75.19640852974186, "validation": {"accuracy": 28.84399551066218}, "test": {"accuracy": 13.131313131313133}}, "0.7": {"reduction_in_attributes": 92.3076923076923, "time": 0.008960962295532227, "reduction": 91.13355780022447, "validation": {"accuracy": 13.804713804713806}, "test": {"accuracy": 13.131313131313133}}, "0.8": {"reduction_in_attributes": 92.3076923076923, "time": 0.009019136428833008, "reduction": 97.19416386083053, "validation": {"accuracy": 13.804713804713806}, "test": {"accuracy": 14.14141414141414}}, "0.9": {"reduction_in_attributes": 92.3076923076923, "time": 0.008893966674804688, "reduction": 99.66329966329967, "validation": {"accuracy": 11.335578002244668}, "test": {"accuracy": 14.14141414141414}}, "1.0": {"reduction_in_attributes": 92.3076923076923, "time": 0.009132146835327148, "reduction": 99.88776655443323, "validation": {"accuracy": 9.090909090909092}, "test": {"accuracy": 9.090909090909092}}}, "4": {"0.0": {"reduction_in_attributes": 92.3076923076923, "time": 0.008126258850097656, "reduction": 0.0, "validation": {"accuracy": 9.31537598204265}, "test": {"accuracy": 7.07070707070707}}, "0.1": {"reduction_in_attributes": 92.3076923076923, "time": 0.008209228515625, "reduction": 8.080808080808078, "validation": {"accuracy": 9.427609427609427}, "test": {"accuracy": 6.0606060606060606}}, "0.2": {"reduction_in_attributes": 92.3076923076923, "time": 0.010435819625854492, "reduction": 15.375982042648706, "validation": {"accuracy": 87.42985409652077}, "test": {"accuracy": 25.252525252525253}}, "0.3": {"reduction_in_attributes": 92.3076923076923, "time": 0.010522127151489258, "reduction": 12.345679012345679, "validation": {"accuracy": 79.7979797979798}, "test": {"accuracy": 11.11111111111111}}, "0.4": {"reduction_in_attributes": 92.3076923076923, "time": 0.010251045227050781, "reduction": 18.967452300785638, "validation": {"accuracy": 76.65544332210999}, "test": {"accuracy": 9.090909090909092}}, "0.5": {"reduction_in_attributes": 92.3076923076923, "time": 0.009724855422973633, "reduction": 48.26038159371493, "validation": {"accuracy": 50.505050505050505}, "test": {"accuracy": 14.14141414141414}}, "0.6": {"reduction_in_attributes": 92.3076923076923, "time": 0.010451793670654297, "reduction": 77.665544332211, "validation": {"accuracy": 26.038159371492704}, "test": {"accuracy": 15.151515151515152}}, "0.7": {"reduction_in_attributes": 92.3076923076923, "time": 0.008563995361328125, "reduction": 79.12457912457913, "validation": {"accuracy": 28.731762065095403}, "test": {"accuracy": 17.17171717171717}}, "0.8": {"reduction_in_attributes": 92.3076923076923, "time": 0.005675077438354492, "reduction": 29.40516273849607, "validation": {"accuracy": 9.31537598204265}, "test": {"accuracy": 7.07070707070707}}, "0.9": {"reduction_in_attributes": 92.3076923076923, "time": 0.009003162384033203, "reduction": 98.31649831649831, "validation": {"accuracy": 9.090909090909092}, "test": {"accuracy": 9.090909090909092}}, "1.0": {"reduction_in_attributes": 92.3076923076923, "time": 0.00860905647277832, "reduction": 99.88776655443323, "validation": {"accuracy": 9.090909090909092}, "test": {"accuracy": 9.090909090909092}}}, "5": {"0.0": {"reduction_in_attributes": 92.3076923076923, "time": 0.010365962982177734, "reduction": 13.019079685746348, "validation": {"accuracy": 91.02132435465768}, "test": {"accuracy": 20.2020202020202}}, "0.1": {"reduction_in_attributes": 92.3076923076923, "time": 0.010058879852294922, "reduction": 7.519640852974185, "validation": {"accuracy": 82.82828282828282}, "test": {"accuracy": 13.131313131313133}}, "0.2": {"reduction_in_attributes": 92.3076923076923, "time": 0.010057926177978516, "reduction": 10.213243546576878, "validation": {"accuracy": 80.58361391694724}, "test": {"accuracy": 12.121212121212121}}, "0.3": {"reduction_in_attributes": 92.3076923076923, "time": 0.009884834289550781, "reduction": 13.580246913580252, "validation": {"accuracy": 79.7979797979798}, "test": {"accuracy": 13.131313131313133}}, "0.4": {"reduction_in_attributes": 92.3076923076923, "time": 0.009771108627319336, "reduction": 24.130190796857466, "validation": {"accuracy": 66.89113355780022}, "test": {"accuracy": 10.1010101010101}}, "0.5": {"reduction_in_attributes": 92.3076923076923, "time": 0.0087432861328125, "reduction": 58.58585858585859, "validation": {"accuracy": 49.494949494949495}, "test": {"accuracy": 28.28282828282828}}, "0.6": {"reduction_in_attributes": 92.3076923076923, "time": 0.010247945785522461, "reduction": 75.19640852974186, "validation": {"accuracy": 29.180695847362514}, "test": {"accuracy": 11.11111111111111}}, "0.7": {"reduction_in_attributes": 92.3076923076923, "time": 0.008709192276000977, "reduction": 79.46127946127946, "validation": {"accuracy": 27.946127946127948}, "test": {"accuracy": 16.161616161616163}}, "0.8": {"reduction_in_attributes": 92.3076923076923, "time": 0.008566141128540039, "reduction": 97.41863075196409, "validation": {"accuracy": 13.804713804713806}, "test": {"accuracy": 15.151515151515152}}, "0.9": {"reduction_in_attributes": 92.3076923076923, "time": 0.004953145980834961, "reduction": 91.35802469135803, "validation": {"accuracy": 9.090909090909092}, "test": {"accuracy": 9.090909090909092}}, "1.0": {"reduction_in_attributes": 92.3076923076923, "time": 0.00864267349243164, "reduction": 99.88776655443323, "validation": {"accuracy": 9.090909090909092}, "test": {"accuracy": 9.090909090909092}}}, "6": {"0.0": {"reduction_in_attributes": 92.3076923076923, "time": 0.009867668151855469, "reduction": 12.008978675645343, "validation": {"accuracy": 90.12345679012346}, "test": {"accuracy": 26.262626262626267}}, "0.1": {"reduction_in_attributes": 92.3076923076923, "time": 0.00644993782043457, "reduction": 0.44893378226711356, "validation": {"accuracy": 9.31537598204265}, "test": {"accuracy": 7.07070707070707}}, "0.2": {"reduction_in_attributes": 92.3076923076923, "time": 0.010369062423706055, "reduction": 8.529741863075191, "validation": {"accuracy": 79.91021324354658}, "test": {"accuracy": 14.14141414141414}}, "0.3": {"reduction_in_attributes": 92.3076923076923, "time": 0.009930133819580078, "reduction": 22.895622895622893, "validation": {"accuracy": 86.64421997755332}, "test": {"accuracy": 23.232323232323232}}, "0.4": {"reduction_in_attributes": 92.3076923076923, "time": 0.009178876876831055, "reduction": 36.13916947250281, "validation": {"accuracy": 69.92143658810326}, "test": {"accuracy": 26.262626262626267}}, "0.5": {"reduction_in_attributes": 92.3076923076923, "time": 0.010092020034790039, "reduction": 35.24130190796857, "validation": {"accuracy": 62.96296296296296}, "test": {"accuracy": 15.151515151515152}},