{"3": {"0.0": {"reduction_in_attributes": 87.5, "time": 0.02474188804626465, "reduction": 1.4232209737827684, "validation": {"accuracy": 35.73033707865169}, "test": {"accuracy": 30.201342281879196}}, "0.1": {"reduction_in_attributes": 87.5, "time": 0.013828754425048828, "reduction": 12.434456928838955, "validation": {"accuracy": 31.235955056179776}, "test": {"accuracy": 30.87248322147651}}, "0.2": {"reduction_in_attributes": 87.5, "time": 0.025370121002197266, "reduction": 14.157303370786511, "validation": {"accuracy": 34.45692883895131}, "test": {"accuracy": 34.22818791946309}}, "0.3": {"reduction_in_attributes": 87.5, "time": 0.025393247604370117, "reduction": 12.584269662921344, "validation": {"accuracy": 32.28464419475656}, "test": {"accuracy": 28.859060402684566}}, "0.4": {"reduction_in_attributes": 87.5, "time": 0.022675275802612305, "reduction": 24.8689138576779, "validation": {"accuracy": 35.50561797752809}, "test": {"accuracy": 32.21476510067114}}, "0.5": {"reduction_in_attributes": 87.5, "time": 0.02394390106201172, "reduction": 25.318352059925097, "validation": {"accuracy": 34.38202247191011}, "test": {"accuracy": 34.22818791946309}}, "0.6": {"reduction_in_attributes": 87.5, "time": 0.021908998489379883, "reduction": 40.52434456928838, "validation": {"accuracy": 31.760299625468164}, "test": {"accuracy": 30.201342281879196}}, "0.7": {"reduction_in_attributes": 87.5, "time": 0.02117609977722168, "reduction": 40.0, "validation": {"accuracy": 32.58426966292135}, "test": {"accuracy": 31.543624161073826}}, "0.8": {"reduction_in_attributes": 87.5, "time": 0.011887073516845703, "reduction": 39.850187265917604, "validation": {"accuracy": 31.235955056179776}, "test": {"accuracy": 30.87248322147651}}, "0.9": {"reduction_in_attributes": 87.5, "time": 0.021485090255737305, "reduction": 44.8689138576779, "validation": {"accuracy": 31.38576779026217}, "test": {"accuracy": 30.87248322147651}}, "1.0": {"reduction_in_attributes": 87.5, "time": 0.020838260650634766, "reduction": 99.9250936329588, "validation": {"accuracy": 31.235955056179776}, "test": {"accuracy": 30.87248322147651}}}, "4": {"0.0": {"reduction_in_attributes": 87.5, "time": 0.024463891983032227, "reduction": 0.2996254681647992, "validation": {"accuracy": 32.13483146067416}, "test": {"accuracy": 31.543624161073826}}, "0.1": {"reduction_in_attributes": 87.5, "time": 0.024480104446411133, "reduction": 9.887640449438207, "validation": {"accuracy": 32.059925093632955}, "test": {"accuracy": 32.21476510067114}}, "0.2": {"reduction_in_attributes": 87.5, "time": 0.023324966430664062, "reduction": 12.734082397003743, "validation": {"accuracy": 32.659176029962545}, "test": {"accuracy": 28.187919463087248}}, "0.3": {"reduction_in_attributes": 87.5, "time": 0.025109052658081055, "reduction": 14.531835205992504, "validation": {"accuracy": 34.756554307116104}, "test": {"accuracy": 36.91275167785235}}, "0.4": {"reduction_in_attributes": 87.5, "time": 0.022321224212646484, "reduction": 23.74531835205993, "validation": {"accuracy": 32.58426966292135}, "test": {"accuracy": 28.187919463087248}}, "0.5": {"reduction_in_attributes": 87.5, "time": 0.023780107498168945, "reduction": 30.63670411985019, "validation": {"accuracy": 35.056179775280896}, "test": {"accuracy": 32.88590604026846}}, "0.6": {"reduction_in_attributes": 87.5, "time": 0.023089885711669922, "reduction": 41.947565543071164, "validation": {"accuracy": 34.60674157303371}, "test": {"accuracy": 36.91275167785235}}, "0.7": {"reduction_in_attributes": 87.5, "time": 0.023142099380493164, "reduction": 40.1498127340824, "validation": {"accuracy": 31.98501872659176}, "test": {"accuracy": 32.88590604026846}}, "0.8": {"reduction_in_attributes": 87.5, "time": 0.02393484115600586, "reduction": 40.0, "validation": {"accuracy": 32.13483146067416}, "test": {"accuracy": 32.21476510067114}}, "0.9": {"reduction_in_attributes": 87.5, "time": 0.021806001663208008, "reduction": 46.367041198501866, "validation": {"accuracy": 31.310861423220977}, "test": {"accuracy": 32.88590604026846}}, "1.0": {"reduction_in_attributes": 87.5, "time": 0.023945093154907227, "reduction": 99.17602996254682, "validation": {"accuracy": 31.161048689138575}, "test": {"accuracy": 31.543624161073826}}}, "5": {"0.0": {"reduction_in_attributes": 87.5, "time": 0.013913154602050781, "reduction": 0.0, "validation": {"accuracy": 31.137724550898206}, "test": {"accuracy": 31.756756756756754}}, "0.1": {"reduction_in_attributes": 87.5, "time": 0.023095130920410156, "reduction": 7.8592814371257536, "validation": {"accuracy": 34.13173652694611}, "test": {"accuracy": 28.37837837837838}}, "0.2": {"reduction_in_attributes": 87.5, "time": 0.014449119567871094, "reduction": 12.5, "validation": {"accuracy": 31.137724550898206}, "test": {"accuracy": 31.756756756756754}}, "0.3": {"reduction_in_attributes": 87.5, "time": 0.013512849807739258, "reduction": 12.5, "validation": {"accuracy": 31.2874251497006}, "test": {"accuracy": 31.756756756756754}}, "0.4": {"reduction_in_attributes": 87.5, "time": 0.023113250732421875, "reduction": 24.25149700598802, "validation": {"accuracy": 32.26047904191617}, "test": {"accuracy": 33.108108108108105}}, "0.5": {"reduction_in_attributes": 87.5, "time": 0.012840986251831055, "reduction": 23.502994011976053, "validation": {"accuracy": 31.2874251497006}, "test": {"accuracy": 31.756756756756754}}, "0.6": {"reduction_in_attributes": 87.5, "time": 0.0221102237701416, "reduction": 40.11976047904192, "validation": {"accuracy": 32.18562874251497}, "test": {"accuracy": 31.08108108108108}}, "0.7": {"reduction_in_attributes": 87.5, "time": 0.022430896759033203, "reduction": 40.26946107784431, "validation": {"accuracy": 32.035928143712574}, "test": {"accuracy": 27.7027027027027}}, "0.8": {"reduction_in_attributes": 87.5, "time": 0.02395486831665039, "reduction": 41.91616766467065, "validation": {"accuracy": 34.73053892215569}, "test": {"accuracy": 33.78378378378378}}, "0.9": {"reduction_in_attributes": 87.5, "time": 0.024127960205078125, "reduction": 48.12874251497006, "validation": {"accuracy": 31.2874251497006}, "test": {"accuracy": 33.108108108108105}}, "1.0": {"reduction_in_attributes": 87.5, "time": 0.021301984786987305, "reduction": 97.45508982035929, "validation": {"accuracy": 31.137724550898206}, "test": {"accuracy": 31.756756756756754}}}, "6": {"0.0": {"reduction_in_attributes": 87.5, "time": 0.028569936752319336, "reduction": 0.9730538922155696, "validation": {"accuracy": 34.80538922155689}, "test": {"accuracy": 41.21621621621622}}, "0.1": {"reduction_in_attributes": 87.5, "time": 0.02308797836303711, "reduction": 9.056886227544913, "validation": {"accuracy": 33.532934131736525}, "test": {"accuracy": 22.2972972972973}}, "0.2": {"reduction_in_attributes": 87.5, "time": 0.02358222007751465, "reduction": 13.47305389221557, "validation": {"accuracy": 34.58083832335329}, "test": {"accuracy": 41.21621621621622}}, "0.3": {"reduction_in_attributes": 87.5, "time": 0.027385950088500977, "reduction": 12.94910179640718, "validation": {"accuracy": 31.961077844311376}, "test": {"accuracy": 27.7027027027027}}, "0.4": {"reduction_in_attributes": 87.5, "time": 0.023965120315551758, "reduction": 23.952095808383234, "validation": {"accuracy": 32.035928143712574}, "test": {"accuracy": 29.72972972972973}}, "0.5": {"reduction_in_attributes": 87.5, "time": 0.015800952911376953, "reduction": 23.502994011976053, "validation": {"accuracy": 31.2874251497006}, "test": {"accuracy": 31.756756756756754}}, "0.6": {"reduction_in_attributes": 87.5, "time": 0.012074947357177734, "reduction": 39.97005988023952, "validation": {"accuracy": 31.137724550898206}, "test": {"accuracy": 31.756756756756754}}, "0.7": {"reduction_in_attributes": 87.5, "time": 0.02634286880493164, "reduction": 41.76646706586826, "validation": {"accuracy": 34.4311377245509}, "test": {"accuracy": 35.810810810810814}}, "0.8": {"reduction_in_attributes": 87.5, "time": 0.012635231018066406, "reduction": 39.97005988023952,