{"3": {"0.0": {"reduction_in_attributes": 97.22222222222221, "time": 0.5184571743011475, "reduction": 6.5619064064928345, "validation": {"accuracy": 50.44033845622518}, "test": {"accuracy": 20.18633540372671}}, "0.1": {"reduction_in_attributes": 97.22222222222221, "time": 0.5401721000671387, "reduction": 6.613710930754624, "validation": {"accuracy": 47.591089621826974}, "test": {"accuracy": 32.45341614906832}}, "0.2": {"reduction_in_attributes": 97.22222222222221, "time": 0.5218307971954346, "reduction": 31.652564323950962, "validation": {"accuracy": 39.820410982559146}, "test": {"accuracy": 40.21739130434783}}, "0.3": {"reduction_in_attributes": 97.22222222222221, "time": 0.5316369533538818, "reduction": 22.396822655845273, "validation": {"accuracy": 45.89880849594198}, "test": {"accuracy": 29.6583850931677}}, "0.4": {"reduction_in_attributes": 97.22222222222221, "time": 0.5245339870452881, "reduction": 27.404593334484552, "validation": {"accuracy": 41.4263512346745}, "test": {"accuracy": 30.124223602484474}}, "0.5": {"reduction_in_attributes": 97.22222222222221, "time": 0.5166280269622803, "reduction": 32.136073217060954, "validation": {"accuracy": 36.470385080297014}, "test": {"accuracy": 21.11801242236025}}, "0.6": {"reduction_in_attributes": 97.22222222222221, "time": 0.515002965927124, "reduction": 32.2224140908306, "validation": {"accuracy": 39.33690208944915}, "test": {"accuracy": 39.75155279503105}}, "0.7": {"reduction_in_attributes": 97.22222222222221, "time": 0.5170376300811768, "reduction": 33.62113624589881, "validation": {"accuracy": 48.28181661198411}, "test": {"accuracy": 22.67080745341615}}, "0.8": {"reduction_in_attributes": 97.22222222222221, "time": 0.49976587295532227, "reduction": 62.06182006561907, "validation": {"accuracy": 39.768606458297356}, "test": {"accuracy": 40.52795031055901}}, "0.9": {"reduction_in_attributes": 97.22222222222221, "time": 0.4869649410247803, "reduction": 51.63184251424624, "validation": {"accuracy": 36.90208944914522}, "test": {"accuracy": 23.75776397515528}}, "1.0": {"reduction_in_attributes": 97.22222222222221, "time": 0.45615410804748535, "reduction": 99.81005007770679, "validation": {"accuracy": 23.432913141080988}, "test": {"accuracy": 23.4472049689441}}}, "4": {"0.0": {"reduction_in_attributes": 97.22222222222221, "time": 0.5508911609649658, "reduction": 5.1631842514246244, "validation": {"accuracy": 51.44189259195303}, "test": {"accuracy": 31.211180124223603}}, "0.1": {"reduction_in_attributes": 97.22222222222221, "time": 0.5093870162963867, "reduction": 15.282334657226727, "validation": {"accuracy": 40.80469694353307}, "test": {"accuracy": 17.546583850931675}}, "0.2": {"reduction_in_attributes": 97.22222222222221, "time": 0.4953460693359375, "reduction": 29.683992402003113, "validation": {"accuracy": 49.43878432049733}, "test": {"accuracy": 10.559006211180124}}, "0.3": {"reduction_in_attributes": 97.22222222222221, "time": 0.49840497970581055, "reduction": 30.081160421343466, "validation": {"accuracy": 51.44189259195303}, "test": {"accuracy": 31.211180124223603}}, "0.4": {"reduction_in_attributes": 97.22222222222221, "time": 0.4763221740722656, "reduction": 33.53479537212917, "validation": {"accuracy": 47.64289414608876}, "test": {"accuracy": 21.11801242236025}}, "0.5": {"reduction_in_attributes": 97.22222222222221, "time": 0.4711649417877197, "reduction": 31.652564323950962, "validation": {"accuracy": 41.788982904506994}, "test": {"accuracy": 39.285714285714285}}, "0.6": {"reduction_in_attributes": 97.22222222222221, "time": 0.49463701248168945, "reduction": 32.48143671213952, "validation": {"accuracy": 37.14384389570022}, "test": {"accuracy": 21.11801242236025}}, "0.7": {"reduction_in_attributes": 97.22222222222221, "time": 0.47011494636535645, "reduction": 32.464168537385596, "validation": {"accuracy": 41.85805560352271}, "test": {"accuracy": 41.77018633540372}}, "0.8": {"reduction_in_attributes": 97.22222222222221, "time": 0.4711787700653076, "reduction": 36.91935762389915, "validation": {"accuracy": 48.04006216542911}, "test": {"accuracy": 21.11801242236025}}, "0.9": {"reduction_in_attributes": 97.22222222222221, "time": 0.444720983505249, "reduction": 66.0162320842687, "validation": {"accuracy": 41.564496632705925}, "test": {"accuracy": 41.14906832298137}}, "1.0": {"reduction_in_attributes": 97.22222222222221, "time": 0.4365091323852539, "reduction": 99.98273182524608, "validation": {"accuracy": 21.10170954930064}, "test": {"accuracy": 21.11801242236025}}}, "5": {"0.0": {"reduction_in_attributes": 97.22222222222221, "time": 0.5103862285614014, "reduction": 1.1569677085132124, "validation": {"accuracy": 39.83767915731307}, "test": {"accuracy": 29.503105590062113}}, "0.1": {"reduction_in_attributes": 97.22222222222221, "time": 0.5488419532775879, "reduction": 4.8350889310999845, "validation": {"accuracy": 51.839060611293384}, "test": {"accuracy": 30.745341614906835}}, "0.2": {"reduction_in_attributes": 97.22222222222221, "time": 0.594778299331665, "reduction": 17.579001899499225, "validation": {"accuracy": 50.73389742704196}, "test": {"accuracy": 30.434782608695656}}, "0.3": {"reduction_in_attributes": 97.22222222222221, "time": 0.6154110431671143, "reduction": 31.652564323950962, "validation": {"accuracy": 40.64928337074771}, "test": {"accuracy": 40.06211180124223}}, "0.4": {"reduction_in_attributes": 97.22222222222221, "time": 0.5605409145355225, "reduction": 31.652564323950962, "validation": {"accuracy": 42.49697806941806}, "test": {"accuracy": 38.50931677018634}}, "0.5": {"reduction_in_attributes": 97.22222222222221, "time": 0.5698339939117432, "reduction": 33.690208944914524, "validation": {"accuracy": 47.50474874805733}, "test": {"accuracy": 21.11801242236025}}, "0.6": {"reduction_in_attributes": 97.22222222222221, "time": 0.5649428367614746, "reduction": 32.27421861509239, "validation": {"accuracy": 36.48765325505094}, "test": {"accuracy": 21.11801242236025}}, "0.7": {"reduction_in_attributes": 97.22222222222221, "time": 0.5603783130645752, "reduction": 35.84873078915559, "validation": {"accuracy": 39.803142807805216}, "test": {"accuracy": 40.683229813664596}}, "0.8": {"reduction_in_attributes": 97.22222222222221, "time": 0.546057939529419, "reduction": 34.415472284579515, "validation": {"accuracy": 36.746675876359866}, "test": {"accuracy": 22.51552795031056}}, "0.9": {"reduction_in_attributes": 97.22222222222221, "time": 0.5014650821685791, "reduction": 66.94871352098085, "validation": {"accuracy": 41.13279226385771}, "test": {"accuracy": 42.391304347826086}}, "1.0": {"reduction_in_attributes": 97.22222222222221, "time": 0.471904993057251, "reduction": 99.72370920393713, "validation": {"accuracy": 23.432913141080988}, "test": {"accuracy": 23.4472049689441}}}, "6": {"0.0": {"reduction_in_attributes": 97.22222222222221, "time": 0.5549430847167969, "reduction": 5.870165745856348, "validation": {"accuracy": 49.36118784530387}, "test": {"accuracy": 18.973561430793158}}, "0.1": {"reduction_in_attributes": 97.22222222222221, "time": 0.549342155456543, "reduction": 9.288674033149169, "validation": {"accuracy": 48.89502762430939}, "test": {"accuracy": 19.12908242612753}}, "0.2": {"reduction_in_attributes": 97.22222222222221, "time": 0.5051751136779785, "reduction": 28.694751381215468, "validation": {"accuracy": 48.58425414364641}, "test": {"accuracy": 10.88646967340591}}, "0.3": {"reduction_in_attributes": 97.22222222222221, "time": 0.5111103057861328, "reduction": 26.812845303867405, "validation": {"accuracy": 51.24309392265194}, "test": {"accuracy": 32.03732503888025}}, "0.4": {"reduction_in_attributes": 97.22222222222221, "time": 0.48815107345581055, "reduction": 33.63259668508287, "validation": {"accuracy": 47.790055248618785}, "test": {"accuracy": 21.15085536547434}}, "0.5": {"reduction_in_attributes": 97.22222222222221, "time": 0.49173402786254883, "reduction": 31.647099447513817, "validation": {"accuracy": 40.36602209944751}, "test": {"accuracy": 37.01399688958009}},