{"3": {"0.0": {"time": 0.036531925201416016, "reduction": 13.258426966292136, "validation": {"accuracy": 12.808988764044942}, "test": {"accuracy": 12.751677852348994}}, "0.1": {"time": 0.028997182846069336, "reduction": 22.846441947565545, "validation": {"accuracy": 11.985018726591761}, "test": {"accuracy": 14.093959731543624}}, "0.2": {"time": 0.02921009063720703, "reduction": 25.0187265917603, "validation": {"accuracy": 11.385767790262172}, "test": {"accuracy": 12.080536912751679}}, "0.3": {"time": 0.02881908416748047, "reduction": 25.0187265917603, "validation": {"accuracy": 11.385767790262172}, "test": {"accuracy": 12.080536912751679}}, "0.4": {"time": 0.030110836029052734, "reduction": 35.2808988764045, "validation": {"accuracy": 31.61048689138577}, "test": {"accuracy": 26.845637583892618}}, "0.5": {"time": 0.031180143356323242, "reduction": 35.2808988764045, "validation": {"accuracy": 31.61048689138577}, "test": {"accuracy": 26.845637583892618}}, "0.6": {"time": 0.028027057647705078, "reduction": 50.11235955056179, "validation": {"accuracy": 31.910112359550563}, "test": {"accuracy": 30.201342281879196}}, "0.7": {"time": 0.03276181221008301, "reduction": 50.11235955056179, "validation": {"accuracy": 31.910112359550563}, "test": {"accuracy": 30.201342281879196}}, "0.8": {"time": 0.027987003326416016, "reduction": 50.11235955056179, "validation": {"accuracy": 31.910112359550563}, "test": {"accuracy": 30.201342281879196}}, "0.9": {"time": 0.027177810668945312, "reduction": 53.18352059925093, "validation": {"accuracy": 31.98501872659176}, "test": {"accuracy": 30.201342281879196}}, "1.0": {"time": 0.025881052017211914, "reduction": 99.9250936329588, "validation": {"accuracy": 31.235955056179776}, "test": {"accuracy": 30.87248322147651}}}, "4": {"0.0": {"time": 0.03034496307373047, "reduction": 13.48314606741573, "validation": {"accuracy": 17.00374531835206}, "test": {"accuracy": 17.449664429530202}}, "0.1": {"time": 0.029111146926879883, "reduction": 22.397003745318354, "validation": {"accuracy": 20.224719101123593}, "test": {"accuracy": 18.79194630872483}}, "0.2": {"time": 0.027945995330810547, "reduction": 24.794007490636705, "validation": {"accuracy": 19.176029962546817}, "test": {"accuracy": 18.120805369127517}}, "0.3": {"time": 0.028663158416748047, "reduction": 24.794007490636705, "validation": {"accuracy": 19.176029962546817}, "test": {"accuracy": 18.120805369127517}}, "0.4": {"time": 0.02813434600830078, "reduction": 34.9812734082397, "validation": {"accuracy": 28.764044943820227}, "test": {"accuracy": 26.845637583892618}}, "0.5": {"time": 0.027765989303588867, "reduction": 34.9812734082397, "validation": {"accuracy": 28.764044943820227}, "test": {"accuracy": 26.845637583892618}}, "0.6": {"time": 0.027368783950805664, "reduction": 50.2621722846442, "validation": {"accuracy": 28.98876404494382}, "test": {"accuracy": 27.516778523489933}}, "0.7": {"time": 0.02727794647216797, "reduction": 50.2621722846442, "validation": {"accuracy": 28.98876404494382}, "test": {"accuracy": 27.516778523489933}}, "0.8": {"time": 0.031887054443359375, "reduction": 50.2621722846442, "validation": {"accuracy": 28.98876404494382}, "test": {"accuracy": 27.516778523489933}}, "0.9": {"time": 0.027354001998901367, "reduction": 53.48314606741573, "validation": {"accuracy": 30.112359550561795}, "test": {"accuracy": 25.503355704697988}}, "1.0": {"time": 0.02607107162475586, "reduction": 99.9250936329588, "validation": {"accuracy": 31.161048689138575}, "test": {"accuracy": 31.543624161073826}}}, "5": {"0.0": {"time": 0.029613018035888672, "reduction": 14.371257485029943, "validation": {"accuracy": 15.943113772455089}, "test": {"accuracy": 22.2972972972973}}, "0.1": {"time": 0.028856992721557617, "reduction": 23.652694610778447, "validation": {"accuracy": 28.143712574850298}, "test": {"accuracy": 30.405405405405407}}, "0.2": {"time": 0.028809070587158203, "reduction": 25.823353293413177, "validation": {"accuracy": 28.218562874251496}, "test": {"accuracy": 30.405405405405407}}, "0.3": {"time": 0.02880573272705078, "reduction": 25.823353293413177, "validation": {"accuracy": 28.218562874251496}, "test": {"accuracy": 30.405405405405407}}, "0.4": {"time": 0.027605056762695312, "reduction": 36.07784431137725, "validation": {"accuracy": 28.218562874251496}, "test": {"accuracy": 30.405405405405407}}, "0.5": {"time": 0.02816605567932129, "reduction": 36.07784431137725, "validation": {"accuracy": 28.218562874251496}, "test": {"accuracy": 30.405405405405407}}, "0.6": {"time": 0.027438879013061523, "reduction": 50.67365269461077, "validation": {"accuracy": 28.29341317365269}, "test": {"accuracy": 30.405405405405407}}, "0.7": {"time": 0.02744317054748535, "reduction": 50.67365269461077, "validation": {"accuracy": 28.29341317365269}, "test": {"accuracy": 30.405405405405407}}, "0.8": {"time": 0.027046918869018555, "reduction": 50.67365269461077, "validation": {"accuracy": 28.29341317365269}, "test": {"accuracy": 30.405405405405407}}, "0.9": {"time": 0.026941776275634766, "reduction": 54.191616766467064, "validation": {"accuracy": 31.2125748502994}, "test": {"accuracy": 31.756756756756754}}, "1.0": {"time": 0.025473833084106445, "reduction": 99.92514970059881, "validation": {"accuracy": 31.137724550898206}, "test": {"accuracy": 31.756756756756754}}}, "6": {"0.0": {"time": 0.03035426139831543, "reduction": 12.94910179640718, "validation": {"accuracy": 20.209580838323355}, "test": {"accuracy": 21.62162162162162}}, "0.1": {"time": 0.028728961944580078, "reduction": 23.203592814371255, "validation": {"accuracy": 27.320359281437124}, "test": {"accuracy": 27.027027027027028}}, "0.2": {"time": 0.028584003448486328, "reduction": 25.0, "validation": {"accuracy": 27.320359281437124}, "test": {"accuracy": 27.027027027027028}}, "0.3": {"time": 0.028522968292236328, "reduction": 25.0, "validation": {"accuracy": 27.320359281437124}, "test": {"accuracy": 27.027027027027028}}, "0.4": {"time": 0.028289079666137695, "reduction": 35.10479041916168, "validation": {"accuracy": 27.91916167664671}, "test": {"accuracy": 27.027027027027028}}, "0.5": {"time": 0.028068065643310547, "reduction": 35.10479041916168, "validation": {"accuracy": 27.91916167664671}, "test": {"accuracy": 27.027027027027028}}, "0.6": {"time": 0.027097702026367188, "reduction": 50.67365269461077, "validation": {"accuracy": 27.91916167664671}, "test": {"accuracy": 27.7027027027027}}, "0.7": {"time": 0.027247905731201172, "reduction": 50.67365269461077, "validation": {"accuracy": 27.91916167664671}, "test": {"accuracy": 27.7027027027027}}, "0.8": {"time": 0.027031898498535156, "reduction": 50.67365269461077, "validation": {"accuracy": 27.91916167664671}, "test": {"accuracy": 27.7027027027027}}, "0.9": {"time": 0.026757001876831055, "reduction": 55.31437125748503, "validation": {"accuracy": 30.91317365269461}, "test": {"accuracy": 31.756756756756754}}, "1.0": {"time": 0.02531599998474121, "reduction": 99.92514970059881, "validation": {"accuracy": 31.137724550898206}, "test": {"accuracy": 31.756756756756754}}}, "7": {"0.0": {"time": 0.02965712547302246, "reduction": 14.595808383233532, "validation": {"accuracy": 18.562874251497004}, "test": {"accuracy": 21.62162162162162}}, "0.1": {"time": 0.02889418601989746, "reduction": 24.47604790419161, "validation": {"accuracy": 18.637724550898206}, "test": {"accuracy": 22.972972972972975}}, "0.2": {"time": 0.028677940368652344, "reduction": 26.19760479041916, "validation": {"accuracy": 18.637724550898206}, "test": {"accuracy": 22.972972972972975}}, "0.3": {"time": 0.028860807418823242, "reduction": 26.19760479041916, "validation": {"accuracy": 18.637724550898206}, "test": {"accuracy": 22.972972972972975}}, "0.4": {"time": 0.027933835983276367, "reduction": 36.82634730538922, "validation": {"accuracy": 27.245508982035926}, "test": {"accuracy": 29.054054054054053}}, "0.5": {"time": 0.028155803680419922, "reduction": 36.82634730538922, "validation": {"accuracy": 27.245508982035926},