{"3": {"0.0": {"reduction_in_attributes": 92.3076923076923, "time": 0.014051198959350586, "reduction": 6.621773288439958, "validation": {"accuracy": 85.18518518518519}, "test": {"accuracy": 16.161616161616163}}, "0.1": {"reduction_in_attributes": 92.3076923076923, "time": 0.013630151748657227, "reduction": 5.05050505050505, "validation": {"accuracy": 80.58361391694724}, "test": {"accuracy": 14.14141414141414}}, "0.2": {"reduction_in_attributes": 92.3076923076923, "time": 0.01359701156616211, "reduction": 6.846240179573515, "validation": {"accuracy": 80.47138047138047}, "test": {"accuracy": 8.080808080808081}}, "0.3": {"reduction_in_attributes": 92.3076923076923, "time": 0.012773990631103516, "reduction": 24.017957351290686, "validation": {"accuracy": 74.97194163860831}, "test": {"accuracy": 14.14141414141414}}, "0.4": {"reduction_in_attributes": 92.3076923076923, "time": 0.012599945068359375, "reduction": 29.068462401795735, "validation": {"accuracy": 83.16498316498317}, "test": {"accuracy": 14.14141414141414}}, "0.5": {"reduction_in_attributes": 92.3076923076923, "time": 0.011487960815429688, "reduction": 30.751964085297423, "validation": {"accuracy": 9.764309764309765}, "test": {"accuracy": 3.0303030303030303}}, "0.6": {"reduction_in_attributes": 92.3076923076923, "time": 0.011471271514892578, "reduction": 85.85858585858585, "validation": {"accuracy": 19.865319865319865}, "test": {"accuracy": 13.131313131313133}}, "0.7": {"reduction_in_attributes": 92.3076923076923, "time": 0.011445045471191406, "reduction": 93.49046015712682, "validation": {"accuracy": 11.335578002244668}, "test": {"accuracy": 7.07070707070707}}, "0.8": {"reduction_in_attributes": 92.3076923076923, "time": 0.011523008346557617, "reduction": 86.30751964085297, "validation": {"accuracy": 17.62065095398429}, "test": {"accuracy": 16.161616161616163}}, "0.9": {"reduction_in_attributes": 92.3076923076923, "time": 0.011394023895263672, "reduction": 95.51066217732884, "validation": {"accuracy": 12.2334455667789}, "test": {"accuracy": 12.121212121212121}}, "1.0": {"reduction_in_attributes": 92.3076923076923, "time": 0.011448144912719727, "reduction": 99.88776655443323, "validation": {"accuracy": 9.090909090909092}, "test": {"accuracy": 9.090909090909092}}}, "4": {"0.0": {"reduction_in_attributes": 92.3076923076923, "time": 0.013701200485229492, "reduction": 5.274971941638606, "validation": {"accuracy": 82.49158249158249}, "test": {"accuracy": 10.1010101010101}}, "0.1": {"reduction_in_attributes": 92.3076923076923, "time": 0.013459920883178711, "reduction": 8.080808080808078, "validation": {"accuracy": 76.5432098765432}, "test": {"accuracy": 13.131313131313133}}, "0.2": {"reduction_in_attributes": 92.3076923076923, "time": 0.010216236114501953, "reduction": 8.305274971941634, "validation": {"accuracy": 9.31537598204265}, "test": {"accuracy": 7.07070707070707}}, "0.3": {"reduction_in_attributes": 92.3076923076923, "time": 0.00984501838684082, "reduction": 16.722783389450058, "validation": {"accuracy": 9.539842873176205}, "test": {"accuracy": 5.05050505050505}}, "0.4": {"reduction_in_attributes": 92.3076923076923, "time": 0.012362003326416016, "reduction": 37.934904601571276, "validation": {"accuracy": 68.23793490460157}, "test": {"accuracy": 26.262626262626267}}, "0.5": {"reduction_in_attributes": 92.3076923076923, "time": 0.008771181106567383, "reduction": 48.9337822671156, "validation": {"accuracy": 9.31537598204265}, "test": {"accuracy": 7.07070707070707}}, "0.6": {"reduction_in_attributes": 92.3076923076923, "time": 0.011858940124511719, "reduction": 56.11672278338945, "validation": {"accuracy": 46.01571268237935}, "test": {"accuracy": 19.19191919191919}}, "0.7": {"reduction_in_attributes": 92.3076923076923, "time": 0.015575647354125977, "reduction": 91.80695847362514, "validation": {"accuracy": 18.181818181818183}, "test": {"accuracy": 18.181818181818183}}, "0.8": {"reduction_in_attributes": 92.3076923076923, "time": 0.011449813842773438, "reduction": 88.55218855218855, "validation": {"accuracy": 20.2020202020202}, "test": {"accuracy": 10.1010101010101}}, "0.9": {"reduction_in_attributes": 92.3076923076923, "time": 0.011158943176269531, "reduction": 98.20426487093154, "validation": {"accuracy": 9.090909090909092}, "test": {"accuracy": 9.090909090909092}}, "1.0": {"reduction_in_attributes": 92.3076923076923, "time": 0.010982275009155273, "reduction": 99.32659932659934, "validation": {"accuracy": 9.090909090909092}, "test": {"accuracy": 9.090909090909092}}}, "5": {"0.0": {"reduction_in_attributes": 92.3076923076923, "time": 0.013829231262207031, "reduction": 7.182940516273851, "validation": {"accuracy": 85.18518518518519}, "test": {"accuracy": 17.17171717171717}}, "0.1": {"reduction_in_attributes": 92.3076923076923, "time": 0.01396799087524414, "reduction": 4.8260381593714925, "validation": {"accuracy": 83.05274971941638}, "test": {"accuracy": 12.121212121212121}}, "0.2": {"reduction_in_attributes": 92.3076923076923, "time": 0.013773918151855469, "reduction": 9.203142536475873, "validation": {"accuracy": 83.61391694725027}, "test": {"accuracy": 17.17171717171717}}, "0.3": {"reduction_in_attributes": 92.3076923076923, "time": 0.01367497444152832, "reduction": 13.243546576879906, "validation": {"accuracy": 76.76767676767676}, "test": {"accuracy": 12.121212121212121}}, "0.4": {"reduction_in_attributes": 92.3076923076923, "time": 0.013054370880126953, "reduction": 28.170594837261508, "validation": {"accuracy": 66.44219977553311}, "test": {"accuracy": 12.121212121212121}}, "0.5": {"reduction_in_attributes": 92.3076923076923, "time": 0.012099981307983398, "reduction": 60.38159371492705, "validation": {"accuracy": 42.98540965207632}, "test": {"accuracy": 20.2020202020202}}, "0.6": {"reduction_in_attributes": 92.3076923076923, "time": 0.01151895523071289, "reduction": 76.54320987654322, "validation": {"accuracy": 27.38496071829405}, "test": {"accuracy": 6.0606060606060606}}, "0.7": {"reduction_in_attributes": 92.3076923076923, "time": 0.011913061141967773, "reduction": 77.55331088664423, "validation": {"accuracy": 30.63973063973064}, "test": {"accuracy": 14.14141414141414}}, "0.8": {"reduction_in_attributes": 92.3076923076923, "time": 0.011921882629394531, "reduction": 87.42985409652077, "validation": {"accuracy": 17.396184062850732}, "test": {"accuracy": 16.161616161616163}}, "0.9": {"reduction_in_attributes": 92.3076923076923, "time": 0.011688947677612305, "reduction": 98.76543209876543, "validation": {"accuracy": 9.090909090909092}, "test": {"accuracy": 9.090909090909092}}, "1.0": {"reduction_in_attributes": 92.3076923076923, "time": 0.011294841766357422, "reduction": 99.32659932659934, "validation": {"accuracy": 9.090909090909092}, "test": {"accuracy": 9.090909090909092}}}, "6": {"0.0": {"reduction_in_attributes": 92.3076923076923, "time": 0.013945817947387695, "reduction": 7.295173961840629, "validation": {"accuracy": 86.64421997755332}, "test": {"accuracy": 11.11111111111111}}, "0.1": {"reduction_in_attributes": 92.3076923076923, "time": 0.010513067245483398, "reduction": 8.978675645342316, "validation": {"accuracy": 9.652076318742985}, "test": {"accuracy": 4.040404040404041}}, "0.2": {"reduction_in_attributes": 92.3076923076923, "time": 0.01332712173461914, "reduction": 6.846240179573515, "validation": {"accuracy": 9.652076318742985}, "test": {"accuracy": 4.040404040404041}}, "0.3": {"reduction_in_attributes": 92.3076923076923, "time": 0.013787269592285156, "reduction": 12.570145903479235, "validation": {"accuracy": 79.7979797979798}, "test": {"accuracy": 14.14141414141414}}, "0.4": {"reduction_in_attributes": 92.3076923076923, "time": 0.012995004653930664, "reduction": 29.180695847362514, "validation": {"accuracy": 83.72615039281706}, "test": {"accuracy": 25.252525252525253}}, "0.5": {"reduction_in_attributes": 92.3076923076923, "time": 0.012349128723144531, "reduction": 49.60718294051627, "validation": {"accuracy": 49.607182940516275}, "test": {"accuracy": 13.131313131313133}},