{"3": {"0.0": {"reduction_in_attributes": 66.66666666666667, "time": 0.0022230148315429688, "reduction": 1.0282776349614386, "validation": {"accuracy": 80.20565552699229}, "test": {"accuracy": 79.06976744186046}}, "0.1": {"reduction_in_attributes": 66.66666666666667, "time": 0.0027167797088623047, "reduction": 20.565552699228796, "validation": {"accuracy": 80.20565552699229}, "test": {"accuracy": 79.06976744186046}}, "0.2": {"reduction_in_attributes": 66.66666666666667, "time": 0.0020499229431152344, "reduction": 20.565552699228796, "validation": {"accuracy": 80.20565552699229}, "test": {"accuracy": 79.06976744186046}}, "0.3": {"reduction_in_attributes": 66.66666666666667, "time": 0.0020873546600341797, "reduction": 20.565552699228796, "validation": {"accuracy": 80.20565552699229}, "test": {"accuracy": 79.06976744186046}}, "0.4": {"reduction_in_attributes": 66.66666666666667, "time": 0.002067089080810547, "reduction": 20.565552699228796, "validation": {"accuracy": 80.20565552699229}, "test": {"accuracy": 79.06976744186046}}, "0.5": {"reduction_in_attributes": 66.66666666666667, "time": 0.0020799636840820312, "reduction": 21.850899742930597, "validation": {"accuracy": 80.20565552699229}, "test": {"accuracy": 79.06976744186046}}, "0.6": {"reduction_in_attributes": 66.66666666666667, "time": 0.0020399093627929688, "reduction": 22.107969151670947, "validation": {"accuracy": 80.20565552699229}, "test": {"accuracy": 79.06976744186046}}, "0.7": {"reduction_in_attributes": 66.66666666666667, "time": 0.002020120620727539, "reduction": 22.107969151670947, "validation": {"accuracy": 80.20565552699229}, "test": {"accuracy": 79.06976744186046}}, "0.8": {"reduction_in_attributes": 66.66666666666667, "time": 0.0020978450775146484, "reduction": 22.107969151670947, "validation": {"accuracy": 80.20565552699229}, "test": {"accuracy": 79.06976744186046}}, "0.9": {"reduction_in_attributes": 66.66666666666667, "time": 0.002034902572631836, "reduction": 22.107969151670947, "validation": {"accuracy": 80.20565552699229}, "test": {"accuracy": 79.06976744186046}}, "1.0": {"reduction_in_attributes": 66.66666666666667, "time": 0.0018117427825927734, "reduction": 71.46529562982005, "validation": {"accuracy": 47.30077120822622}, "test": {"accuracy": 46.51162790697674}}}, "4": {"0.0": {"reduction_in_attributes": 66.66666666666667, "time": 0.0022420883178710938, "reduction": 1.285347043701801, "validation": {"accuracy": 81.49100257069408}, "test": {"accuracy": 72.09302325581395}}, "0.1": {"reduction_in_attributes": 66.66666666666667, "time": 0.0020532608032226562, "reduction": 19.537275064267355, "validation": {"accuracy": 81.49100257069408}, "test": {"accuracy": 72.09302325581395}}, "0.2": {"reduction_in_attributes": 66.66666666666667, "time": 0.0020847320556640625, "reduction": 19.537275064267355, "validation": {"accuracy": 81.49100257069408}, "test": {"accuracy": 72.09302325581395}}, "0.3": {"reduction_in_attributes": 66.66666666666667, "time": 0.002051115036010742, "reduction": 19.537275064267355, "validation": {"accuracy": 81.49100257069408}, "test": {"accuracy": 72.09302325581395}}, "0.4": {"reduction_in_attributes": 66.66666666666667, "time": 0.002051115036010742, "reduction": 19.537275064267355, "validation": {"accuracy": 81.49100257069408}, "test": {"accuracy": 72.09302325581395}}, "0.5": {"reduction_in_attributes": 66.66666666666667, "time": 0.0020799636840820312, "reduction": 21.07969151670951, "validation": {"accuracy": 81.49100257069408}, "test": {"accuracy": 72.09302325581395}}, "0.6": {"reduction_in_attributes": 66.66666666666667, "time": 0.0020122528076171875, "reduction": 21.336760925449873, "validation": {"accuracy": 81.49100257069408}, "test": {"accuracy": 72.09302325581395}}, "0.7": {"reduction_in_attributes": 66.66666666666667, "time": 0.002039194107055664, "reduction": 21.336760925449873, "validation": {"accuracy": 81.49100257069408}, "test": {"accuracy": 72.09302325581395}}, "0.8": {"reduction_in_attributes": 66.66666666666667, "time": 0.0020301342010498047, "reduction": 21.336760925449873, "validation": {"accuracy": 81.49100257069408}, "test": {"accuracy": 72.09302325581395}}, "0.9": {"reduction_in_attributes": 66.66666666666667, "time": 0.00203704833984375, "reduction": 21.336760925449873, "validation": {"accuracy": 81.49100257069408}, "test": {"accuracy": 72.09302325581395}}, "1.0": {"reduction_in_attributes": 66.66666666666667, "time": 0.0019338130950927734, "reduction": 70.95115681233933, "validation": {"accuracy": 47.30077120822622}, "test": {"accuracy": 46.51162790697674}}}, "5": {"0.0": {"reduction_in_attributes": 66.66666666666667, "time": 0.0021359920501708984, "reduction": 1.285347043701801, "validation": {"accuracy": 81.49100257069408}, "test": {"accuracy": 74.4186046511628}}, "0.1": {"reduction_in_attributes": 66.66666666666667, "time": 0.0021028518676757812, "reduction": 19.537275064267355, "validation": {"accuracy": 81.49100257069408}, "test": {"accuracy": 74.4186046511628}}, "0.2": {"reduction_in_attributes": 66.66666666666667, "time": 0.0020551681518554688, "reduction": 19.537275064267355, "validation": {"accuracy": 81.49100257069408}, "test": {"accuracy": 74.4186046511628}}, "0.3": {"reduction_in_attributes": 66.66666666666667, "time": 0.002051115036010742, "reduction": 19.537275064267355, "validation": {"accuracy": 81.49100257069408}, "test": {"accuracy": 74.4186046511628}}, "0.4": {"reduction_in_attributes": 66.66666666666667, "time": 0.0021550655364990234, "reduction": 19.537275064267355, "validation": {"accuracy": 81.49100257069408}, "test": {"accuracy": 74.4186046511628}}, "0.5": {"reduction_in_attributes": 66.66666666666667, "time": 0.0020189285278320312, "reduction": 21.07969151670951, "validation": {"accuracy": 81.49100257069408}, "test": {"accuracy": 74.4186046511628}}, "0.6": {"reduction_in_attributes": 66.66666666666667, "time": 0.0021228790283203125, "reduction": 21.336760925449873, "validation": {"accuracy": 81.49100257069408}, "test": {"accuracy": 74.4186046511628}}, "0.7": {"reduction_in_attributes": 66.66666666666667, "time": 0.0020608901977539062, "reduction": 21.336760925449873, "validation": {"accuracy": 81.49100257069408}, "test": {"accuracy": 74.4186046511628}}, "0.8": {"reduction_in_attributes": 66.66666666666667, "time": 0.002029895782470703, "reduction": 21.336760925449873, "validation": {"accuracy": 81.49100257069408}, "test": {"accuracy": 74.4186046511628}}, "0.9": {"reduction_in_attributes": 66.66666666666667, "time": 0.001992940902709961, "reduction": 21.336760925449873, "validation": {"accuracy": 81.49100257069408}, "test": {"accuracy": 74.4186046511628}}, "1.0": {"reduction_in_attributes": 66.66666666666667, "time": 0.0017778873443603516, "reduction": 70.95115681233933, "validation": {"accuracy": 47.30077120822622}, "test": {"accuracy": 46.51162790697674}}}, "6": {"0.0": {"reduction_in_attributes": 66.66666666666667, "time": 0.0022101402282714844, "reduction": 1.285347043701801, "validation": {"accuracy": 80.97686375321337}, "test": {"accuracy": 86.04651162790698}}, "0.1": {"reduction_in_attributes": 66.66666666666667, "time": 0.0021202564239501953, "reduction": 19.79434447300771, "validation": {"accuracy": 80.97686375321337}, "test": {"accuracy": 86.04651162790698}}, "0.2": {"reduction_in_attributes": 66.66666666666667, "time": 0.002100229263305664, "reduction": 19.79434447300771, "validation": {"accuracy": 80.97686375321337}, "test": {"accuracy": 86.04651162790698}}, "0.3": {"reduction_in_attributes": 66.66666666666667, "time": 0.002087116241455078, "reduction": 19.79434447300771, "validation": {"accuracy": 80.97686375321337}, "test": {"accuracy": 86.04651162790698}}, "0.4": {"reduction_in_attributes": 66.66666666666667, "time": 0.00209808349609375, "reduction": 19.79434447300771, "validation": {"accuracy": 80.97686375321337}, "test": {"accuracy": 86.04651162790698}}, "0.5": {"reduction_in_attributes": 66.66666666666667, "time": 0.0020551681518554688, "reduction": 21.07969151670951,