{"3": {"0.0": {"reduction_in_attributes": 75.0, "time": 0.0005781650543212891, "reduction": 6.944444444444442, "validation": {"accuracy": 56.25}, "test": {"accuracy": 87.5}}, "0.1": {"reduction_in_attributes": 75.0, "time": 0.00057220458984375, "reduction": 16.666666666666664, "validation": {"accuracy": 56.25}, "test": {"accuracy": 87.5}}, "0.2": {"reduction_in_attributes": 75.0, "time": 0.0006418228149414062, "reduction": 18.75, "validation": {"accuracy": 60.416666666666664}, "test": {"accuracy": 37.5}}, "0.3": {"reduction_in_attributes": 75.0, "time": 0.000560760498046875, "reduction": 18.75, "validation": {"accuracy": 56.25}, "test": {"accuracy": 87.5}}, "0.4": {"reduction_in_attributes": 75.0, "time": 0.0008440017700195312, "reduction": 19.444444444444443, "validation": {"accuracy": 52.083333333333336}, "test": {"accuracy": 31.25}}, "0.5": {"reduction_in_attributes": 75.0, "time": 0.0009281635284423828, "reduction": 19.444444444444443, "validation": {"accuracy": 52.77777777777778}, "test": {"accuracy": 50.0}}, "0.6": {"reduction_in_attributes": 75.0, "time": 0.0007970333099365234, "reduction": 19.444444444444443, "validation": {"accuracy": 52.083333333333336}, "test": {"accuracy": 31.25}}, "0.7": {"reduction_in_attributes": 75.0, "time": 0.0008718967437744141, "reduction": 19.444444444444443, "validation": {"accuracy": 43.05555555555556}, "test": {"accuracy": 18.75}}, "0.8": {"reduction_in_attributes": 75.0, "time": 0.001363992691040039, "reduction": 19.444444444444443, "validation": {"accuracy": 43.05555555555556}, "test": {"accuracy": 18.75}}, "0.9": {"reduction_in_attributes": 75.0, "time": 0.0004899501800537109, "reduction": 51.388888888888886, "validation": {"accuracy": 48.61111111111111}, "test": {"accuracy": 75.0}}, "1.0": {"reduction_in_attributes": 75.0, "time": 0.0005807876586914062, "reduction": 77.77777777777779, "validation": {"accuracy": 40.27777777777778}, "test": {"accuracy": 43.75}}}, "4": {"0.0": {"reduction_in_attributes": 75.0, "time": 0.0005609989166259766, "reduction": 7.638888888888884, "validation": {"accuracy": 56.94444444444444}, "test": {"accuracy": 68.75}}, "0.1": {"reduction_in_attributes": 75.0, "time": 0.0005877017974853516, "reduction": 15.972222222222221, "validation": {"accuracy": 58.333333333333336}, "test": {"accuracy": 68.75}}, "0.2": {"reduction_in_attributes": 75.0, "time": 0.0005738735198974609, "reduction": 18.75, "validation": {"accuracy": 61.111111111111114}, "test": {"accuracy": 56.25}}, "0.3": {"reduction_in_attributes": 75.0, "time": 0.0005257129669189453, "reduction": 18.75, "validation": {"accuracy": 56.94444444444444}, "test": {"accuracy": 68.75}}, "0.4": {"reduction_in_attributes": 75.0, "time": 0.0005140304565429688, "reduction": 19.444444444444443, "validation": {"accuracy": 53.47222222222222}, "test": {"accuracy": 43.75}}, "0.5": {"reduction_in_attributes": 75.0, "time": 0.0005061626434326172, "reduction": 19.444444444444443, "validation": {"accuracy": 40.97222222222222}, "test": {"accuracy": 37.5}}, "0.6": {"reduction_in_attributes": 75.0, "time": 0.00047516822814941406, "reduction": 19.444444444444443, "validation": {"accuracy": 40.97222222222222}, "test": {"accuracy": 37.5}}, "0.7": {"reduction_in_attributes": 75.0, "time": 0.0005030632019042969, "reduction": 19.444444444444443, "validation": {"accuracy": 40.97222222222222}, "test": {"accuracy": 37.5}}, "0.8": {"reduction_in_attributes": 75.0, "time": 0.00047087669372558594, "reduction": 19.444444444444443, "validation": {"accuracy": 50.69444444444444}, "test": {"accuracy": 56.25}}, "0.9": {"reduction_in_attributes": 75.0, "time": 0.0008540153503417969, "reduction": 46.52777777777778, "validation": {"accuracy": 53.47222222222222}, "test": {"accuracy": 43.75}}, "1.0": {"reduction_in_attributes": 75.0, "time": 0.0007631778717041016, "reduction": 78.47222222222221, "validation": {"accuracy": 40.27777777777778}, "test": {"accuracy": 37.5}}}, "5": {"0.0": {"reduction_in_attributes": 75.0, "time": 0.0008130073547363281, "reduction": 0.0, "validation": {"accuracy": 40.97222222222222}, "test": {"accuracy": 37.5}}, "0.1": {"reduction_in_attributes": 75.0, "time": 0.0005600452423095703, "reduction": 13.194444444444443, "validation": {"accuracy": 40.97222222222222}, "test": {"accuracy": 37.5}}, "0.2": {"reduction_in_attributes": 75.0, "time": 0.0006527900695800781, "reduction": 19.444444444444443, "validation": {"accuracy": 40.97222222222222}, "test": {"accuracy": 37.5}}, "0.3": {"reduction_in_attributes": 75.0, "time": 0.0005869865417480469, "reduction": 18.75, "validation": {"accuracy": 61.111111111111114}, "test": {"accuracy": 25.0}}, "0.4": {"reduction_in_attributes": 75.0, "time": 0.0005190372467041016, "reduction": 19.444444444444443, "validation": {"accuracy": 49.30555555555556}, "test": {"accuracy": 81.25}}, "0.5": {"reduction_in_attributes": 75.0, "time": 0.0005769729614257812, "reduction": 19.444444444444443, "validation": {"accuracy": 40.97222222222222}, "test": {"accuracy": 37.5}}, "0.6": {"reduction_in_attributes": 75.0, "time": 0.000537872314453125, "reduction": 19.444444444444443, "validation": {"accuracy": 52.083333333333336}, "test": {"accuracy": 31.25}}, "0.7": {"reduction_in_attributes": 75.0, "time": 0.0005109310150146484, "reduction": 19.444444444444443, "validation": {"accuracy": 52.083333333333336}, "test": {"accuracy": 43.75}}, "0.8": {"reduction_in_attributes": 75.0, "time": 0.000762939453125, "reduction": 19.444444444444443, "validation": {"accuracy": 49.30555555555556}, "test": {"accuracy": 81.25}}, "0.9": {"reduction_in_attributes": 75.0, "time": 0.000614166259765625, "reduction": 50.69444444444444, "validation": {"accuracy": 49.30555555555556}, "test": {"accuracy": 81.25}}, "1.0": {"reduction_in_attributes": 75.0, "time": 0.0008232593536376953, "reduction": 77.77777777777779, "validation": {"accuracy": 40.27777777777778}, "test": {"accuracy": 43.75}}}, "6": {"0.0": {"reduction_in_attributes": 75.0, "time": 0.0011682510375976562, "reduction": 7.638888888888884, "validation": {"accuracy": 60.416666666666664}, "test": {"accuracy": 62.5}}, "0.1": {"reduction_in_attributes": 75.0, "time": 0.0005838871002197266, "reduction": 19.444444444444443, "validation": {"accuracy": 43.05555555555556}, "test": {"accuracy": 12.5}}, "0.2": {"reduction_in_attributes": 75.0, "time": 0.00048804283142089844, "reduction": 18.75, "validation": {"accuracy": 59.72222222222222}, "test": {"accuracy": 56.25}}, "0.3": {"reduction_in_attributes": 75.0, "time": 0.0005691051483154297, "reduction": 18.75, "validation": {"accuracy": 59.72222222222222}, "test": {"accuracy": 56.25}}, "0.4": {"reduction_in_attributes": 75.0, "time": 0.0005261898040771484, "reduction": 19.444444444444443, "validation": {"accuracy": 43.05555555555556}, "test": {"accuracy": 12.5}}, "0.5": {"reduction_in_attributes": 75.0, "time": 0.0005021095275878906, "reduction": 19.444444444444443, "validation": {"accuracy": 49.30555555555556}, "test": {"accuracy": 56.25}}, "0.6": {"reduction_in_attributes": 75.0, "time": 0.0005559921264648438, "reduction": 19.444444444444443, "validation": {"accuracy": 52.083333333333336}, "test": {"accuracy": 56.25}}, "0.7": {"reduction_in_attributes": 75.0, "time": 0.0004730224609375, "reduction": 19.444444444444443, "validation": {"accuracy": 51.388888888888886}, "test": {"accuracy": 50.0}}, "0.8": {"reduction_in_attributes": 75.0, "time": 0.0005471706390380859, "reduction": 19.444444444444443, "validation": {"accuracy": 43.05555555555556}, "test": {"accuracy": 12.5}}, "0.9": {"reduction_in_attributes": 75.0, "time": 0.0004611015319824219, "reduction": 57.638888888888886, "validation": {"accuracy": 49.30555555555556}, "test": {"accuracy": 56.25}}, "1.0": {"reduction_in_attributes": 75.0, "time": 0.0004482269287109375, "reduction": 78.47222222222221, "validation": {"accuracy": 40.97222222222222}, "test": {"accuracy": 37.5}}}, "7": {"0.0": {"reduction_in_attributes": 75.0, "time": 0.0007638931274414062, "reduction": 6.944444444444442,