{"3": {"0.0": {"reduction_in_attributes": 85.71428571428572, "time": 0.00409698486328125, "reduction": 0.0, "validation": {"accuracy": 19.77777777777778}, "test": {"accuracy": 20.0}}, "0.1": {"reduction_in_attributes": 85.71428571428572, "time": 0.0026559829711914062, "reduction": 1.7777777777777781, "validation": {"accuracy": 20.666666666666668}, "test": {"accuracy": 22.0}}, "0.2": {"reduction_in_attributes": 85.71428571428572, "time": 0.0032842159271240234, "reduction": 4.444444444444439, "validation": {"accuracy": 20.666666666666668}, "test": {"accuracy": 22.0}}, "0.3": {"reduction_in_attributes": 85.71428571428572, "time": 0.002716064453125, "reduction": 9.777777777777775, "validation": {"accuracy": 20.22222222222222}, "test": {"accuracy": 22.0}}, "0.4": {"reduction_in_attributes": 85.71428571428572, "time": 0.002599000930786133, "reduction": 16.888888888888886, "validation": {"accuracy": 20.666666666666668}, "test": {"accuracy": 22.0}}, "0.5": {"reduction_in_attributes": 85.71428571428572, "time": 0.0024099349975585938, "reduction": 51.11111111111111, "validation": {"accuracy": 20.666666666666668}, "test": {"accuracy": 22.0}}, "0.6": {"reduction_in_attributes": 85.71428571428572, "time": 0.002142190933227539, "reduction": 90.0, "validation": {"accuracy": 10.444444444444445}, "test": {"accuracy": 10.0}}, "0.7": {"reduction_in_attributes": 85.71428571428572, "time": 0.0023849010467529297, "reduction": 71.11111111111111, "validation": {"accuracy": 11.333333333333332}, "test": {"accuracy": 12.0}}, "0.8": {"reduction_in_attributes": 85.71428571428572, "time": 0.0023751258850097656, "reduction": 89.77777777777777, "validation": {"accuracy": 11.333333333333332}, "test": {"accuracy": 12.0}}, "0.9": {"reduction_in_attributes": 85.71428571428572, "time": 0.002107858657836914, "reduction": 79.33333333333333, "validation": {"accuracy": 11.333333333333332}, "test": {"accuracy": 12.0}}, "1.0": {"reduction_in_attributes": 85.71428571428572, "time": 0.002498149871826172, "reduction": 89.77777777777777, "validation": {"accuracy": 11.333333333333332}, "test": {"accuracy": 12.0}}}, "4": {"0.0": {"reduction_in_attributes": 85.71428571428572, "time": 0.0025568008422851562, "reduction": 0.0, "validation": {"accuracy": 20.444444444444446}, "test": {"accuracy": 20.0}}, "0.1": {"reduction_in_attributes": 85.71428571428572, "time": 0.0025861263275146484, "reduction": 1.3333333333333308, "validation": {"accuracy": 19.555555555555557}, "test": {"accuracy": 22.0}}, "0.2": {"reduction_in_attributes": 85.71428571428572, "time": 0.0021979808807373047, "reduction": 1.7777777777777781, "validation": {"accuracy": 19.77777777777778}, "test": {"accuracy": 20.0}}, "0.3": {"reduction_in_attributes": 85.71428571428572, "time": 0.0025980472564697266, "reduction": 8.888888888888891, "validation": {"accuracy": 20.88888888888889}, "test": {"accuracy": 20.0}}, "0.4": {"reduction_in_attributes": 85.71428571428572, "time": 0.0027501583099365234, "reduction": 15.555555555555555, "validation": {"accuracy": 20.666666666666668}, "test": {"accuracy": 22.0}}, "0.5": {"reduction_in_attributes": 85.71428571428572, "time": 0.00267791748046875, "reduction": 18.88888888888889, "validation": {"accuracy": 20.444444444444446}, "test": {"accuracy": 20.0}}, "0.6": {"reduction_in_attributes": 85.71428571428572, "time": 0.002543926239013672, "reduction": 90.0, "validation": {"accuracy": 10.444444444444445}, "test": {"accuracy": 10.0}}, "0.7": {"reduction_in_attributes": 85.71428571428572, "time": 0.0022699832916259766, "reduction": 80.44444444444444, "validation": {"accuracy": 11.333333333333332}, "test": {"accuracy": 12.0}}, "0.8": {"reduction_in_attributes": 85.71428571428572, "time": 0.002376079559326172, "reduction": 80.44444444444444, "validation": {"accuracy": 11.333333333333332}, "test": {"accuracy": 12.0}}, "0.9": {"reduction_in_attributes": 85.71428571428572, "time": 0.002337932586669922, "reduction": 79.55555555555556, "validation": {"accuracy": 11.333333333333332}, "test": {"accuracy": 12.0}}, "1.0": {"reduction_in_attributes": 85.71428571428572, "time": 0.002046823501586914, "reduction": 90.0, "validation": {"accuracy": 10.444444444444445}, "test": {"accuracy": 10.0}}}, "5": {"0.0": {"reduction_in_attributes": 85.71428571428572, "time": 0.0026459693908691406, "reduction": 0.0, "validation": {"accuracy": 20.0}, "test": {"accuracy": 18.0}}, "0.1": {"reduction_in_attributes": 85.71428571428572, "time": 0.0029120445251464844, "reduction": 2.2222222222222254, "validation": {"accuracy": 20.22222222222222}, "test": {"accuracy": 22.0}}, "0.2": {"reduction_in_attributes": 85.71428571428572, "time": 0.0031108856201171875, "reduction": 5.777777777777782, "validation": {"accuracy": 20.22222222222222}, "test": {"accuracy": 22.0}}, "0.3": {"reduction_in_attributes": 85.71428571428572, "time": 0.00286102294921875, "reduction": 9.777777777777775, "validation": {"accuracy": 20.22222222222222}, "test": {"accuracy": 22.0}}, "0.4": {"reduction_in_attributes": 85.71428571428572, "time": 0.0022580623626708984, "reduction": 24.444444444444446, "validation": {"accuracy": 20.666666666666668}, "test": {"accuracy": 22.0}}, "0.5": {"reduction_in_attributes": 85.71428571428572, "time": 0.0023088455200195312, "reduction": 27.333333333333332, "validation": {"accuracy": 20.0}, "test": {"accuracy": 24.0}}, "0.6": {"reduction_in_attributes": 85.71428571428572, "time": 0.002766132354736328, "reduction": 16.44444444444444, "validation": {"accuracy": 20.22222222222222}, "test": {"accuracy": 22.0}}, "0.7": {"reduction_in_attributes": 85.71428571428572, "time": 0.0025360584259033203, "reduction": 80.66666666666666, "validation": {"accuracy": 11.333333333333332}, "test": {"accuracy": 12.0}}, "0.8": {"reduction_in_attributes": 85.71428571428572, "time": 0.0022170543670654297, "reduction": 79.77777777777779, "validation": {"accuracy": 11.333333333333332}, "test": {"accuracy": 12.0}}, "0.9": {"reduction_in_attributes": 85.71428571428572, "time": 0.00234222412109375, "reduction": 89.77777777777777, "validation": {"accuracy": 10.444444444444445}, "test": {"accuracy": 10.0}}, "1.0": {"reduction_in_attributes": 85.71428571428572, "time": 0.002073049545288086, "reduction": 89.77777777777777, "validation": {"accuracy": 11.333333333333332}, "test": {"accuracy": 12.0}}}, "6": {"0.0": {"reduction_in_attributes": 85.71428571428572, "time": 0.0031921863555908203, "reduction": 0.0, "validation": {"accuracy": 20.88888888888889}, "test": {"accuracy": 20.0}}, "0.1": {"reduction_in_attributes": 85.71428571428572, "time": 0.0028879642486572266, "reduction": 0.22222222222222365, "validation": {"accuracy": 20.666666666666668}, "test": {"accuracy": 22.0}}, "0.2": {"reduction_in_attributes": 85.71428571428572, "time": 0.002833127975463867, "reduction": 2.6666666666666616, "validation": {"accuracy": 20.22222222222222}, "test": {"accuracy": 22.0}}, "0.3": {"reduction_in_attributes": 85.71428571428572, "time": 0.0024671554565429688, "reduction": 9.333333333333337, "validation": {"accuracy": 20.666666666666668}, "test": {"accuracy": 18.0}}, "0.4": {"reduction_in_attributes": 85.71428571428572, "time": 0.0024111270904541016, "reduction": 9.333333333333337, "validation": {"accuracy": 21.11111111111111}, "test": {"accuracy": 20.0}}, "0.5": {"reduction_in_attributes": 85.71428571428572, "time": 0.002058267593383789, "reduction": 51.11111111111111, "validation": {"accuracy": 20.88888888888889}, "test": {"accuracy": 20.0}}, "0.6": {"reduction_in_attributes": 85.71428571428572, "time": 0.002905130386352539, "reduction": 24.66666666666667, "validation": {"accuracy": 20.666666666666668}, "test": {"accuracy": 22.0}}, "0.7": {"reduction_in_attributes": 85.71428571428572, "time": 0.0028839111328125, "reduction": 81.77777777777777, "validation": {"accuracy": 10.444444444444445}, "test": {"accuracy": 10.0}}, "0.8": {"reduction_in_attributes": 85.71428571428572, "time": 0.002496957778930664, "reduction": 90.0, "validation": {"accuracy": 10.444444444444445},