{"3": {"0.0": {"reduction_in_attributes": 87.5, "time": 0.019476890563964844, "reduction": 0.0, "validation": {"accuracy": 31.235955056179776}, "test": {"accuracy": 30.87248322147651}}, "0.1": {"reduction_in_attributes": 87.5, "time": 0.017504215240478516, "reduction": 8.98876404494382, "validation": {"accuracy": 31.310861423220977}, "test": {"accuracy": 31.543624161073826}}, "0.2": {"reduction_in_attributes": 87.5, "time": 0.01694798469543457, "reduction": 12.434456928838955, "validation": {"accuracy": 31.235955056179776}, "test": {"accuracy": 30.87248322147651}}, "0.3": {"reduction_in_attributes": 87.5, "time": 0.01694202423095703, "reduction": 12.434456928838955, "validation": {"accuracy": 31.310861423220977}, "test": {"accuracy": 31.543624161073826}}, "0.4": {"reduction_in_attributes": 87.5, "time": 0.029035091400146484, "reduction": 24.71910112359551, "validation": {"accuracy": 34.831460674157306}, "test": {"accuracy": 36.91275167785235}}, "0.5": {"reduction_in_attributes": 87.5, "time": 0.016422271728515625, "reduction": 23.44569288389513, "validation": {"accuracy": 31.310861423220977}, "test": {"accuracy": 31.543624161073826}}, "0.6": {"reduction_in_attributes": 87.5, "time": 0.028460979461669922, "reduction": 40.37453183520599, "validation": {"accuracy": 31.835205992509362}, "test": {"accuracy": 28.859060402684566}}, "0.7": {"reduction_in_attributes": 87.5, "time": 0.028619766235351562, "reduction": 40.0, "validation": {"accuracy": 32.13483146067416}, "test": {"accuracy": 32.88590604026846}}, "0.8": {"reduction_in_attributes": 87.5, "time": 0.028550148010253906, "reduction": 40.1498127340824, "validation": {"accuracy": 31.98501872659176}, "test": {"accuracy": 28.859060402684566}}, "0.9": {"reduction_in_attributes": 87.5, "time": 0.028254985809326172, "reduction": 57.60299625468165, "validation": {"accuracy": 34.157303370786515}, "test": {"accuracy": 38.92617449664429}}, "1.0": {"reduction_in_attributes": 87.5, "time": 0.025994062423706055, "reduction": 98.57677902621724, "validation": {"accuracy": 31.235955056179776}, "test": {"accuracy": 30.87248322147651}}}, "4": {"0.0": {"reduction_in_attributes": 87.5, "time": 0.030603885650634766, "reduction": 1.2734082397003799, "validation": {"accuracy": 34.9812734082397}, "test": {"accuracy": 39.59731543624161}}, "0.1": {"reduction_in_attributes": 87.5, "time": 0.0307619571685791, "reduction": 9.662921348314601, "validation": {"accuracy": 31.98501872659176}, "test": {"accuracy": 28.859060402684566}}, "0.2": {"reduction_in_attributes": 87.5, "time": 0.017096996307373047, "reduction": 12.434456928838955, "validation": {"accuracy": 31.310861423220977}, "test": {"accuracy": 31.543624161073826}}, "0.3": {"reduction_in_attributes": 87.5, "time": 0.029872894287109375, "reduction": 13.707865168539325, "validation": {"accuracy": 34.756554307116104}, "test": {"accuracy": 39.59731543624161}}, "0.4": {"reduction_in_attributes": 87.5, "time": 0.016742944717407227, "reduction": 23.44569288389513, "validation": {"accuracy": 31.161048689138575}, "test": {"accuracy": 31.543624161073826}}, "0.5": {"reduction_in_attributes": 87.5, "time": 0.028983116149902344, "reduction": 25.767790262172284, "validation": {"accuracy": 32.13483146067416}, "test": {"accuracy": 28.187919463087248}}, "0.6": {"reduction_in_attributes": 87.5, "time": 0.015340089797973633, "reduction": 39.850187265917604, "validation": {"accuracy": 31.161048689138575}, "test": {"accuracy": 31.543624161073826}}, "0.7": {"reduction_in_attributes": 87.5, "time": 0.02838921546936035, "reduction": 40.44943820224719, "validation": {"accuracy": 32.059925093632955}, "test": {"accuracy": 28.859060402684566}}, "0.8": {"reduction_in_attributes": 87.5, "time": 0.0285491943359375, "reduction": 40.44943820224719, "validation": {"accuracy": 32.059925093632955}, "test": {"accuracy": 28.859060402684566}}, "0.9": {"reduction_in_attributes": 87.5, "time": 0.028356313705444336, "reduction": 43.59550561797752, "validation": {"accuracy": 31.310861423220977}, "test": {"accuracy": 31.543624161073826}}, "1.0": {"reduction_in_attributes": 87.5, "time": 0.026747941970825195, "reduction": 99.9250936329588, "validation": {"accuracy": 31.161048689138575}, "test": {"accuracy": 31.543624161073826}}}, "5": {"0.0": {"reduction_in_attributes": 87.5, "time": 0.01808786392211914, "reduction": 0.0, "validation": {"accuracy": 31.137724550898206}, "test": {"accuracy": 31.756756756756754}}, "0.1": {"reduction_in_attributes": 87.5, "time": 0.030167102813720703, "reduction": 11.452095808383234, "validation": {"accuracy": 36.00299401197605}, "test": {"accuracy": 31.756756756756754}}, "0.2": {"reduction_in_attributes": 87.5, "time": 0.030270814895629883, "reduction": 12.94910179640718, "validation": {"accuracy": 31.961077844311376}, "test": {"accuracy": 20.945945945945947}}, "0.3": {"reduction_in_attributes": 87.5, "time": 0.030026912689208984, "reduction": 13.622754491017963, "validation": {"accuracy": 35.92814371257485}, "test": {"accuracy": 31.756756756756754}}, "0.4": {"reduction_in_attributes": 87.5, "time": 0.03007674217224121, "reduction": 25.22455089820359, "validation": {"accuracy": 34.206586826347305}, "test": {"accuracy": 36.486486486486484}}, "0.5": {"reduction_in_attributes": 87.5, "time": 0.029979944229125977, "reduction": 25.374251497005986, "validation": {"accuracy": 34.206586826347305}, "test": {"accuracy": 36.486486486486484}}, "0.6": {"reduction_in_attributes": 87.5, "time": 0.02828502655029297, "reduction": 40.11976047904192, "validation": {"accuracy": 31.886227544910177}, "test": {"accuracy": 29.054054054054053}}, "0.7": {"reduction_in_attributes": 87.5, "time": 0.024907827377319336, "reduction": 39.97005988023952, "validation": {"accuracy": 31.137724550898206}, "test": {"accuracy": 31.756756756756754}}, "0.8": {"reduction_in_attributes": 87.5, "time": 0.028270959854125977, "reduction": 40.11976047904192, "validation": {"accuracy": 31.886227544910177}, "test": {"accuracy": 29.054054054054053}}, "0.9": {"reduction_in_attributes": 87.5, "time": 0.02863907814025879, "reduction": 40.41916167664671, "validation": {"accuracy": 31.811377245508982}, "test": {"accuracy": 30.405405405405407}}, "1.0": {"reduction_in_attributes": 87.5, "time": 0.013989925384521484, "reduction": 68.937125748503, "validation": {"accuracy": 31.137724550898206}, "test": {"accuracy": 31.756756756756754}}}, "6": {"0.0": {"reduction_in_attributes": 87.5, "time": 0.01780390739440918, "reduction": 0.0, "validation": {"accuracy": 31.2874251497006}, "test": {"accuracy": 31.756756756756754}}, "0.1": {"reduction_in_attributes": 87.5, "time": 0.017248868942260742, "reduction": 12.5, "validation": {"accuracy": 31.2874251497006}, "test": {"accuracy": 31.756756756756754}}, "0.2": {"reduction_in_attributes": 87.5, "time": 0.030173778533935547, "reduction": 12.874251497005984, "validation": {"accuracy": 32.035928143712574}, "test": {"accuracy": 33.108108108108105}}, "0.3": {"reduction_in_attributes": 87.5, "time": 0.029980897903442383, "reduction": 13.398203592814372, "validation": {"accuracy": 35.47904191616767}, "test": {"accuracy": 31.756756756756754}}, "0.4": {"reduction_in_attributes": 87.5, "time": 0.02881789207458496, "reduction": 23.727544910179642, "validation": {"accuracy": 32.41017964071856}, "test": {"accuracy": 29.054054054054053}}, "0.5": {"reduction_in_attributes": 87.5, "time": 0.016278982162475586, "reduction": 23.502994011976053, "validation": {"accuracy": 31.2874251497006}, "test": {"accuracy": 31.756756756756754}}, "0.6": {"reduction_in_attributes": 87.5, "time": 0.028367042541503906, "reduction": 40.19461077844312, "validation": {"accuracy": 32.11077844311377}, "test": {"accuracy": 29.054054054054053}}, "0.7": {"reduction_in_attributes": 87.5, "time": 0.0279080867767334, "reduction": 40.49401197604791, "validation": {"accuracy": 31.886227544910177}, "test": {"accuracy": 31.756756756756754}}, "0.8": {"reduction_in_attributes": 87.5, "time": 0.015234947204589844, "reduction": 39.97005988023952,