{"3": {"0.0": {"reduction_in_attributes": 53.84615384615385, "time": 0.0009493827819824219, "reduction": 70.0, "validation": {"accuracy": 66.875}, "test": {"accuracy": 38.88888888888889}}, "0.1": {"reduction_in_attributes": 53.84615384615385, "time": 0.0006949901580810547, "reduction": 85.625, "validation": {"accuracy": 70.0}, "test": {"accuracy": 44.44444444444444}}, "0.2": {"reduction_in_attributes": 53.84615384615385, "time": 0.0007109642028808594, "reduction": 87.5, "validation": {"accuracy": 70.0}, "test": {"accuracy": 44.44444444444444}}, "0.3": {"reduction_in_attributes": 53.84615384615385, "time": 0.0006990432739257812, "reduction": 89.375, "validation": {"accuracy": 68.125}, "test": {"accuracy": 44.44444444444444}}, "0.4": {"reduction_in_attributes": 53.84615384615385, "time": 0.0006897449493408203, "reduction": 91.25, "validation": {"accuracy": 68.125}, "test": {"accuracy": 44.44444444444444}}, "0.5": {"reduction_in_attributes": 53.84615384615385, "time": 0.0007128715515136719, "reduction": 93.75, "validation": {"accuracy": 68.125}, "test": {"accuracy": 44.44444444444444}}, "0.6": {"reduction_in_attributes": 53.84615384615385, "time": 0.0006821155548095703, "reduction": 98.75, "validation": {"accuracy": 66.875}, "test": {"accuracy": 44.44444444444444}}, "0.7": {"reduction_in_attributes": 53.84615384615385, "time": 0.0006690025329589844, "reduction": 99.375, "validation": {"accuracy": 40.0}, "test": {"accuracy": 38.88888888888889}}, "0.8": {"reduction_in_attributes": 53.84615384615385, "time": 0.0007090568542480469, "reduction": 99.375, "validation": {"accuracy": 40.0}, "test": {"accuracy": 38.88888888888889}}, "0.9": {"reduction_in_attributes": 53.84615384615385, "time": 0.0007328987121582031, "reduction": 99.375, "validation": {"accuracy": 40.0}, "test": {"accuracy": 38.88888888888889}}, "1.0": {"reduction_in_attributes": 53.84615384615385, "time": 0.0006759166717529297, "reduction": 99.375, "validation": {"accuracy": 40.0}, "test": {"accuracy": 38.88888888888889}}}, "4": {"0.0": {"reduction_in_attributes": 61.53846153846154, "time": 0.0006940364837646484, "reduction": 66.25, "validation": {"accuracy": 59.375}, "test": {"accuracy": 61.111111111111114}}, "0.1": {"reduction_in_attributes": 61.53846153846154, "time": 0.0006883144378662109, "reduction": 69.375, "validation": {"accuracy": 59.375}, "test": {"accuracy": 61.111111111111114}}, "0.2": {"reduction_in_attributes": 61.53846153846154, "time": 0.0006577968597412109, "reduction": 83.125, "validation": {"accuracy": 68.75}, "test": {"accuracy": 61.111111111111114}}, "0.3": {"reduction_in_attributes": 61.53846153846154, "time": 0.0006730556488037109, "reduction": 83.75, "validation": {"accuracy": 68.75}, "test": {"accuracy": 61.111111111111114}}, "0.4": {"reduction_in_attributes": 61.53846153846154, "time": 0.0006642341613769531, "reduction": 85.625, "validation": {"accuracy": 68.75}, "test": {"accuracy": 61.111111111111114}}, "0.5": {"reduction_in_attributes": 61.53846153846154, "time": 0.0006310939788818359, "reduction": 89.375, "validation": {"accuracy": 68.75}, "test": {"accuracy": 61.111111111111114}}, "0.6": {"reduction_in_attributes": 61.53846153846154, "time": 0.0005970001220703125, "reduction": 94.375, "validation": {"accuracy": 68.75}, "test": {"accuracy": 61.111111111111114}}, "0.7": {"reduction_in_attributes": 61.53846153846154, "time": 0.0005948543548583984, "reduction": 98.125, "validation": {"accuracy": 40.0}, "test": {"accuracy": 38.88888888888889}}, "0.8": {"reduction_in_attributes": 61.53846153846154, "time": 0.0006680488586425781, "reduction": 98.75, "validation": {"accuracy": 40.0}, "test": {"accuracy": 38.88888888888889}}, "0.9": {"reduction_in_attributes": 61.53846153846154, "time": 0.0006771087646484375, "reduction": 98.75, "validation": {"accuracy": 40.0}, "test": {"accuracy": 38.88888888888889}}, "1.0": {"reduction_in_attributes": 61.53846153846154, "time": 0.0006670951843261719, "reduction": 99.375, "validation": {"accuracy": 40.0}, "test": {"accuracy": 38.88888888888889}}}, "5": {"0.0": {"reduction_in_attributes": 53.84615384615385, "time": 0.0007238388061523438, "reduction": 62.5, "validation": {"accuracy": 68.125}, "test": {"accuracy": 44.44444444444444}}, "0.1": {"reduction_in_attributes": 53.84615384615385, "time": 0.0007121562957763672, "reduction": 70.625, "validation": {"accuracy": 68.125}, "test": {"accuracy": 44.44444444444444}}, "0.2": {"reduction_in_attributes": 53.84615384615385, "time": 0.0006899833679199219, "reduction": 81.875, "validation": {"accuracy": 69.375}, "test": {"accuracy": 44.44444444444444}}, "0.3": {"reduction_in_attributes": 53.84615384615385, "time": 0.0006928443908691406, "reduction": 83.75, "validation": {"accuracy": 68.125}, "test": {"accuracy": 44.44444444444444}}, "0.4": {"reduction_in_attributes": 53.84615384615385, "time": 0.0007071495056152344, "reduction": 88.125, "validation": {"accuracy": 68.125}, "test": {"accuracy": 44.44444444444444}}, "0.5": {"reduction_in_attributes": 53.84615384615385, "time": 0.0006940364837646484, "reduction": 93.75, "validation": {"accuracy": 68.75}, "test": {"accuracy": 44.44444444444444}}, "0.6": {"reduction_in_attributes": 53.84615384615385, "time": 0.0006761550903320312, "reduction": 96.875, "validation": {"accuracy": 68.75}, "test": {"accuracy": 44.44444444444444}}, "0.7": {"reduction_in_attributes": 53.84615384615385, "time": 0.0006783008575439453, "reduction": 98.75, "validation": {"accuracy": 40.0}, "test": {"accuracy": 38.88888888888889}}, "0.8": {"reduction_in_attributes": 53.84615384615385, "time": 0.0006778240203857422, "reduction": 99.375, "validation": {"accuracy": 40.0}, "test": {"accuracy": 38.88888888888889}}, "0.9": {"reduction_in_attributes": 53.84615384615385, "time": 0.0006561279296875, "reduction": 99.375, "validation": {"accuracy": 40.0}, "test": {"accuracy": 38.88888888888889}}, "1.0": {"reduction_in_attributes": 53.84615384615385, "time": 0.00067901611328125, "reduction": 99.375, "validation": {"accuracy": 40.0}, "test": {"accuracy": 38.88888888888889}}}, "6": {"0.0": {"reduction_in_attributes": 53.84615384615385, "time": 0.0007221698760986328, "reduction": 63.125, "validation": {"accuracy": 66.875}, "test": {"accuracy": 44.44444444444444}}, "0.1": {"reduction_in_attributes": 53.84615384615385, "time": 0.000701904296875, "reduction": 65.625, "validation": {"accuracy": 68.125}, "test": {"accuracy": 44.44444444444444}}, "0.2": {"reduction_in_attributes": 53.84615384615385, "time": 0.0006730556488037109, "reduction": 83.75, "validation": {"accuracy": 68.125}, "test": {"accuracy": 44.44444444444444}}, "0.3": {"reduction_in_attributes": 53.84615384615385, "time": 0.0006439685821533203, "reduction": 85.0, "validation": {"accuracy": 68.125}, "test": {"accuracy": 44.44444444444444}}, "0.4": {"reduction_in_attributes": 53.84615384615385, "time": 0.0007059574127197266, "reduction": 88.75, "validation": {"accuracy": 68.125}, "test": {"accuracy": 44.44444444444444}}, "0.5": {"reduction_in_attributes": 53.84615384615385, "time": 0.0007081031799316406, "reduction": 92.5, "validation": {"accuracy": 68.125}, "test": {"accuracy": 44.44444444444444}}, "0.6": {"reduction_in_attributes": 53.84615384615385, "time": 0.0006830692291259766, "reduction": 94.375, "validation": {"accuracy": 68.125}, "test": {"accuracy": 44.44444444444444}}, "0.7": {"reduction_in_attributes": 53.84615384615385, "time": 0.0006890296936035156, "reduction": 99.375, "validation": {"accuracy": 40.0}, "test": {"accuracy": 38.88888888888889}}, "0.8": {"reduction_in_attributes": 53.84615384615385, "time": 0.0006811618804931641, "reduction": 99.375, "validation": {"accuracy": 40.0}, "test": {"accuracy": 38.88888888888889}}, "0.9": {"reduction_in_attributes": 53.84615384615385, "time": 0.0006740093231201172, "reduction": 99.375, "validation": {"accuracy": 40.0}, "test": {"accuracy": 38.88888888888889}}, "1.0": {"reduction_in_attributes": 53.84615384615385, "time": 0.0006809234619140625, "reduction": 99.375,