{"3": {"0.0": {"time": 0.00042128562927246094, "reduction": 80.0, "validation": {"accuracy": 54.736842105263165}, "test": {"accuracy": 81.81818181818183}}, "0.1": {"time": 0.0003879070281982422, "reduction": 90.52631578947368, "validation": {"accuracy": 80.0}, "test": {"accuracy": 81.81818181818183}}, "0.2": {"time": 0.0004169940948486328, "reduction": 90.52631578947368, "validation": {"accuracy": 80.0}, "test": {"accuracy": 81.81818181818183}}, "0.3": {"time": 0.00039386749267578125, "reduction": 90.52631578947368, "validation": {"accuracy": 80.0}, "test": {"accuracy": 81.81818181818183}}, "0.4": {"time": 0.00038313865661621094, "reduction": 90.52631578947368, "validation": {"accuracy": 80.0}, "test": {"accuracy": 81.81818181818183}}, "0.5": {"time": 0.00037288665771484375, "reduction": 90.52631578947368, "validation": {"accuracy": 80.0}, "test": {"accuracy": 81.81818181818183}}, "0.6": {"time": 0.00037288665771484375, "reduction": 90.52631578947368, "validation": {"accuracy": 80.0}, "test": {"accuracy": 81.81818181818183}}, "0.7": {"time": 0.0007340908050537109, "reduction": 90.52631578947368, "validation": {"accuracy": 80.0}, "test": {"accuracy": 81.81818181818183}}, "0.8": {"time": 0.0007081031799316406, "reduction": 90.52631578947368, "validation": {"accuracy": 80.0}, "test": {"accuracy": 81.81818181818183}}, "0.9": {"time": 0.0007143020629882812, "reduction": 90.52631578947368, "validation": {"accuracy": 80.0}, "test": {"accuracy": 81.81818181818183}}, "1.0": {"time": 0.0004551410675048828, "reduction": 98.94736842105263, "validation": {"accuracy": 80.0}, "test": {"accuracy": 81.81818181818183}}}, "4": {"0.0": {"time": 0.00045990943908691406, "reduction": 78.94736842105263, "validation": {"accuracy": 37.89473684210527}, "test": {"accuracy": 81.81818181818183}}, "0.1": {"time": 0.0004520416259765625, "reduction": 91.57894736842105, "validation": {"accuracy": 80.0}, "test": {"accuracy": 81.81818181818183}}, "0.2": {"time": 0.0005347728729248047, "reduction": 91.57894736842105, "validation": {"accuracy": 80.0}, "test": {"accuracy": 81.81818181818183}}, "0.3": {"time": 0.0003788471221923828, "reduction": 91.57894736842105, "validation": {"accuracy": 80.0}, "test": {"accuracy": 81.81818181818183}}, "0.4": {"time": 0.00036787986755371094, "reduction": 91.57894736842105, "validation": {"accuracy": 80.0}, "test": {"accuracy": 81.81818181818183}}, "0.5": {"time": 0.0003681182861328125, "reduction": 91.57894736842105, "validation": {"accuracy": 80.0}, "test": {"accuracy": 81.81818181818183}}, "0.6": {"time": 0.00036406517028808594, "reduction": 91.57894736842105, "validation": {"accuracy": 80.0}, "test": {"accuracy": 81.81818181818183}}, "0.7": {"time": 0.00036597251892089844, "reduction": 91.57894736842105, "validation": {"accuracy": 80.0}, "test": {"accuracy": 81.81818181818183}}, "0.8": {"time": 0.00036787986755371094, "reduction": 91.57894736842105, "validation": {"accuracy": 80.0}, "test": {"accuracy": 81.81818181818183}}, "0.9": {"time": 0.00036716461181640625, "reduction": 91.57894736842105, "validation": {"accuracy": 80.0}, "test": {"accuracy": 81.81818181818183}}, "1.0": {"time": 0.0003638267517089844, "reduction": 98.94736842105263, "validation": {"accuracy": 80.0}, "test": {"accuracy": 81.81818181818183}}}, "5": {"0.0": {"time": 0.00037407875061035156, "reduction": 85.26315789473684, "validation": {"accuracy": 75.78947368421053}, "test": {"accuracy": 90.9090909090909}}, "0.1": {"time": 0.0003662109375, "reduction": 95.78947368421052, "validation": {"accuracy": 80.0}, "test": {"accuracy": 81.81818181818183}}, "0.2": {"time": 0.00036406517028808594, "reduction": 95.78947368421052, "validation": {"accuracy": 80.0}, "test": {"accuracy": 81.81818181818183}}, "0.3": {"time": 0.0003540515899658203, "reduction": 95.78947368421052, "validation": {"accuracy": 80.0}, "test": {"accuracy": 81.81818181818183}}, "0.4": {"time": 0.000354766845703125, "reduction": 95.78947368421052, "validation": {"accuracy": 80.0}, "test": {"accuracy": 81.81818181818183}}, "0.5": {"time": 0.0008499622344970703, "reduction": 95.78947368421052, "validation": {"accuracy": 80.0}, "test": {"accuracy": 81.81818181818183}}, "0.6": {"time": 0.0009019374847412109, "reduction": 95.78947368421052, "validation": {"accuracy": 80.0}, "test": {"accuracy": 81.81818181818183}}, "0.7": {"time": 0.0009391307830810547, "reduction": 95.78947368421052, "validation": {"accuracy": 80.0}, "test": {"accuracy": 81.81818181818183}}, "0.8": {"time": 0.0004200935363769531, "reduction": 95.78947368421052, "validation": {"accuracy": 80.0}, "test": {"accuracy": 81.81818181818183}}, "0.9": {"time": 0.0003829002380371094, "reduction": 95.78947368421052, "validation": {"accuracy": 80.0}, "test": {"accuracy": 81.81818181818183}}, "1.0": {"time": 0.0003619194030761719, "reduction": 98.94736842105263, "validation": {"accuracy": 80.0}, "test": {"accuracy": 81.81818181818183}}}, "6": {"0.0": {"time": 0.00037097930908203125, "reduction": 83.15789473684211, "validation": {"accuracy": 38.94736842105263}, "test": {"accuracy": 81.81818181818183}}, "0.1": {"time": 0.0003650188446044922, "reduction": 94.73684210526316, "validation": {"accuracy": 80.0}, "test": {"accuracy": 81.81818181818183}}, "0.2": {"time": 0.0003688335418701172, "reduction": 94.73684210526316, "validation": {"accuracy": 80.0}, "test": {"accuracy": 81.81818181818183}}, "0.3": {"time": 0.00036597251892089844, "reduction": 94.73684210526316, "validation": {"accuracy": 80.0}, "test": {"accuracy": 81.81818181818183}}, "0.4": {"time": 0.00036907196044921875, "reduction": 94.73684210526316, "validation": {"accuracy": 80.0}, "test": {"accuracy": 81.81818181818183}}, "0.5": {"time": 0.0003662109375, "reduction": 94.73684210526316, "validation": {"accuracy": 80.0}, "test": {"accuracy": 81.81818181818183}}, "0.6": {"time": 0.00036525726318359375, "reduction": 94.73684210526316, "validation": {"accuracy": 80.0}, "test": {"accuracy": 81.81818181818183}}, "0.7": {"time": 0.00036406517028808594, "reduction": 94.73684210526316, "validation": {"accuracy": 80.0}, "test": {"accuracy": 81.81818181818183}}, "0.8": {"time": 0.0003669261932373047, "reduction": 94.73684210526316, "validation": {"accuracy": 80.0}, "test": {"accuracy": 81.81818181818183}}, "0.9": {"time": 0.0003662109375, "reduction": 94.73684210526316, "validation": {"accuracy": 80.0}, "test": {"accuracy": 81.81818181818183}}, "1.0": {"time": 0.0003609657287597656, "reduction": 98.94736842105263, "validation": {"accuracy": 80.0}, "test": {"accuracy": 81.81818181818183}}}, "7": {"0.0": {"time": 0.00037288665771484375, "reduction": 87.5, "validation": {"accuracy": 94.79166666666666}, "test": {"accuracy": 80.0}}, "0.1": {"time": 0.0003719329833984375, "reduction": 91.66666666666666, "validation": {"accuracy": 94.79166666666666}, "test": {"accuracy": 80.0}}, "0.2": {"time": 0.00036978721618652344, "reduction": 92.70833333333334, "validation": {"accuracy": 80.20833333333334}, "test": {"accuracy": 80.0}}, "0.3": {"time": 0.0003719329833984375, "reduction": 92.70833333333334, "validation": {"accuracy": 80.20833333333334}, "test": {"accuracy": 80.0}}, "0.4": {"time": 0.0003731250762939453, "reduction": 92.70833333333334, "validation": {"accuracy": 80.20833333333334}, "test": {"accuracy": 80.0}}, "0.5": {"time": 0.00037670135498046875, "reduction": 92.70833333333334, "validation": {"accuracy": 80.20833333333334}, "test": {"accuracy": 80.0}}, "0.6": {"time": 0.0003590583801269531, "reduction": 92.70833333333334, "validation": {"accuracy": 80.20833333333334}, "test": {"accuracy": 80.0}}, "0.7": {"time": 0.00035881996154785156, "reduction": 92.70833333333334, "validation": {"accuracy": 80.20833333333334}, "test": {"accuracy": 80.0}}, "0.8": {"time": 0.0003619194030761719, "reduction": 92.70833333333334, "validation": {"accuracy": 80.20833333333334}, "test": {"accuracy": 80.0}}, "0.9": {"time": 0.0003600120544433594, "reduction": 92.70833333333334, "validation": {"accuracy": 80.20833333333334},