{"3": {"0.0": {"reduction_in_attributes": 69.6969696969697, "time": 0.0026061534881591797, "reduction": 15.506329113924055, "validation": {"accuracy": 69.30379746835443}, "test": {"accuracy": 65.71428571428571}}, "0.1": {"reduction_in_attributes": 69.6969696969697, "time": 0.002488851547241211, "reduction": 30.696202531645568, "validation": {"accuracy": 69.62025316455697}, "test": {"accuracy": 65.71428571428571}}, "0.2": {"reduction_in_attributes": 69.6969696969697, "time": 0.0024383068084716797, "reduction": 43.0379746835443, "validation": {"accuracy": 71.20253164556962}, "test": {"accuracy": 71.42857142857143}}, "0.3": {"reduction_in_attributes": 69.6969696969697, "time": 0.002402067184448242, "reduction": 45.88607594936709, "validation": {"accuracy": 63.92405063291139}, "test": {"accuracy": 65.71428571428571}}, "0.4": {"reduction_in_attributes": 69.6969696969697, "time": 0.002468109130859375, "reduction": 45.88607594936709, "validation": {"accuracy": 63.92405063291139}, "test": {"accuracy": 65.71428571428571}}, "0.5": {"reduction_in_attributes": 69.6969696969697, "time": 0.0024149417877197266, "reduction": 45.88607594936709, "validation": {"accuracy": 63.92405063291139}, "test": {"accuracy": 65.71428571428571}}, "0.6": {"reduction_in_attributes": 69.6969696969697, "time": 0.002418994903564453, "reduction": 45.88607594936709, "validation": {"accuracy": 63.92405063291139}, "test": {"accuracy": 65.71428571428571}}, "0.7": {"reduction_in_attributes": 69.6969696969697, "time": 0.0024750232696533203, "reduction": 45.88607594936709, "validation": {"accuracy": 63.92405063291139}, "test": {"accuracy": 65.71428571428571}}, "0.8": {"reduction_in_attributes": 69.6969696969697, "time": 0.002413034439086914, "reduction": 46.20253164556962, "validation": {"accuracy": 63.92405063291139}, "test": {"accuracy": 65.71428571428571}}, "0.9": {"reduction_in_attributes": 69.6969696969697, "time": 0.0024499893188476562, "reduction": 53.79746835443038, "validation": {"accuracy": 63.92405063291139}, "test": {"accuracy": 65.71428571428571}}, "1.0": {"reduction_in_attributes": 69.6969696969697, "time": 0.0022318363189697266, "reduction": 65.50632911392404, "validation": {"accuracy": 63.92405063291139}, "test": {"accuracy": 65.71428571428571}}}, "4": {"0.0": {"reduction_in_attributes": 69.6969696969697, "time": 0.002554178237915039, "reduction": 16.77215189873418, "validation": {"accuracy": 71.20253164556962}, "test": {"accuracy": 68.57142857142857}}, "0.1": {"reduction_in_attributes": 69.6969696969697, "time": 0.0024881362915039062, "reduction": 30.063291139240512, "validation": {"accuracy": 71.20253164556962}, "test": {"accuracy": 68.57142857142857}}, "0.2": {"reduction_in_attributes": 69.6969696969697, "time": 0.0024378299713134766, "reduction": 39.87341772151899, "validation": {"accuracy": 71.20253164556962}, "test": {"accuracy": 68.57142857142857}}, "0.3": {"reduction_in_attributes": 69.6969696969697, "time": 0.0024290084838867188, "reduction": 43.35443037974683, "validation": {"accuracy": 64.87341772151899}, "test": {"accuracy": 65.71428571428571}}, "0.4": {"reduction_in_attributes": 69.6969696969697, "time": 0.002437114715576172, "reduction": 43.67088607594937, "validation": {"accuracy": 63.92405063291139}, "test": {"accuracy": 65.71428571428571}}, "0.5": {"reduction_in_attributes": 69.6969696969697, "time": 0.0024089813232421875, "reduction": 43.67088607594937, "validation": {"accuracy": 63.92405063291139}, "test": {"accuracy": 65.71428571428571}}, "0.6": {"reduction_in_attributes": 69.6969696969697, "time": 0.002418041229248047, "reduction": 43.67088607594937, "validation": {"accuracy": 63.92405063291139}, "test": {"accuracy": 65.71428571428571}}, "0.7": {"reduction_in_attributes": 69.6969696969697, "time": 0.0024330615997314453, "reduction": 43.67088607594937, "validation": {"accuracy": 63.92405063291139}, "test": {"accuracy": 65.71428571428571}}, "0.8": {"reduction_in_attributes": 69.6969696969697, "time": 0.0023691654205322266, "reduction": 44.30379746835443, "validation": {"accuracy": 63.92405063291139}, "test": {"accuracy": 65.71428571428571}}, "0.9": {"reduction_in_attributes": 69.6969696969697, "time": 0.002317190170288086, "reduction": 52.21518987341772, "validation": {"accuracy": 63.92405063291139}, "test": {"accuracy": 65.71428571428571}}, "1.0": {"reduction_in_attributes": 69.6969696969697, "time": 0.0021829605102539062, "reduction": 63.9240506329114, "validation": {"accuracy": 63.92405063291139}, "test": {"accuracy": 65.71428571428571}}}, "5": {"0.0": {"reduction_in_attributes": 66.66666666666667, "time": 0.002618074417114258, "reduction": 16.455696202531644, "validation": {"accuracy": 42.405063291139236}, "test": {"accuracy": 57.14285714285714}}, "0.1": {"reduction_in_attributes": 66.66666666666667, "time": 0.0025649070739746094, "reduction": 30.379746835443033, "validation": {"accuracy": 42.405063291139236}, "test": {"accuracy": 57.14285714285714}}, "0.2": {"reduction_in_attributes": 66.66666666666667, "time": 0.0024781227111816406, "reduction": 41.13924050632911, "validation": {"accuracy": 73.41772151898735}, "test": {"accuracy": 77.14285714285715}}, "0.3": {"reduction_in_attributes": 66.66666666666667, "time": 0.002458810806274414, "reduction": 43.35443037974683, "validation": {"accuracy": 63.92405063291139}, "test": {"accuracy": 65.71428571428571}}, "0.4": {"reduction_in_attributes": 66.66666666666667, "time": 0.0024671554565429688, "reduction": 43.35443037974683, "validation": {"accuracy": 63.92405063291139}, "test": {"accuracy": 65.71428571428571}}, "0.5": {"reduction_in_attributes": 66.66666666666667, "time": 0.002473115921020508, "reduction": 43.35443037974683, "validation": {"accuracy": 63.92405063291139}, "test": {"accuracy": 65.71428571428571}}, "0.6": {"reduction_in_attributes": 66.66666666666667, "time": 0.0024611949920654297, "reduction": 43.35443037974683, "validation": {"accuracy": 63.92405063291139}, "test": {"accuracy": 65.71428571428571}}, "0.7": {"reduction_in_attributes": 66.66666666666667, "time": 0.002460956573486328, "reduction": 43.35443037974683, "validation": {"accuracy": 63.92405063291139}, "test": {"accuracy": 65.71428571428571}}, "0.8": {"reduction_in_attributes": 66.66666666666667, "time": 0.0024530887603759766, "reduction": 43.35443037974683, "validation": {"accuracy": 63.92405063291139}, "test": {"accuracy": 65.71428571428571}}, "0.9": {"reduction_in_attributes": 66.66666666666667, "time": 0.002332925796508789, "reduction": 55.37974683544304, "validation": {"accuracy": 63.92405063291139}, "test": {"accuracy": 65.71428571428571}}, "1.0": {"reduction_in_attributes": 66.66666666666667, "time": 0.0022499561309814453, "reduction": 64.55696202531645, "validation": {"accuracy": 63.92405063291139}, "test": {"accuracy": 65.71428571428571}}}, "6": {"0.0": {"reduction_in_attributes": 66.66666666666667, "time": 0.002624988555908203, "reduction": 11.708860759493668, "validation": {"accuracy": 65.82278481012658}, "test": {"accuracy": 62.857142857142854}}, "0.1": {"reduction_in_attributes": 66.66666666666667, "time": 0.0025148391723632812, "reduction": 27.531645569620256, "validation": {"accuracy": 65.82278481012658}, "test": {"accuracy": 62.857142857142854}}, "0.2": {"reduction_in_attributes": 66.66666666666667, "time": 0.002469778060913086, "reduction": 36.07594936708861, "validation": {"accuracy": 68.9873417721519}, "test": {"accuracy": 65.71428571428571}}, "0.3": {"reduction_in_attributes": 66.66666666666667, "time": 0.0024569034576416016, "reduction": 40.18987341772152, "validation": {"accuracy": 64.24050632911393}, "test": {"accuracy": 62.857142857142854}}, "0.4": {"reduction_in_attributes": 66.66666666666667, "time": 0.002476215362548828, "reduction": 40.18987341772152, "validation": {"accuracy": 64.24050632911393}, "test": {"accuracy": 62.857142857142854}}, "0.5": {"reduction_in_attributes": 66.66666666666667, "time": 0.002463817596435547, "reduction": 40.18987341772152, "validation": {"accuracy": 64.24050632911393},