{"3": {"0.0": {"time": 0.0012230873107910156, "reduction": 2.0576131687242816, "validation": {"accuracy": 55.144032921810705}, "test": {"accuracy": 55.55555555555556}}, "0.1": {"time": 0.0009930133819580078, "reduction": 46.09053497942387, "validation": {"accuracy": 55.55555555555556}, "test": {"accuracy": 55.55555555555556}}, "0.2": {"time": 0.001264333724975586, "reduction": 46.09053497942387, "validation": {"accuracy": 55.55555555555556}, "test": {"accuracy": 55.55555555555556}}, "0.3": {"time": 0.0015418529510498047, "reduction": 46.09053497942387, "validation": {"accuracy": 55.55555555555556}, "test": {"accuracy": 55.55555555555556}}, "0.4": {"time": 0.0016350746154785156, "reduction": 46.09053497942387, "validation": {"accuracy": 55.55555555555556}, "test": {"accuracy": 55.55555555555556}}, "0.5": {"time": 0.0012969970703125, "reduction": 46.09053497942387, "validation": {"accuracy": 55.55555555555556}, "test": {"accuracy": 55.55555555555556}}, "0.6": {"time": 0.0013740062713623047, "reduction": 46.09053497942387, "validation": {"accuracy": 55.55555555555556}, "test": {"accuracy": 55.55555555555556}}, "0.7": {"time": 0.0013179779052734375, "reduction": 46.09053497942387, "validation": {"accuracy": 55.55555555555556}, "test": {"accuracy": 55.55555555555556}}, "0.8": {"time": 0.001336812973022461, "reduction": 46.09053497942387, "validation": {"accuracy": 55.55555555555556}, "test": {"accuracy": 55.55555555555556}}, "0.9": {"time": 0.0012497901916503906, "reduction": 46.09053497942387, "validation": {"accuracy": 55.55555555555556}, "test": {"accuracy": 55.55555555555556}}, "1.0": {"time": 0.0011439323425292969, "reduction": 99.58847736625515, "validation": {"accuracy": 55.55555555555556}, "test": {"accuracy": 55.55555555555556}}}, "4": {"0.0": {"time": 0.0014257431030273438, "reduction": 1.6460905349794275, "validation": {"accuracy": 54.73251028806584}, "test": {"accuracy": 59.25925925925925}}, "0.1": {"time": 0.0014810562133789062, "reduction": 3.292181069958844, "validation": {"accuracy": 55.55555555555556}, "test": {"accuracy": 55.55555555555556}}, "0.2": {"time": 0.0015022754669189453, "reduction": 46.09053497942387, "validation": {"accuracy": 55.55555555555556}, "test": {"accuracy": 55.55555555555556}}, "0.3": {"time": 0.0013720989227294922, "reduction": 46.09053497942387, "validation": {"accuracy": 55.55555555555556}, "test": {"accuracy": 55.55555555555556}}, "0.4": {"time": 0.00131988525390625, "reduction": 46.09053497942387, "validation": {"accuracy": 55.55555555555556}, "test": {"accuracy": 55.55555555555556}}, "0.5": {"time": 0.0013840198516845703, "reduction": 46.09053497942387, "validation": {"accuracy": 55.55555555555556}, "test": {"accuracy": 55.55555555555556}}, "0.6": {"time": 0.0013039112091064453, "reduction": 46.09053497942387, "validation": {"accuracy": 55.55555555555556}, "test": {"accuracy": 55.55555555555556}}, "0.7": {"time": 0.0013010501861572266, "reduction": 46.09053497942387, "validation": {"accuracy": 55.55555555555556}, "test": {"accuracy": 55.55555555555556}}, "0.8": {"time": 0.0014338493347167969, "reduction": 46.09053497942387, "validation": {"accuracy": 55.55555555555556}, "test": {"accuracy": 55.55555555555556}}, "0.9": {"time": 0.001148223876953125, "reduction": 95.06172839506173, "validation": {"accuracy": 55.55555555555556}, "test": {"accuracy": 55.55555555555556}}, "1.0": {"time": 0.001168966293334961, "reduction": 99.58847736625515, "validation": {"accuracy": 55.55555555555556}, "test": {"accuracy": 55.55555555555556}}}, "5": {"0.0": {"time": 0.0014328956604003906, "reduction": 0.8230452674897082, "validation": {"accuracy": 55.96707818930041}, "test": {"accuracy": 44.44444444444444}}, "0.1": {"time": 0.0013370513916015625, "reduction": 44.855967078189295, "validation": {"accuracy": 55.55555555555556}, "test": {"accuracy": 55.55555555555556}}, "0.2": {"time": 0.0012929439544677734, "reduction": 44.855967078189295, "validation": {"accuracy": 55.55555555555556}, "test": {"accuracy": 55.55555555555556}}, "0.3": {"time": 0.00131988525390625, "reduction": 44.855967078189295, "validation": {"accuracy": 55.55555555555556}, "test": {"accuracy": 55.55555555555556}}, "0.4": {"time": 0.0013790130615234375, "reduction": 44.855967078189295, "validation": {"accuracy": 55.55555555555556}, "test": {"accuracy": 55.55555555555556}}, "0.5": {"time": 0.0012569427490234375, "reduction": 44.855967078189295, "validation": {"accuracy": 55.55555555555556}, "test": {"accuracy": 55.55555555555556}}, "0.6": {"time": 0.0013628005981445312, "reduction": 44.855967078189295, "validation": {"accuracy": 55.55555555555556}, "test": {"accuracy": 55.55555555555556}}, "0.7": {"time": 0.0012967586517333984, "reduction": 44.855967078189295, "validation": {"accuracy": 55.55555555555556}, "test": {"accuracy": 55.55555555555556}}, "0.8": {"time": 0.0014607906341552734, "reduction": 44.855967078189295, "validation": {"accuracy": 55.55555555555556}, "test": {"accuracy": 55.55555555555556}}, "0.9": {"time": 0.0014050006866455078, "reduction": 44.855967078189295, "validation": {"accuracy": 55.55555555555556}, "test": {"accuracy": 55.55555555555556}}, "1.0": {"time": 0.0012841224670410156, "reduction": 46.913580246913575, "validation": {"accuracy": 55.55555555555556}, "test": {"accuracy": 55.55555555555556}}}, "6": {"0.0": {"time": 0.0016889572143554688, "reduction": 0.4115226337448541, "validation": {"accuracy": 54.73251028806584}, "test": {"accuracy": 44.44444444444444}}, "0.1": {"time": 0.0015850067138671875, "reduction": 44.44444444444444, "validation": {"accuracy": 55.55555555555556}, "test": {"accuracy": 55.55555555555556}}, "0.2": {"time": 0.0017871856689453125, "reduction": 44.44444444444444, "validation": {"accuracy": 55.55555555555556}, "test": {"accuracy": 55.55555555555556}}, "0.3": {"time": 0.001558065414428711, "reduction": 44.44444444444444, "validation": {"accuracy": 55.55555555555556}, "test": {"accuracy": 55.55555555555556}}, "0.4": {"time": 0.0015978813171386719, "reduction": 44.44444444444444, "validation": {"accuracy": 55.55555555555556}, "test": {"accuracy": 55.55555555555556}}, "0.5": {"time": 0.0015799999237060547, "reduction": 44.44444444444444, "validation": {"accuracy": 55.55555555555556}, "test": {"accuracy": 55.55555555555556}}, "0.6": {"time": 0.0014955997467041016, "reduction": 44.44444444444444, "validation": {"accuracy": 55.55555555555556}, "test": {"accuracy": 55.55555555555556}}, "0.7": {"time": 0.0016529560089111328, "reduction": 44.44444444444444, "validation": {"accuracy": 55.55555555555556}, "test": {"accuracy": 55.55555555555556}}, "0.8": {"time": 0.0015380382537841797, "reduction": 44.44444444444444, "validation": {"accuracy": 55.55555555555556}, "test": {"accuracy": 55.55555555555556}}, "0.9": {"time": 0.001363992691040039, "reduction": 44.44444444444444, "validation": {"accuracy": 55.55555555555556}, "test": {"accuracy": 55.55555555555556}}, "1.0": {"time": 0.0013010501861572266, "reduction": 46.913580246913575, "validation": {"accuracy": 55.55555555555556}, "test": {"accuracy": 55.55555555555556}}}, "7": {"0.0": {"time": 0.0014190673828125, "reduction": 2.0576131687242816, "validation": {"accuracy": 55.144032921810705}, "test": {"accuracy": 48.148148148148145}}, "0.1": {"time": 0.0014400482177734375, "reduction": 45.26748971193416, "validation": {"accuracy": 55.55555555555556}, "test": {"accuracy": 55.55555555555556}}, "0.2": {"time": 0.0016331672668457031, "reduction": 45.26748971193416, "validation": {"accuracy": 55.55555555555556}, "test": {"accuracy": 55.55555555555556}}, "0.3": {"time": 0.001420736312866211, "reduction": 45.26748971193416, "validation": {"accuracy": 55.55555555555556}, "test": {"accuracy": 55.55555555555556}}, "0.4": {"time": 0.001371145248413086, "reduction": 45.26748971193416, "validation": {"accuracy": 55.55555555555556}, "test": {"accuracy": 55.55555555555556}}, "0.5": {"time": 0.0012841224670410156, "reduction": 45.26748971193416, "validation": {"accuracy": 55.55555555555556},