{"3": {"0.0": {"reduction_in_attributes": 92.3076923076923, "time": 0.012163877487182617, "reduction": 12.345679012345679, "validation": {"accuracy": 90.46015712682379}, "test": {"accuracy": 30.303030303030305}}, "0.1": {"reduction_in_attributes": 92.3076923076923, "time": 0.012167930603027344, "reduction": 9.203142536475873, "validation": {"accuracy": 82.82828282828282}, "test": {"accuracy": 11.11111111111111}}, "0.2": {"reduction_in_attributes": 92.3076923076923, "time": 0.011481046676635742, "reduction": 9.764309764309765, "validation": {"accuracy": 79.34904601571269}, "test": {"accuracy": 14.14141414141414}}, "0.3": {"reduction_in_attributes": 92.3076923076923, "time": 0.00908207893371582, "reduction": 13.131313131313128, "validation": {"accuracy": 9.652076318742985}, "test": {"accuracy": 4.040404040404041}}, "0.4": {"reduction_in_attributes": 92.3076923076923, "time": 0.011229991912841797, "reduction": 19.97755331088664, "validation": {"accuracy": 76.43097643097643}, "test": {"accuracy": 17.17171717171717}}, "0.5": {"reduction_in_attributes": 92.3076923076923, "time": 0.010777950286865234, "reduction": 48.03591470258137, "validation": {"accuracy": 65.20763187429854}, "test": {"accuracy": 33.33333333333333}}, "0.6": {"reduction_in_attributes": 92.3076923076923, "time": 0.010078907012939453, "reduction": 78.56341189674522, "validation": {"accuracy": 25.252525252525253}, "test": {"accuracy": 15.151515151515152}}, "0.7": {"reduction_in_attributes": 92.3076923076923, "time": 0.006412982940673828, "reduction": 90.01122334455668, "validation": {"accuracy": 9.090909090909092}, "test": {"accuracy": 9.090909090909092}}, "0.8": {"reduction_in_attributes": 92.3076923076923, "time": 0.008610725402832031, "reduction": 92.70482603815937, "validation": {"accuracy": 9.988776655443322}, "test": {"accuracy": 1.0101010101010102}}, "0.9": {"reduction_in_attributes": 92.3076923076923, "time": 0.008983850479125977, "reduction": 98.54096520763187, "validation": {"accuracy": 9.090909090909092}, "test": {"accuracy": 9.090909090909092}}, "1.0": {"reduction_in_attributes": 92.3076923076923, "time": 0.008880853652954102, "reduction": 99.88776655443323, "validation": {"accuracy": 9.090909090909092}, "test": {"accuracy": 9.090909090909092}}}, "4": {"0.0": {"reduction_in_attributes": 92.3076923076923, "time": 0.013416051864624023, "reduction": 4.8260381593714925, "validation": {"accuracy": 82.04264870931539}, "test": {"accuracy": 11.11111111111111}}, "0.1": {"reduction_in_attributes": 92.3076923076923, "time": 0.010307073593139648, "reduction": 10.886644219977548, "validation": {"accuracy": 82.82828282828282}, "test": {"accuracy": 10.1010101010101}}, "0.2": {"reduction_in_attributes": 92.3076923076923, "time": 0.010590791702270508, "reduction": 10.213243546576878, "validation": {"accuracy": 81.25701459034792}, "test": {"accuracy": 12.121212121212121}}, "0.3": {"reduction_in_attributes": 92.3076923076923, "time": 0.007617950439453125, "reduction": 16.722783389450058, "validation": {"accuracy": 9.539842873176205}, "test": {"accuracy": 5.05050505050505}}, "0.4": {"reduction_in_attributes": 92.3076923076923, "time": 0.009252309799194336, "reduction": 38.94500561167228, "validation": {"accuracy": 68.01346801346801}, "test": {"accuracy": 26.262626262626267}}, "0.5": {"reduction_in_attributes": 92.3076923076923, "time": 0.009582042694091797, "reduction": 47.69921436588104, "validation": {"accuracy": 51.515151515151516}, "test": {"accuracy": 18.181818181818183}}, "0.6": {"reduction_in_attributes": 92.3076923076923, "time": 0.009094953536987305, "reduction": 64.08529741863076, "validation": {"accuracy": 36.7003367003367}, "test": {"accuracy": 15.151515151515152}}, "0.7": {"reduction_in_attributes": 92.3076923076923, "time": 0.010468006134033203, "reduction": 75.5331088664422, "validation": {"accuracy": 27.38496071829405}, "test": {"accuracy": 18.181818181818183}}, "0.8": {"reduction_in_attributes": 92.3076923076923, "time": 0.008421897888183594, "reduction": 95.7351290684624, "validation": {"accuracy": 9.090909090909092}, "test": {"accuracy": 9.090909090909092}}, "0.9": {"reduction_in_attributes": 92.3076923076923, "time": 0.009678840637207031, "reduction": 98.76543209876543, "validation": {"accuracy": 9.090909090909092}, "test": {"accuracy": 9.090909090909092}}, "1.0": {"reduction_in_attributes": 92.3076923076923, "time": 0.00854802131652832, "reduction": 99.88776655443323, "validation": {"accuracy": 9.090909090909092}, "test": {"accuracy": 9.090909090909092}}}, "5": {"0.0": {"reduction_in_attributes": 92.3076923076923, "time": 0.007766008377075195, "reduction": 0.0, "validation": {"accuracy": 9.539842873176205}, "test": {"accuracy": 5.05050505050505}}, "0.1": {"reduction_in_attributes": 92.3076923076923, "time": 0.009669065475463867, "reduction": 1.5712682379349086, "validation": {"accuracy": 9.764309764309765}, "test": {"accuracy": 3.0303030303030303}}, "0.2": {"reduction_in_attributes": 92.3076923076923, "time": 0.009879112243652344, "reduction": 15.71268237934904, "validation": {"accuracy": 87.54208754208754}, "test": {"accuracy": 24.242424242424242}}, "0.3": {"reduction_in_attributes": 92.3076923076923, "time": 0.010370016098022461, "reduction": 23.456790123456795, "validation": {"accuracy": 87.31762065095398}, "test": {"accuracy": 29.292929292929294}}, "0.4": {"reduction_in_attributes": 92.3076923076923, "time": 0.009710073471069336, "reduction": 37.822671156004496, "validation": {"accuracy": 68.5746352413019}, "test": {"accuracy": 26.262626262626267}}, "0.5": {"reduction_in_attributes": 92.3076923076923, "time": 0.009198904037475586, "reduction": 46.801346801346796, "validation": {"accuracy": 66.55443322109988}, "test": {"accuracy": 26.262626262626267}}, "0.6": {"reduction_in_attributes": 92.3076923076923, "time": 0.008850812911987305, "reduction": 63.63636363636363, "validation": {"accuracy": 41.86307519640853}, "test": {"accuracy": 14.14141414141414}}, "0.7": {"reduction_in_attributes": 92.3076923076923, "time": 0.008749008178710938, "reduction": 94.83726150392818, "validation": {"accuracy": 13.131313131313133}, "test": {"accuracy": 10.1010101010101}}, "0.8": {"reduction_in_attributes": 92.3076923076923, "time": 0.008392095565795898, "reduction": 97.53086419753086, "validation": {"accuracy": 9.090909090909092}, "test": {"accuracy": 9.090909090909092}}, "0.9": {"reduction_in_attributes": 92.3076923076923, "time": 0.008588075637817383, "reduction": 97.3063973063973, "validation": {"accuracy": 9.090909090909092}, "test": {"accuracy": 9.090909090909092}}, "1.0": {"reduction_in_attributes": 92.3076923076923, "time": 0.006712198257446289, "reduction": 95.39842873176207, "validation": {"accuracy": 9.090909090909092}, "test": {"accuracy": 9.090909090909092}}}, "6": {"0.0": {"reduction_in_attributes": 92.3076923076923, "time": 0.01004171371459961, "reduction": 5.05050505050505, "validation": {"accuracy": 83.05274971941638}, "test": {"accuracy": 14.14141414141414}}, "0.1": {"reduction_in_attributes": 92.3076923076923, "time": 0.011215925216674805, "reduction": 2.020202020202022, "validation": {"accuracy": 9.652076318742985}, "test": {"accuracy": 4.040404040404041}}, "0.2": {"reduction_in_attributes": 92.3076923076923, "time": 0.012140989303588867, "reduction": 14.927048260381593, "validation": {"accuracy": 87.87878787878788}, "test": {"accuracy": 24.242424242424242}}, "0.3": {"reduction_in_attributes": 92.3076923076923, "time": 0.01380610466003418, "reduction": 24.579124579124578, "validation": {"accuracy": 86.53198653198653}, "test": {"accuracy": 29.292929292929294}}, "0.4": {"reduction_in_attributes": 92.3076923076923, "time": 0.010914087295532227, "reduction": 28.84399551066218, "validation": {"accuracy": 64.87093153759821}, "test": {"accuracy": 11.11111111111111}}, "0.5": {"reduction_in_attributes": 92.3076923076923, "time": 0.00740504264831543, "reduction": 48.484848484848484, "validation": {"accuracy": 9.427609427609427}, "test": {"accuracy": 6.0606060606060606}},