{"3": {"0.0": {"reduction_in_attributes": 75.0, "time": 0.0006580352783203125, "reduction": 7.638888888888884, "validation": {"accuracy": 59.72222222222222}, "test": {"accuracy": 68.75}}, "0.1": {"reduction_in_attributes": 75.0, "time": 0.0006110668182373047, "reduction": 15.972222222222221, "validation": {"accuracy": 59.72222222222222}, "test": {"accuracy": 68.75}}, "0.2": {"reduction_in_attributes": 75.0, "time": 0.0005917549133300781, "reduction": 18.75, "validation": {"accuracy": 59.72222222222222}, "test": {"accuracy": 68.75}}, "0.3": {"reduction_in_attributes": 75.0, "time": 0.0005929470062255859, "reduction": 18.75, "validation": {"accuracy": 60.416666666666664}, "test": {"accuracy": 25.0}}, "0.4": {"reduction_in_attributes": 75.0, "time": 0.0006127357482910156, "reduction": 19.444444444444443, "validation": {"accuracy": 51.388888888888886}, "test": {"accuracy": 50.0}}, "0.5": {"reduction_in_attributes": 75.0, "time": 0.0006079673767089844, "reduction": 19.444444444444443, "validation": {"accuracy": 43.05555555555556}, "test": {"accuracy": 12.5}}, "0.6": {"reduction_in_attributes": 75.0, "time": 0.0005779266357421875, "reduction": 19.444444444444443, "validation": {"accuracy": 51.388888888888886}, "test": {"accuracy": 37.5}}, "0.7": {"reduction_in_attributes": 75.0, "time": 0.0006361007690429688, "reduction": 19.444444444444443, "validation": {"accuracy": 51.388888888888886}, "test": {"accuracy": 37.5}}, "0.8": {"reduction_in_attributes": 75.0, "time": 0.0007321834564208984, "reduction": 19.444444444444443, "validation": {"accuracy": 43.05555555555556}, "test": {"accuracy": 12.5}}, "0.9": {"reduction_in_attributes": 75.0, "time": 0.0006020069122314453, "reduction": 48.611111111111114, "validation": {"accuracy": 51.388888888888886}, "test": {"accuracy": 37.5}}, "1.0": {"reduction_in_attributes": 75.0, "time": 0.0005221366882324219, "reduction": 77.77777777777779, "validation": {"accuracy": 40.27777777777778}, "test": {"accuracy": 43.75}}}, "4": {"0.0": {"reduction_in_attributes": 75.0, "time": 0.0006017684936523438, "reduction": 8.333333333333337, "validation": {"accuracy": 59.72222222222222}, "test": {"accuracy": 31.25}}, "0.1": {"reduction_in_attributes": 75.0, "time": 0.0005869865417480469, "reduction": 15.972222222222221, "validation": {"accuracy": 58.333333333333336}, "test": {"accuracy": 81.25}}, "0.2": {"reduction_in_attributes": 75.0, "time": 0.0006480216979980469, "reduction": 18.75, "validation": {"accuracy": 60.416666666666664}, "test": {"accuracy": 37.5}}, "0.3": {"reduction_in_attributes": 75.0, "time": 0.0006091594696044922, "reduction": 18.75, "validation": {"accuracy": 58.333333333333336}, "test": {"accuracy": 81.25}}, "0.4": {"reduction_in_attributes": 75.0, "time": 0.0005640983581542969, "reduction": 19.444444444444443, "validation": {"accuracy": 40.97222222222222}, "test": {"accuracy": 37.5}}, "0.5": {"reduction_in_attributes": 75.0, "time": 0.0005908012390136719, "reduction": 19.444444444444443, "validation": {"accuracy": 52.77777777777778}, "test": {"accuracy": 25.0}}, "0.6": {"reduction_in_attributes": 75.0, "time": 0.0006220340728759766, "reduction": 19.444444444444443, "validation": {"accuracy": 50.69444444444444}, "test": {"accuracy": 56.25}}, "0.7": {"reduction_in_attributes": 75.0, "time": 0.0006268024444580078, "reduction": 19.444444444444443, "validation": {"accuracy": 50.69444444444444}, "test": {"accuracy": 68.75}}, "0.8": {"reduction_in_attributes": 75.0, "time": 0.0005729198455810547, "reduction": 19.444444444444443, "validation": {"accuracy": 40.97222222222222}, "test": {"accuracy": 37.5}}, "0.9": {"reduction_in_attributes": 75.0, "time": 0.0006241798400878906, "reduction": 19.444444444444443, "validation": {"accuracy": 40.97222222222222}, "test": {"accuracy": 37.5}}, "1.0": {"reduction_in_attributes": 75.0, "time": 0.00061798095703125, "reduction": 78.47222222222221, "validation": {"accuracy": 40.27777777777778}, "test": {"accuracy": 43.75}}}, "5": {"0.0": {"reduction_in_attributes": 75.0, "time": 0.0008461475372314453, "reduction": 8.333333333333337, "validation": {"accuracy": 57.638888888888886}, "test": {"accuracy": 37.5}}, "0.1": {"reduction_in_attributes": 75.0, "time": 0.0006201267242431641, "reduction": 16.666666666666664, "validation": {"accuracy": 61.80555555555556}, "test": {"accuracy": 50.0}}, "0.2": {"reduction_in_attributes": 75.0, "time": 0.000591278076171875, "reduction": 18.75, "validation": {"accuracy": 59.02777777777778}, "test": {"accuracy": 62.5}}, "0.3": {"reduction_in_attributes": 75.0, "time": 0.0006000995635986328, "reduction": 18.75, "validation": {"accuracy": 59.02777777777778}, "test": {"accuracy": 62.5}}, "0.4": {"reduction_in_attributes": 75.0, "time": 0.0006461143493652344, "reduction": 19.444444444444443, "validation": {"accuracy": 54.166666666666664}, "test": {"accuracy": 37.5}}, "0.5": {"reduction_in_attributes": 75.0, "time": 0.0006048679351806641, "reduction": 19.444444444444443, "validation": {"accuracy": 54.166666666666664}, "test": {"accuracy": 37.5}}, "0.6": {"reduction_in_attributes": 75.0, "time": 0.0005919933319091797, "reduction": 19.444444444444443, "validation": {"accuracy": 54.166666666666664}, "test": {"accuracy": 37.5}}, "0.7": {"reduction_in_attributes": 75.0, "time": 0.0005879402160644531, "reduction": 19.444444444444443, "validation": {"accuracy": 48.61111111111111}, "test": {"accuracy": 62.5}}, "0.8": {"reduction_in_attributes": 75.0, "time": 0.0007181167602539062, "reduction": 19.444444444444443, "validation": {"accuracy": 51.388888888888886}, "test": {"accuracy": 50.0}}, "0.9": {"reduction_in_attributes": 75.0, "time": 0.0006010532379150391, "reduction": 46.52777777777778, "validation": {"accuracy": 48.61111111111111}, "test": {"accuracy": 62.5}}, "1.0": {"reduction_in_attributes": 75.0, "time": 0.0005438327789306641, "reduction": 78.47222222222221, "validation": {"accuracy": 40.27777777777778}, "test": {"accuracy": 43.75}}}, "6": {"0.0": {"reduction_in_attributes": 75.0, "time": 0.0006279945373535156, "reduction": 6.25, "validation": {"accuracy": 59.02777777777778}, "test": {"accuracy": 68.75}}, "0.1": {"reduction_in_attributes": 75.0, "time": 0.0008509159088134766, "reduction": 16.666666666666664, "validation": {"accuracy": 59.02777777777778}, "test": {"accuracy": 37.5}}, "0.2": {"reduction_in_attributes": 75.0, "time": 0.0006539821624755859, "reduction": 18.75, "validation": {"accuracy": 59.02777777777778}, "test": {"accuracy": 37.5}}, "0.3": {"reduction_in_attributes": 75.0, "time": 0.00061798095703125, "reduction": 18.75, "validation": {"accuracy": 59.02777777777778}, "test": {"accuracy": 37.5}}, "0.4": {"reduction_in_attributes": 75.0, "time": 0.0005991458892822266, "reduction": 19.444444444444443, "validation": {"accuracy": 40.97222222222222}, "test": {"accuracy": 37.5}}, "0.5": {"reduction_in_attributes": 75.0, "time": 0.0006239414215087891, "reduction": 19.444444444444443, "validation": {"accuracy": 53.47222222222222}, "test": {"accuracy": 43.75}}, "0.6": {"reduction_in_attributes": 75.0, "time": 0.0007469654083251953, "reduction": 19.444444444444443, "validation": {"accuracy": 40.97222222222222}, "test": {"accuracy": 37.5}}, "0.7": {"reduction_in_attributes": 75.0, "time": 0.0006239414215087891, "reduction": 19.444444444444443, "validation": {"accuracy": 40.97222222222222}, "test": {"accuracy": 37.5}}, "0.8": {"reduction_in_attributes": 75.0, "time": 0.0006017684936523438, "reduction": 19.444444444444443, "validation": {"accuracy": 40.97222222222222}, "test": {"accuracy": 37.5}}, "0.9": {"reduction_in_attributes": 75.0, "time": 0.0006029605865478516, "reduction": 19.444444444444443, "validation": {"accuracy": 40.97222222222222}, "test": {"accuracy": 37.5}}, "1.0": {"reduction_in_attributes": 75.0, "time": 0.0005986690521240234, "reduction": 79.86111111111111, "validation": {"accuracy": 40.97222222222222}, "test": {"accuracy": 37.5}}}, "7": {"0.0": {"reduction_in_attributes": 75.0, "time": 0.0006361007690429688, "reduction": 0.0,