{"3": {"0.0": {"time": 0.00040078163146972656, "reduction": 86.31578947368422, "validation": {"accuracy": 54.736842105263165}, "test": {"accuracy": 36.36363636363637}}, "0.1": {"time": 0.0003960132598876953, "reduction": 93.6842105263158, "validation": {"accuracy": 80.0}, "test": {"accuracy": 81.81818181818183}}, "0.2": {"time": 0.00038814544677734375, "reduction": 93.6842105263158, "validation": {"accuracy": 80.0}, "test": {"accuracy": 81.81818181818183}}, "0.3": {"time": 0.0003635883331298828, "reduction": 93.6842105263158, "validation": {"accuracy": 80.0}, "test": {"accuracy": 81.81818181818183}}, "0.4": {"time": 0.00036597251892089844, "reduction": 93.6842105263158, "validation": {"accuracy": 80.0}, "test": {"accuracy": 81.81818181818183}}, "0.5": {"time": 0.0003681182861328125, "reduction": 93.6842105263158, "validation": {"accuracy": 80.0}, "test": {"accuracy": 81.81818181818183}}, "0.6": {"time": 0.0003693103790283203, "reduction": 93.6842105263158, "validation": {"accuracy": 80.0}, "test": {"accuracy": 81.81818181818183}}, "0.7": {"time": 0.00036787986755371094, "reduction": 93.6842105263158, "validation": {"accuracy": 80.0}, "test": {"accuracy": 81.81818181818183}}, "0.8": {"time": 0.0003838539123535156, "reduction": 93.6842105263158, "validation": {"accuracy": 80.0}, "test": {"accuracy": 81.81818181818183}}, "0.9": {"time": 0.0003669261932373047, "reduction": 94.73684210526316, "validation": {"accuracy": 80.0}, "test": {"accuracy": 81.81818181818183}}, "1.0": {"time": 0.0003650188446044922, "reduction": 98.94736842105263, "validation": {"accuracy": 80.0}, "test": {"accuracy": 81.81818181818183}}}, "4": {"0.0": {"time": 0.0004830360412597656, "reduction": 82.10526315789474, "validation": {"accuracy": 77.89473684210526}, "test": {"accuracy": 81.81818181818183}}, "0.1": {"time": 0.0003719329833984375, "reduction": 92.63157894736842, "validation": {"accuracy": 80.0}, "test": {"accuracy": 81.81818181818183}}, "0.2": {"time": 0.00038123130798339844, "reduction": 92.63157894736842, "validation": {"accuracy": 80.0}, "test": {"accuracy": 81.81818181818183}}, "0.3": {"time": 0.00040793418884277344, "reduction": 92.63157894736842, "validation": {"accuracy": 80.0}, "test": {"accuracy": 81.81818181818183}}, "0.4": {"time": 0.00039005279541015625, "reduction": 92.63157894736842, "validation": {"accuracy": 80.0}, "test": {"accuracy": 81.81818181818183}}, "0.5": {"time": 0.00039196014404296875, "reduction": 92.63157894736842, "validation": {"accuracy": 80.0}, "test": {"accuracy": 81.81818181818183}}, "0.6": {"time": 0.00037217140197753906, "reduction": 92.63157894736842, "validation": {"accuracy": 80.0}, "test": {"accuracy": 81.81818181818183}}, "0.7": {"time": 0.0005159378051757812, "reduction": 92.63157894736842, "validation": {"accuracy": 80.0}, "test": {"accuracy": 81.81818181818183}}, "0.8": {"time": 0.000370025634765625, "reduction": 92.63157894736842, "validation": {"accuracy": 80.0}, "test": {"accuracy": 81.81818181818183}}, "0.9": {"time": 0.000698089599609375, "reduction": 92.63157894736842, "validation": {"accuracy": 80.0}, "test": {"accuracy": 81.81818181818183}}, "1.0": {"time": 0.0003657341003417969, "reduction": 98.94736842105263, "validation": {"accuracy": 80.0}, "test": {"accuracy": 81.81818181818183}}}, "5": {"0.0": {"time": 0.000370025634765625, "reduction": 76.84210526315789, "validation": {"accuracy": 63.1578947368421}, "test": {"accuracy": 63.63636363636363}}, "0.1": {"time": 0.0004379749298095703, "reduction": 89.47368421052632, "validation": {"accuracy": 80.0}, "test": {"accuracy": 81.81818181818183}}, "0.2": {"time": 0.00039505958557128906, "reduction": 89.47368421052632, "validation": {"accuracy": 80.0}, "test": {"accuracy": 81.81818181818183}}, "0.3": {"time": 0.0003979206085205078, "reduction": 89.47368421052632, "validation": {"accuracy": 80.0}, "test": {"accuracy": 81.81818181818183}}, "0.4": {"time": 0.0003960132598876953, "reduction": 89.47368421052632, "validation": {"accuracy": 80.0}, "test": {"accuracy": 81.81818181818183}}, "0.5": {"time": 0.0003809928894042969, "reduction": 89.47368421052632, "validation": {"accuracy": 80.0}, "test": {"accuracy": 81.81818181818183}}, "0.6": {"time": 0.0003750324249267578, "reduction": 89.47368421052632, "validation": {"accuracy": 80.0}, "test": {"accuracy": 81.81818181818183}}, "0.7": {"time": 0.0003719329833984375, "reduction": 89.47368421052632, "validation": {"accuracy": 80.0}, "test": {"accuracy": 81.81818181818183}}, "0.8": {"time": 0.00037097930908203125, "reduction": 89.47368421052632, "validation": {"accuracy": 80.0}, "test": {"accuracy": 81.81818181818183}}, "0.9": {"time": 0.000370025634765625, "reduction": 90.52631578947368, "validation": {"accuracy": 80.0}, "test": {"accuracy": 81.81818181818183}}, "1.0": {"time": 0.00036716461181640625, "reduction": 98.94736842105263, "validation": {"accuracy": 80.0}, "test": {"accuracy": 81.81818181818183}}}, "6": {"0.0": {"time": 0.0004031658172607422, "reduction": 73.6842105263158, "validation": {"accuracy": 74.73684210526315}, "test": {"accuracy": 81.81818181818183}}, "0.1": {"time": 0.0003838539123535156, "reduction": 87.36842105263159, "validation": {"accuracy": 80.0}, "test": {"accuracy": 81.81818181818183}}, "0.2": {"time": 0.0003807544708251953, "reduction": 87.36842105263159, "validation": {"accuracy": 80.0}, "test": {"accuracy": 81.81818181818183}}, "0.3": {"time": 0.00041174888610839844, "reduction": 87.36842105263159, "validation": {"accuracy": 80.0}, "test": {"accuracy": 81.81818181818183}}, "0.4": {"time": 0.00036978721618652344, "reduction": 87.36842105263159, "validation": {"accuracy": 80.0}, "test": {"accuracy": 81.81818181818183}}, "0.5": {"time": 0.0003681182861328125, "reduction": 87.36842105263159, "validation": {"accuracy": 80.0}, "test": {"accuracy": 81.81818181818183}}, "0.6": {"time": 0.000396728515625, "reduction": 87.36842105263159, "validation": {"accuracy": 80.0}, "test": {"accuracy": 81.81818181818183}}, "0.7": {"time": 0.0005121231079101562, "reduction": 87.36842105263159, "validation": {"accuracy": 80.0}, "test": {"accuracy": 81.81818181818183}}, "0.8": {"time": 0.0003991127014160156, "reduction": 87.36842105263159, "validation": {"accuracy": 80.0}, "test": {"accuracy": 81.81818181818183}}, "0.9": {"time": 0.0003991127014160156, "reduction": 87.36842105263159, "validation": {"accuracy": 80.0}, "test": {"accuracy": 81.81818181818183}}, "1.0": {"time": 0.0003719329833984375, "reduction": 98.94736842105263, "validation": {"accuracy": 80.0}, "test": {"accuracy": 81.81818181818183}}}, "7": {"0.0": {"time": 0.0003762245178222656, "reduction": 78.125, "validation": {"accuracy": 70.83333333333334}, "test": {"accuracy": 60.0}}, "0.1": {"time": 0.00038313865661621094, "reduction": 90.625, "validation": {"accuracy": 80.20833333333334}, "test": {"accuracy": 80.0}}, "0.2": {"time": 0.00038313865661621094, "reduction": 90.625, "validation": {"accuracy": 80.20833333333334}, "test": {"accuracy": 80.0}}, "0.3": {"time": 0.0003833770751953125, "reduction": 90.625, "validation": {"accuracy": 80.20833333333334}, "test": {"accuracy": 80.0}}, "0.4": {"time": 0.00038695335388183594, "reduction": 90.625, "validation": {"accuracy": 80.20833333333334}, "test": {"accuracy": 80.0}}, "0.5": {"time": 0.00037932395935058594, "reduction": 90.625, "validation": {"accuracy": 80.20833333333334}, "test": {"accuracy": 80.0}}, "0.6": {"time": 0.00038504600524902344, "reduction": 90.625, "validation": {"accuracy": 80.20833333333334}, "test": {"accuracy": 80.0}}, "0.7": {"time": 0.0003859996795654297, "reduction": 90.625, "validation": {"accuracy": 80.20833333333334}, "test": {"accuracy": 80.0}}, "0.8": {"time": 0.0004730224609375, "reduction": 90.625, "validation": {"accuracy": 80.20833333333334}, "test": {"accuracy": 80.0}}, "0.9": {"time": 0.0004448890686035156, "reduction": 90.625, "validation": {"accuracy": 80.20833333333334}, "test": {"accuracy": 80.0}}, "1.0": {"time": 0.00037288665771484375, "reduction": 98.95833333333334,