{"3": {"0.0": {"reduction_in_attributes": 46.15384615384615, "time": 0.001535177230834961, "reduction": 36.62551440329218, "validation": {"accuracy": 50.20576131687243}, "test": {"accuracy": 44.44444444444444}}, "0.1": {"reduction_in_attributes": 46.15384615384615, "time": 0.0015668869018554688, "reduction": 38.68312757201646, "validation": {"accuracy": 50.20576131687243}, "test": {"accuracy": 48.148148148148145}}, "0.2": {"reduction_in_attributes": 46.15384615384615, "time": 0.0015499591827392578, "reduction": 41.1522633744856, "validation": {"accuracy": 50.20576131687243}, "test": {"accuracy": 48.148148148148145}}, "0.3": {"reduction_in_attributes": 46.15384615384615, "time": 0.0020461082458496094, "reduction": 52.2633744855967, "validation": {"accuracy": 56.37860082304527}, "test": {"accuracy": 55.55555555555556}}, "0.4": {"reduction_in_attributes": 46.15384615384615, "time": 0.00148773193359375, "reduction": 66.66666666666667, "validation": {"accuracy": 55.55555555555556}, "test": {"accuracy": 55.55555555555556}}, "0.5": {"reduction_in_attributes": 46.15384615384615, "time": 0.0015108585357666016, "reduction": 66.66666666666667, "validation": {"accuracy": 55.55555555555556}, "test": {"accuracy": 55.55555555555556}}, "0.6": {"reduction_in_attributes": 46.15384615384615, "time": 0.0014810562133789062, "reduction": 67.07818930041152, "validation": {"accuracy": 55.55555555555556}, "test": {"accuracy": 55.55555555555556}}, "0.7": {"reduction_in_attributes": 46.15384615384615, "time": 0.0014619827270507812, "reduction": 74.89711934156378, "validation": {"accuracy": 55.55555555555556}, "test": {"accuracy": 55.55555555555556}}, "0.8": {"reduction_in_attributes": 46.15384615384615, "time": 0.0014028549194335938, "reduction": 86.8312757201646, "validation": {"accuracy": 55.55555555555556}, "test": {"accuracy": 55.55555555555556}}, "0.9": {"reduction_in_attributes": 46.15384615384615, "time": 0.0014028549194335938, "reduction": 95.88477366255144, "validation": {"accuracy": 55.55555555555556}, "test": {"accuracy": 55.55555555555556}}, "1.0": {"reduction_in_attributes": 46.15384615384615, "time": 0.0013837814331054688, "reduction": 99.58847736625515, "validation": {"accuracy": 55.55555555555556}, "test": {"accuracy": 55.55555555555556}}}, "4": {"0.0": {"reduction_in_attributes": 53.84615384615385, "time": 0.001547098159790039, "reduction": 35.802469135802475, "validation": {"accuracy": 54.73251028806584}, "test": {"accuracy": 70.37037037037037}}, "0.1": {"reduction_in_attributes": 53.84615384615385, "time": 0.001499176025390625, "reduction": 37.44855967078189, "validation": {"accuracy": 55.55555555555556}, "test": {"accuracy": 70.37037037037037}}, "0.2": {"reduction_in_attributes": 53.84615384615385, "time": 0.0014739036560058594, "reduction": 39.91769547325102, "validation": {"accuracy": 56.79012345679012}, "test": {"accuracy": 70.37037037037037}}, "0.3": {"reduction_in_attributes": 53.84615384615385, "time": 0.0014810562133789062, "reduction": 47.7366255144033, "validation": {"accuracy": 58.0246913580247}, "test": {"accuracy": 70.37037037037037}}, "0.4": {"reduction_in_attributes": 53.84615384615385, "time": 0.001422882080078125, "reduction": 67.90123456790124, "validation": {"accuracy": 63.37448559670782}, "test": {"accuracy": 81.48148148148148}}, "0.5": {"reduction_in_attributes": 53.84615384615385, "time": 0.001438140869140625, "reduction": 69.54732510288066, "validation": {"accuracy": 55.55555555555556}, "test": {"accuracy": 55.55555555555556}}, "0.6": {"reduction_in_attributes": 53.84615384615385, "time": 0.0013899803161621094, "reduction": 70.78189300411523, "validation": {"accuracy": 55.55555555555556}, "test": {"accuracy": 55.55555555555556}}, "0.7": {"reduction_in_attributes": 53.84615384615385, "time": 0.0014400482177734375, "reduction": 81.06995884773663, "validation": {"accuracy": 55.55555555555556}, "test": {"accuracy": 55.55555555555556}}, "0.8": {"reduction_in_attributes": 53.84615384615385, "time": 0.0013320446014404297, "reduction": 90.94650205761316, "validation": {"accuracy": 55.55555555555556}, "test": {"accuracy": 55.55555555555556}}, "0.9": {"reduction_in_attributes": 53.84615384615385, "time": 0.0015690326690673828, "reduction": 95.88477366255144, "validation": {"accuracy": 55.55555555555556}, "test": {"accuracy": 55.55555555555556}}, "1.0": {"reduction_in_attributes": 53.84615384615385, "time": 0.0013761520385742188, "reduction": 99.58847736625515, "validation": {"accuracy": 55.55555555555556}, "test": {"accuracy": 55.55555555555556}}}, "5": {"0.0": {"reduction_in_attributes": 53.84615384615385, "time": 0.0015311241149902344, "reduction": 34.15637860082305, "validation": {"accuracy": 54.73251028806584}, "test": {"accuracy": 59.25925925925925}}, "0.1": {"reduction_in_attributes": 53.84615384615385, "time": 0.0015299320220947266, "reduction": 37.03703703703704, "validation": {"accuracy": 55.144032921810705}, "test": {"accuracy": 59.25925925925925}}, "0.2": {"reduction_in_attributes": 53.84615384615385, "time": 0.0015039443969726562, "reduction": 39.09465020576132, "validation": {"accuracy": 57.20164609053497}, "test": {"accuracy": 59.25925925925925}}, "0.3": {"reduction_in_attributes": 53.84615384615385, "time": 0.001497030258178711, "reduction": 46.09053497942387, "validation": {"accuracy": 60.90534979423868}, "test": {"accuracy": 66.66666666666666}}, "0.4": {"reduction_in_attributes": 53.84615384615385, "time": 0.0014181137084960938, "reduction": 67.48971193415639, "validation": {"accuracy": 55.55555555555556}, "test": {"accuracy": 55.55555555555556}}, "0.5": {"reduction_in_attributes": 53.84615384615385, "time": 0.0014407634735107422, "reduction": 67.48971193415639, "validation": {"accuracy": 55.55555555555556}, "test": {"accuracy": 55.55555555555556}}, "0.6": {"reduction_in_attributes": 53.84615384615385, "time": 0.0014150142669677734, "reduction": 67.48971193415639, "validation": {"accuracy": 55.55555555555556}, "test": {"accuracy": 55.55555555555556}}, "0.7": {"reduction_in_attributes": 53.84615384615385, "time": 0.0014052391052246094, "reduction": 77.36625514403292, "validation": {"accuracy": 55.55555555555556}, "test": {"accuracy": 55.55555555555556}}, "0.8": {"reduction_in_attributes": 53.84615384615385, "time": 0.0014019012451171875, "reduction": 87.24279835390946, "validation": {"accuracy": 55.55555555555556}, "test": {"accuracy": 55.55555555555556}}, "0.9": {"reduction_in_attributes": 53.84615384615385, "time": 0.0014030933380126953, "reduction": 93.82716049382715, "validation": {"accuracy": 55.55555555555556}, "test": {"accuracy": 55.55555555555556}}, "1.0": {"reduction_in_attributes": 53.84615384615385, "time": 0.0013360977172851562, "reduction": 99.58847736625515, "validation": {"accuracy": 55.55555555555556}, "test": {"accuracy": 55.55555555555556}}}, "6": {"0.0": {"reduction_in_attributes": 53.84615384615385, "time": 0.0015270709991455078, "reduction": 35.802469135802475, "validation": {"accuracy": 49.382716049382715}, "test": {"accuracy": 48.148148148148145}}, "0.1": {"reduction_in_attributes": 53.84615384615385, "time": 0.0015101432800292969, "reduction": 37.44855967078189, "validation": {"accuracy": 52.2633744855967}, "test": {"accuracy": 55.55555555555556}}, "0.2": {"reduction_in_attributes": 53.84615384615385, "time": 0.0014910697937011719, "reduction": 40.74074074074075, "validation": {"accuracy": 53.90946502057613}, "test": {"accuracy": 59.25925925925925}}, "0.3": {"reduction_in_attributes": 53.84615384615385, "time": 0.001461029052734375, "reduction": 48.971193415637856, "validation": {"accuracy": 55.96707818930041}, "test": {"accuracy": 62.96296296296296}}, "0.4": {"reduction_in_attributes": 53.84615384615385, "time": 0.001439809799194336, "reduction": 69.1358024691358, "validation": {"accuracy": 55.55555555555556}, "test": {"accuracy": 55.55555555555556}}, "0.5": {"reduction_in_attributes": 53.84615384615385, "time": 0.0014159679412841797, "reduction": 69.1358024691358,