{"3": {"0.0": {"reduction_in_attributes": 53.84615384615385, "time": 0.0007748603820800781, "reduction": 62.5, "validation": {"accuracy": 68.75}, "test": {"accuracy": 38.88888888888889}}, "0.1": {"reduction_in_attributes": 53.84615384615385, "time": 0.0007801055908203125, "reduction": 70.0, "validation": {"accuracy": 68.75}, "test": {"accuracy": 44.44444444444444}}, "0.2": {"reduction_in_attributes": 53.84615384615385, "time": 0.0007851123809814453, "reduction": 83.125, "validation": {"accuracy": 68.75}, "test": {"accuracy": 44.44444444444444}}, "0.3": {"reduction_in_attributes": 53.84615384615385, "time": 0.0007610321044921875, "reduction": 85.625, "validation": {"accuracy": 68.75}, "test": {"accuracy": 44.44444444444444}}, "0.4": {"reduction_in_attributes": 53.84615384615385, "time": 0.0007421970367431641, "reduction": 89.375, "validation": {"accuracy": 68.75}, "test": {"accuracy": 44.44444444444444}}, "0.5": {"reduction_in_attributes": 53.84615384615385, "time": 0.0007510185241699219, "reduction": 94.375, "validation": {"accuracy": 68.75}, "test": {"accuracy": 44.44444444444444}}, "0.6": {"reduction_in_attributes": 53.84615384615385, "time": 0.0007541179656982422, "reduction": 96.875, "validation": {"accuracy": 67.5}, "test": {"accuracy": 38.88888888888889}}, "0.7": {"reduction_in_attributes": 53.84615384615385, "time": 0.0007350444793701172, "reduction": 98.75, "validation": {"accuracy": 40.0}, "test": {"accuracy": 38.88888888888889}}, "0.8": {"reduction_in_attributes": 53.84615384615385, "time": 0.0007359981536865234, "reduction": 99.375, "validation": {"accuracy": 40.0}, "test": {"accuracy": 38.88888888888889}}, "0.9": {"reduction_in_attributes": 53.84615384615385, "time": 0.0007221698760986328, "reduction": 99.375, "validation": {"accuracy": 40.0}, "test": {"accuracy": 38.88888888888889}}, "1.0": {"reduction_in_attributes": 53.84615384615385, "time": 0.0007450580596923828, "reduction": 99.375, "validation": {"accuracy": 40.0}, "test": {"accuracy": 38.88888888888889}}}, "4": {"0.0": {"reduction_in_attributes": 53.84615384615385, "time": 0.0007679462432861328, "reduction": 61.875, "validation": {"accuracy": 66.875}, "test": {"accuracy": 50.0}}, "0.1": {"reduction_in_attributes": 53.84615384615385, "time": 0.0007879734039306641, "reduction": 64.375, "validation": {"accuracy": 66.875}, "test": {"accuracy": 50.0}}, "0.2": {"reduction_in_attributes": 53.84615384615385, "time": 0.0007648468017578125, "reduction": 81.25, "validation": {"accuracy": 69.375}, "test": {"accuracy": 50.0}}, "0.3": {"reduction_in_attributes": 53.84615384615385, "time": 0.0007531642913818359, "reduction": 82.5, "validation": {"accuracy": 69.375}, "test": {"accuracy": 50.0}}, "0.4": {"reduction_in_attributes": 53.84615384615385, "time": 0.0007429122924804688, "reduction": 86.875, "validation": {"accuracy": 69.375}, "test": {"accuracy": 50.0}}, "0.5": {"reduction_in_attributes": 53.84615384615385, "time": 0.0007522106170654297, "reduction": 90.625, "validation": {"accuracy": 70.0}, "test": {"accuracy": 50.0}}, "0.6": {"reduction_in_attributes": 53.84615384615385, "time": 0.0007588863372802734, "reduction": 93.75, "validation": {"accuracy": 70.0}, "test": {"accuracy": 50.0}}, "0.7": {"reduction_in_attributes": 53.84615384615385, "time": 0.0007507801055908203, "reduction": 97.5, "validation": {"accuracy": 40.0}, "test": {"accuracy": 38.88888888888889}}, "0.8": {"reduction_in_attributes": 53.84615384615385, "time": 0.0007600784301757812, "reduction": 98.125, "validation": {"accuracy": 40.0}, "test": {"accuracy": 38.88888888888889}}, "0.9": {"reduction_in_attributes": 53.84615384615385, "time": 0.0007207393646240234, "reduction": 99.375, "validation": {"accuracy": 40.0}, "test": {"accuracy": 38.88888888888889}}, "1.0": {"reduction_in_attributes": 53.84615384615385, "time": 0.0007359981536865234, "reduction": 99.375, "validation": {"accuracy": 40.0}, "test": {"accuracy": 38.88888888888889}}}, "5": {"0.0": {"reduction_in_attributes": 53.84615384615385, "time": 0.0007901191711425781, "reduction": 63.74999999999999, "validation": {"accuracy": 63.74999999999999}, "test": {"accuracy": 61.111111111111114}}, "0.1": {"reduction_in_attributes": 53.84615384615385, "time": 0.00078582763671875, "reduction": 66.25, "validation": {"accuracy": 63.74999999999999}, "test": {"accuracy": 61.111111111111114}}, "0.2": {"reduction_in_attributes": 53.84615384615385, "time": 0.0007679462432861328, "reduction": 81.25, "validation": {"accuracy": 68.75}, "test": {"accuracy": 66.66666666666666}}, "0.3": {"reduction_in_attributes": 53.84615384615385, "time": 0.00074005126953125, "reduction": 82.5, "validation": {"accuracy": 68.75}, "test": {"accuracy": 66.66666666666666}}, "0.4": {"reduction_in_attributes": 53.84615384615385, "time": 0.0007457733154296875, "reduction": 86.875, "validation": {"accuracy": 68.75}, "test": {"accuracy": 66.66666666666666}}, "0.5": {"reduction_in_attributes": 53.84615384615385, "time": 0.00080108642578125, "reduction": 90.0, "validation": {"accuracy": 68.75}, "test": {"accuracy": 66.66666666666666}}, "0.6": {"reduction_in_attributes": 53.84615384615385, "time": 0.00074005126953125, "reduction": 96.875, "validation": {"accuracy": 71.25}, "test": {"accuracy": 66.66666666666666}}, "0.7": {"reduction_in_attributes": 53.84615384615385, "time": 0.0007431507110595703, "reduction": 98.75, "validation": {"accuracy": 40.0}, "test": {"accuracy": 38.88888888888889}}, "0.8": {"reduction_in_attributes": 53.84615384615385, "time": 0.0007307529449462891, "reduction": 99.375, "validation": {"accuracy": 40.0}, "test": {"accuracy": 38.88888888888889}}, "0.9": {"reduction_in_attributes": 53.84615384615385, "time": 0.0009870529174804688, "reduction": 99.375, "validation": {"accuracy": 40.0}, "test": {"accuracy": 38.88888888888889}}, "1.0": {"reduction_in_attributes": 53.84615384615385, "time": 0.0007462501525878906, "reduction": 99.375, "validation": {"accuracy": 40.0}, "test": {"accuracy": 38.88888888888889}}}, "6": {"0.0": {"reduction_in_attributes": 53.84615384615385, "time": 0.0008258819580078125, "reduction": 67.5, "validation": {"accuracy": 63.74999999999999}, "test": {"accuracy": 55.55555555555556}}, "0.1": {"reduction_in_attributes": 53.84615384615385, "time": 0.0007941722869873047, "reduction": 70.0, "validation": {"accuracy": 63.74999999999999}, "test": {"accuracy": 55.55555555555556}}, "0.2": {"reduction_in_attributes": 53.84615384615385, "time": 0.0007460117340087891, "reduction": 86.875, "validation": {"accuracy": 68.75}, "test": {"accuracy": 61.111111111111114}}, "0.3": {"reduction_in_attributes": 53.84615384615385, "time": 0.0008027553558349609, "reduction": 87.5, "validation": {"accuracy": 68.75}, "test": {"accuracy": 61.111111111111114}}, "0.4": {"reduction_in_attributes": 53.84615384615385, "time": 0.0007712841033935547, "reduction": 90.0, "validation": {"accuracy": 68.75}, "test": {"accuracy": 61.111111111111114}}, "0.5": {"reduction_in_attributes": 53.84615384615385, "time": 0.0007722377777099609, "reduction": 95.0, "validation": {"accuracy": 69.375}, "test": {"accuracy": 61.111111111111114}}, "0.6": {"reduction_in_attributes": 53.84615384615385, "time": 0.0007481575012207031, "reduction": 96.25, "validation": {"accuracy": 69.375}, "test": {"accuracy": 61.111111111111114}}, "0.7": {"reduction_in_attributes": 53.84615384615385, "time": 0.0007491111755371094, "reduction": 98.125, "validation": {"accuracy": 40.0}, "test": {"accuracy": 38.88888888888889}}, "0.8": {"reduction_in_attributes": 53.84615384615385, "time": 0.0007610321044921875, "reduction": 98.75, "validation": {"accuracy": 40.0}, "test": {"accuracy": 38.88888888888889}}, "0.9": {"reduction_in_attributes": 53.84615384615385, "time": 0.0007710456848144531, "reduction": 98.75, "validation": {"accuracy": 40.0}, "test": {"accuracy": 38.88888888888889}}, "1.0": {"reduction_in_attributes": 53.84615384615385, "time": 0.000762939453125, "reduction": 99.375, "validation": {"accuracy": 40.0}, "test": {"accuracy": 38.88888888888889}}},