{"3": {"0.0": {"reduction_in_attributes": 66.66666666666667, "time": 0.0016300678253173828, "reduction": 2.9090909090909056, "validation": {"accuracy": 77.0909090909091}, "test": {"accuracy": 77.41935483870968}}, "0.1": {"reduction_in_attributes": 66.66666666666667, "time": 0.0014388561248779297, "reduction": 27.636363636363637, "validation": {"accuracy": 73.45454545454545}, "test": {"accuracy": 74.19354838709677}}, "0.2": {"reduction_in_attributes": 66.66666666666667, "time": 0.0014493465423583984, "reduction": 27.636363636363637, "validation": {"accuracy": 73.45454545454545}, "test": {"accuracy": 74.19354838709677}}, "0.3": {"reduction_in_attributes": 66.66666666666667, "time": 0.001554250717163086, "reduction": 27.636363636363637, "validation": {"accuracy": 73.45454545454545}, "test": {"accuracy": 74.19354838709677}}, "0.4": {"reduction_in_attributes": 66.66666666666667, "time": 0.001689910888671875, "reduction": 27.636363636363637, "validation": {"accuracy": 73.45454545454545}, "test": {"accuracy": 74.19354838709677}}, "0.5": {"reduction_in_attributes": 66.66666666666667, "time": 0.0015170574188232422, "reduction": 27.636363636363637, "validation": {"accuracy": 73.45454545454545}, "test": {"accuracy": 74.19354838709677}}, "0.6": {"reduction_in_attributes": 66.66666666666667, "time": 0.0015990734100341797, "reduction": 27.636363636363637, "validation": {"accuracy": 73.45454545454545}, "test": {"accuracy": 74.19354838709677}}, "0.7": {"reduction_in_attributes": 66.66666666666667, "time": 0.0015499591827392578, "reduction": 27.636363636363637, "validation": {"accuracy": 73.45454545454545}, "test": {"accuracy": 74.19354838709677}}, "0.8": {"reduction_in_attributes": 66.66666666666667, "time": 0.001550912857055664, "reduction": 27.636363636363637, "validation": {"accuracy": 73.45454545454545}, "test": {"accuracy": 74.19354838709677}}, "0.9": {"reduction_in_attributes": 66.66666666666667, "time": 0.0015749931335449219, "reduction": 27.636363636363637, "validation": {"accuracy": 73.45454545454545}, "test": {"accuracy": 74.19354838709677}}, "1.0": {"reduction_in_attributes": 66.66666666666667, "time": 0.0014569759368896484, "reduction": 62.18181818181818, "validation": {"accuracy": 73.45454545454545}, "test": {"accuracy": 74.19354838709677}}}, "4": {"0.0": {"reduction_in_attributes": 66.66666666666667, "time": 0.001584768295288086, "reduction": 1.8181818181818188, "validation": {"accuracy": 77.0909090909091}, "test": {"accuracy": 64.51612903225806}}, "0.1": {"reduction_in_attributes": 66.66666666666667, "time": 0.0015289783477783203, "reduction": 26.909090909090907, "validation": {"accuracy": 73.45454545454545}, "test": {"accuracy": 74.19354838709677}}, "0.2": {"reduction_in_attributes": 66.66666666666667, "time": 0.0015387535095214844, "reduction": 26.909090909090907, "validation": {"accuracy": 73.45454545454545}, "test": {"accuracy": 74.19354838709677}}, "0.3": {"reduction_in_attributes": 66.66666666666667, "time": 0.001499176025390625, "reduction": 26.909090909090907, "validation": {"accuracy": 73.45454545454545}, "test": {"accuracy": 74.19354838709677}}, "0.4": {"reduction_in_attributes": 66.66666666666667, "time": 0.0016582012176513672, "reduction": 26.909090909090907, "validation": {"accuracy": 73.45454545454545}, "test": {"accuracy": 74.19354838709677}}, "0.5": {"reduction_in_attributes": 66.66666666666667, "time": 0.0015840530395507812, "reduction": 26.909090909090907, "validation": {"accuracy": 73.45454545454545}, "test": {"accuracy": 74.19354838709677}}, "0.6": {"reduction_in_attributes": 66.66666666666667, "time": 0.001531839370727539, "reduction": 26.909090909090907, "validation": {"accuracy": 73.45454545454545}, "test": {"accuracy": 74.19354838709677}}, "0.7": {"reduction_in_attributes": 66.66666666666667, "time": 0.0016269683837890625, "reduction": 26.909090909090907, "validation": {"accuracy": 73.45454545454545}, "test": {"accuracy": 74.19354838709677}}, "0.8": {"reduction_in_attributes": 66.66666666666667, "time": 0.001583099365234375, "reduction": 26.909090909090907, "validation": {"accuracy": 73.45454545454545}, "test": {"accuracy": 74.19354838709677}}, "0.9": {"reduction_in_attributes": 66.66666666666667, "time": 0.0015039443969726562, "reduction": 26.909090909090907, "validation": {"accuracy": 73.45454545454545}, "test": {"accuracy": 74.19354838709677}}, "1.0": {"reduction_in_attributes": 66.66666666666667, "time": 0.0014109611511230469, "reduction": 62.54545454545455, "validation": {"accuracy": 73.45454545454545}, "test": {"accuracy": 74.19354838709677}}}, "5": {"0.0": {"reduction_in_attributes": 66.66666666666667, "time": 0.0016069412231445312, "reduction": 2.9090909090909056, "validation": {"accuracy": 78.18181818181819}, "test": {"accuracy": 35.483870967741936}}, "0.1": {"reduction_in_attributes": 66.66666666666667, "time": 0.0014781951904296875, "reduction": 27.27272727272727, "validation": {"accuracy": 73.45454545454545}, "test": {"accuracy": 74.19354838709677}}, "0.2": {"reduction_in_attributes": 66.66666666666667, "time": 0.001512765884399414, "reduction": 27.27272727272727, "validation": {"accuracy": 73.45454545454545}, "test": {"accuracy": 74.19354838709677}}, "0.3": {"reduction_in_attributes": 66.66666666666667, "time": 0.0015251636505126953, "reduction": 27.27272727272727, "validation": {"accuracy": 73.45454545454545}, "test": {"accuracy": 74.19354838709677}}, "0.4": {"reduction_in_attributes": 66.66666666666667, "time": 0.0014820098876953125, "reduction": 27.27272727272727, "validation": {"accuracy": 73.45454545454545}, "test": {"accuracy": 74.19354838709677}}, "0.5": {"reduction_in_attributes": 66.66666666666667, "time": 0.0015590190887451172, "reduction": 27.27272727272727, "validation": {"accuracy": 73.45454545454545}, "test": {"accuracy": 74.19354838709677}}, "0.6": {"reduction_in_attributes": 66.66666666666667, "time": 0.0014698505401611328, "reduction": 27.27272727272727, "validation": {"accuracy": 73.45454545454545}, "test": {"accuracy": 74.19354838709677}}, "0.7": {"reduction_in_attributes": 66.66666666666667, "time": 0.0014798641204833984, "reduction": 27.27272727272727, "validation": {"accuracy": 73.45454545454545}, "test": {"accuracy": 74.19354838709677}}, "0.8": {"reduction_in_attributes": 66.66666666666667, "time": 0.00151824951171875, "reduction": 27.27272727272727, "validation": {"accuracy": 73.45454545454545}, "test": {"accuracy": 74.19354838709677}}, "0.9": {"reduction_in_attributes": 66.66666666666667, "time": 0.0014951229095458984, "reduction": 27.27272727272727, "validation": {"accuracy": 73.45454545454545}, "test": {"accuracy": 74.19354838709677}}, "1.0": {"reduction_in_attributes": 66.66666666666667, "time": 0.001374959945678711, "reduction": 59.27272727272728, "validation": {"accuracy": 73.45454545454545}, "test": {"accuracy": 74.19354838709677}}}, "6": {"0.0": {"reduction_in_attributes": 66.66666666666667, "time": 0.0015957355499267578, "reduction": 1.4545454545454528, "validation": {"accuracy": 77.0909090909091}, "test": {"accuracy": 67.74193548387096}}, "0.1": {"reduction_in_attributes": 66.66666666666667, "time": 0.001600027084350586, "reduction": 26.54545454545455, "validation": {"accuracy": 73.81818181818181}, "test": {"accuracy": 70.96774193548387}}, "0.2": {"reduction_in_attributes": 66.66666666666667, "time": 0.001499176025390625, "reduction": 26.54545454545455, "validation": {"accuracy": 73.81818181818181}, "test": {"accuracy": 70.96774193548387}}, "0.3": {"reduction_in_attributes": 66.66666666666667, "time": 0.0015730857849121094, "reduction": 26.54545454545455, "validation": {"accuracy": 73.81818181818181}, "test": {"accuracy": 70.96774193548387}}, "0.4": {"reduction_in_attributes": 66.66666666666667, "time": 0.0015769004821777344, "reduction": 26.54545454545455, "validation": {"accuracy": 73.81818181818181}, "test": {"accuracy": 70.96774193548387}}, "0.5": {"reduction_in_attributes": 66.66666666666667, "time": 0.0014870166778564453, "reduction": 26.54545454545455,