{"3": {"0.0": {"reduction_in_attributes": 66.66666666666667, "time": 0.002471923828125, "reduction": 1.285347043701801, "validation": {"accuracy": 65.55269922879178}, "test": {"accuracy": 53.48837209302325}}, "0.1": {"reduction_in_attributes": 66.66666666666667, "time": 0.002389192581176758, "reduction": 11.053984575835473, "validation": {"accuracy": 65.55269922879178}, "test": {"accuracy": 53.48837209302325}}, "0.2": {"reduction_in_attributes": 66.66666666666667, "time": 0.002373933792114258, "reduction": 12.339331619537274, "validation": {"accuracy": 65.55269922879178}, "test": {"accuracy": 53.48837209302325}}, "0.3": {"reduction_in_attributes": 66.66666666666667, "time": 0.002263784408569336, "reduction": 19.280205655526995, "validation": {"accuracy": 65.55269922879178}, "test": {"accuracy": 53.48837209302325}}, "0.4": {"reduction_in_attributes": 66.66666666666667, "time": 0.002295970916748047, "reduction": 19.537275064267355, "validation": {"accuracy": 81.74807197943444}, "test": {"accuracy": 74.4186046511628}}, "0.5": {"reduction_in_attributes": 66.66666666666667, "time": 0.0022690296173095703, "reduction": 19.79434447300771, "validation": {"accuracy": 81.74807197943444}, "test": {"accuracy": 74.4186046511628}}, "0.6": {"reduction_in_attributes": 66.66666666666667, "time": 0.0022809505462646484, "reduction": 21.07969151670951, "validation": {"accuracy": 80.719794344473}, "test": {"accuracy": 79.06976744186046}}, "0.7": {"reduction_in_attributes": 66.66666666666667, "time": 0.0022902488708496094, "reduction": 21.07969151670951, "validation": {"accuracy": 80.719794344473}, "test": {"accuracy": 79.06976744186046}}, "0.8": {"reduction_in_attributes": 66.66666666666667, "time": 0.002129077911376953, "reduction": 45.24421593830334, "validation": {"accuracy": 81.74807197943444}, "test": {"accuracy": 74.4186046511628}}, "0.9": {"reduction_in_attributes": 66.66666666666667, "time": 0.0021049976348876953, "reduction": 45.501285347043705, "validation": {"accuracy": 81.74807197943444}, "test": {"accuracy": 74.4186046511628}}, "1.0": {"reduction_in_attributes": 66.66666666666667, "time": 0.001983165740966797, "reduction": 74.55012853470437, "validation": {"accuracy": 52.69922879177378}, "test": {"accuracy": 53.48837209302325}}}, "4": {"0.0": {"reduction_in_attributes": 66.66666666666667, "time": 0.002443075180053711, "reduction": 1.285347043701801, "validation": {"accuracy": 64.26735218508998}, "test": {"accuracy": 62.7906976744186}}, "0.1": {"reduction_in_attributes": 66.66666666666667, "time": 0.002444028854370117, "reduction": 11.053984575835473, "validation": {"accuracy": 64.26735218508998}, "test": {"accuracy": 62.7906976744186}}, "0.2": {"reduction_in_attributes": 66.66666666666667, "time": 0.0024220943450927734, "reduction": 12.082262210796912, "validation": {"accuracy": 64.26735218508998}, "test": {"accuracy": 62.7906976744186}}, "0.3": {"reduction_in_attributes": 66.66666666666667, "time": 0.0023000240325927734, "reduction": 19.280205655526995, "validation": {"accuracy": 64.26735218508998}, "test": {"accuracy": 62.7906976744186}}, "0.4": {"reduction_in_attributes": 66.66666666666667, "time": 0.0023369789123535156, "reduction": 19.537275064267355, "validation": {"accuracy": 81.74807197943444}, "test": {"accuracy": 76.74418604651163}}, "0.5": {"reduction_in_attributes": 66.66666666666667, "time": 0.002262115478515625, "reduction": 19.79434447300771, "validation": {"accuracy": 81.74807197943444}, "test": {"accuracy": 76.74418604651163}}, "0.6": {"reduction_in_attributes": 66.66666666666667, "time": 0.002287149429321289, "reduction": 21.07969151670951, "validation": {"accuracy": 80.719794344473}, "test": {"accuracy": 79.06976744186046}}, "0.7": {"reduction_in_attributes": 66.66666666666667, "time": 0.002357006072998047, "reduction": 21.07969151670951, "validation": {"accuracy": 80.719794344473}, "test": {"accuracy": 79.06976744186046}}, "0.8": {"reduction_in_attributes": 66.66666666666667, "time": 0.002090930938720703, "reduction": 46.27249357326478, "validation": {"accuracy": 81.74807197943444}, "test": {"accuracy": 76.74418604651163}}, "0.9": {"reduction_in_attributes": 66.66666666666667, "time": 0.002124786376953125, "reduction": 46.786632390745496, "validation": {"accuracy": 81.74807197943444}, "test": {"accuracy": 76.74418604651163}}, "1.0": {"reduction_in_attributes": 66.66666666666667, "time": 0.0020248889923095703, "reduction": 75.57840616966581, "validation": {"accuracy": 52.69922879177378}, "test": {"accuracy": 53.48837209302325}}}, "5": {"0.0": {"reduction_in_attributes": 66.66666666666667, "time": 0.0024230480194091797, "reduction": 1.285347043701801, "validation": {"accuracy": 64.78149100257069}, "test": {"accuracy": 53.48837209302325}}, "0.1": {"reduction_in_attributes": 66.66666666666667, "time": 0.0023970603942871094, "reduction": 11.311053984575835, "validation": {"accuracy": 64.78149100257069}, "test": {"accuracy": 53.48837209302325}}, "0.2": {"reduction_in_attributes": 66.66666666666667, "time": 0.0023860931396484375, "reduction": 12.339331619537274, "validation": {"accuracy": 64.78149100257069}, "test": {"accuracy": 53.48837209302325}}, "0.3": {"reduction_in_attributes": 66.66666666666667, "time": 0.0022439956665039062, "reduction": 19.02313624678663, "validation": {"accuracy": 64.78149100257069}, "test": {"accuracy": 53.48837209302325}}, "0.4": {"reduction_in_attributes": 66.66666666666667, "time": 0.002374887466430664, "reduction": 19.280205655526995, "validation": {"accuracy": 82.0051413881748}, "test": {"accuracy": 79.06976744186046}}, "0.5": {"reduction_in_attributes": 66.66666666666667, "time": 0.0023157596588134766, "reduction": 19.537275064267355, "validation": {"accuracy": 82.0051413881748}, "test": {"accuracy": 79.06976744186046}}, "0.6": {"reduction_in_attributes": 66.66666666666667, "time": 0.0022859573364257812, "reduction": 20.822622107969146, "validation": {"accuracy": 80.97686375321337}, "test": {"accuracy": 76.74418604651163}}, "0.7": {"reduction_in_attributes": 66.66666666666667, "time": 0.0023648738861083984, "reduction": 20.822622107969146, "validation": {"accuracy": 80.97686375321337}, "test": {"accuracy": 76.74418604651163}}, "0.8": {"reduction_in_attributes": 66.66666666666667, "time": 0.0021140575408935547, "reduction": 45.24421593830334, "validation": {"accuracy": 82.0051413881748}, "test": {"accuracy": 79.06976744186046}}, "0.9": {"reduction_in_attributes": 66.66666666666667, "time": 0.002112865447998047, "reduction": 45.75835475578406, "validation": {"accuracy": 82.0051413881748}, "test": {"accuracy": 79.06976744186046}}, "1.0": {"reduction_in_attributes": 66.66666666666667, "time": 0.002004861831665039, "reduction": 75.32133676092545, "validation": {"accuracy": 52.69922879177378}, "test": {"accuracy": 53.48837209302325}}}, "6": {"0.0": {"reduction_in_attributes": 66.66666666666667, "time": 0.002429962158203125, "reduction": 1.285347043701801, "validation": {"accuracy": 64.01028277634961}, "test": {"accuracy": 65.11627906976744}}, "0.1": {"reduction_in_attributes": 66.66666666666667, "time": 0.0023920536041259766, "reduction": 8.22622107969152, "validation": {"accuracy": 64.01028277634961}, "test": {"accuracy": 65.11627906976744}}, "0.2": {"reduction_in_attributes": 66.66666666666667, "time": 0.002396106719970703, "reduction": 12.596401028277636, "validation": {"accuracy": 64.01028277634961}, "test": {"accuracy": 65.11627906976744}}, "0.3": {"reduction_in_attributes": 66.66666666666667, "time": 0.0022859573364257812, "reduction": 20.05141388174807, "validation": {"accuracy": 64.01028277634961}, "test": {"accuracy": 65.11627906976744}}, "0.4": {"reduction_in_attributes": 66.66666666666667, "time": 0.0023729801177978516, "reduction": 20.308483290488432, "validation": {"accuracy": 80.719794344473}, "test": {"accuracy": 81.3953488372093}}, "0.5": {"reduction_in_attributes": 66.66666666666667, "time": 0.0022661685943603516, "reduction": 20.822622107969146, "validation": {"accuracy": 80.719794344473},