{"3": {"0.0": {"reduction_in_attributes": 94.73684210526316, "time": 0.06527304649353027, "reduction": 17.989417989417987, "validation": {"accuracy": 49.735449735449734}, "test": {"accuracy": 37.22943722943723}}, "0.1": {"reduction_in_attributes": 94.73684210526316, "time": 0.0649709701538086, "reduction": 25.589225589225585, "validation": {"accuracy": 67.09956709956711}, "test": {"accuracy": 42.857142857142854}}, "0.2": {"reduction_in_attributes": 94.73684210526316, "time": 0.06702995300292969, "reduction": 11.976911976911975, "validation": {"accuracy": 56.08465608465608}, "test": {"accuracy": 40.692640692640694}}, "0.3": {"reduction_in_attributes": 94.73684210526316, "time": 0.06077218055725098, "reduction": 46.60894660894661, "validation": {"accuracy": 55.507455507455504}, "test": {"accuracy": 39.39393939393939}}, "0.4": {"reduction_in_attributes": 94.73684210526316, "time": 0.05578112602233887, "reduction": 99.95189995189995, "validation": {"accuracy": 14.285714285714285}, "test": {"accuracy": 14.285714285714285}}, "0.5": {"reduction_in_attributes": 94.73684210526316, "time": 0.057193756103515625, "reduction": 99.95189995189995, "validation": {"accuracy": 14.285714285714285}, "test": {"accuracy": 14.285714285714285}}, "0.6": {"reduction_in_attributes": 94.73684210526316, "time": 0.058412790298461914, "reduction": 99.95189995189995, "validation": {"accuracy": 14.285714285714285}, "test": {"accuracy": 14.285714285714285}}, "0.7": {"reduction_in_attributes": 94.73684210526316, "time": 0.058068037033081055, "reduction": 92.15969215969217, "validation": {"accuracy": 26.07022607022607}, "test": {"accuracy": 26.83982683982684}}, "0.8": {"reduction_in_attributes": 94.73684210526316, "time": 0.05754280090332031, "reduction": 98.50889850889851, "validation": {"accuracy": 26.599326599326602}, "test": {"accuracy": 27.27272727272727}}, "0.9": {"reduction_in_attributes": 94.73684210526316, "time": 0.05720090866088867, "reduction": 99.95189995189995, "validation": {"accuracy": 14.285714285714285}, "test": {"accuracy": 14.285714285714285}}, "1.0": {"reduction_in_attributes": 94.73684210526316, "time": 0.05782771110534668, "reduction": 99.90379990379991, "validation": {"accuracy": 14.285714285714285}, "test": {"accuracy": 14.285714285714285}}}, "4": {"0.0": {"reduction_in_attributes": 94.73684210526316, "time": 0.06622099876403809, "reduction": 24.531024531024524, "validation": {"accuracy": 63.25156325156325}, "test": {"accuracy": 43.290043290043286}}, "0.1": {"reduction_in_attributes": 94.73684210526316, "time": 0.06640791893005371, "reduction": 10.870610870610875, "validation": {"accuracy": 56.95045695045695}, "test": {"accuracy": 19.913419913419915}}, "0.2": {"reduction_in_attributes": 94.73684210526316, "time": 0.06630992889404297, "reduction": 11.255411255411252, "validation": {"accuracy": 50.312650312650305}, "test": {"accuracy": 27.27272727272727}}, "0.3": {"reduction_in_attributes": 94.73684210526316, "time": 0.06203484535217285, "reduction": 47.47474747474747, "validation": {"accuracy": 59.78835978835979}, "test": {"accuracy": 45.887445887445885}}, "0.4": {"reduction_in_attributes": 94.73684210526316, "time": 0.02853083610534668, "reduction": 100, "validation": 0.0, "test": 0.0}, "0.5": {"reduction_in_attributes": 94.73684210526316, "time": 0.058184146881103516, "reduction": 90.95719095719096, "validation": {"accuracy": 32.03463203463203}, "test": {"accuracy": 29.43722943722944}}, "0.6": {"reduction_in_attributes": 94.73684210526316, "time": 0.043334007263183594, "reduction": 69.6969696969697, "validation": {"accuracy": 16.835016835016837}, "test": {"accuracy": 16.017316017316016}}, "0.7": {"reduction_in_attributes": 94.73684210526316, "time": 0.05706024169921875, "reduction": 99.95189995189995, "validation": {"accuracy": 14.285714285714285}, "test": {"accuracy": 14.285714285714285}}, "0.8": {"reduction_in_attributes": 94.73684210526316, "time": 0.05780506134033203, "reduction": 99.95189995189995, "validation": {"accuracy": 14.285714285714285}, "test": {"accuracy": 14.285714285714285}}, "0.9": {"reduction_in_attributes": 94.73684210526316, "time": 0.05656695365905762, "reduction": 86.58008658008657, "validation": {"accuracy": 18.51851851851852}, "test": {"accuracy": 14.71861471861472}}, "1.0": {"reduction_in_attributes": 94.73684210526316, "time": 0.05510401725769043, "reduction": 99.95189995189995, "validation": {"accuracy": 14.285714285714285}, "test": {"accuracy": 14.285714285714285}}}, "5": {"0.0": {"reduction_in_attributes": 94.73684210526316, "time": 0.06159400939941406, "reduction": 21.596921596921593, "validation": {"accuracy": 59.06685906685907}, "test": {"accuracy": 48.05194805194805}}, "0.1": {"reduction_in_attributes": 94.73684210526316, "time": 0.0614619255065918, "reduction": 36.02693602693603, "validation": {"accuracy": 77.82587782587782}, "test": {"accuracy": 52.38095238095239}}, "0.2": {"reduction_in_attributes": 94.73684210526316, "time": 0.06370687484741211, "reduction": 28.234728234728234, "validation": {"accuracy": 55.17075517075517}, "test": {"accuracy": 13.41991341991342}}, "0.3": {"reduction_in_attributes": 94.73684210526316, "time": 0.028281211853027344, "reduction": 100, "validation": 0.0, "test": 0.0}, "0.4": {"reduction_in_attributes": 94.73684210526316, "time": 0.0546879768371582, "reduction": 96.24819624819625, "validation": {"accuracy": 20.250120250120247}, "test": {"accuracy": 17.74891774891775}}, "0.5": {"reduction_in_attributes": 94.73684210526316, "time": 0.06233477592468262, "reduction": 37.27753727753728, "validation": {"accuracy": 26.551226551226552}, "test": {"accuracy": 17.74891774891775}}, "0.6": {"reduction_in_attributes": 94.73684210526316, "time": 0.05808687210083008, "reduction": 99.85569985569985, "validation": {"accuracy": 14.285714285714285}, "test": {"accuracy": 14.285714285714285}}, "0.7": {"reduction_in_attributes": 94.73684210526316, "time": 0.058011770248413086, "reduction": 99.95189995189995, "validation": {"accuracy": 14.285714285714285}, "test": {"accuracy": 14.285714285714285}}, "0.8": {"reduction_in_attributes": 94.73684210526316, "time": 0.05830097198486328, "reduction": 88.79268879268879, "validation": {"accuracy": 21.645021645021643}, "test": {"accuracy": 12.554112554112553}}, "0.9": {"reduction_in_attributes": 94.73684210526316, "time": 0.05934596061706543, "reduction": 99.95189995189995, "validation": {"accuracy": 14.285714285714285}, "test": {"accuracy": 14.285714285714285}}, "1.0": {"reduction_in_attributes": 94.73684210526316, "time": 0.05860567092895508, "reduction": 99.95189995189995, "validation": {"accuracy": 14.285714285714285}, "test": {"accuracy": 14.285714285714285}}}, "6": {"0.0": {"reduction_in_attributes": 94.73684210526316, "time": 0.06897306442260742, "reduction": 8.994708994709, "validation": {"accuracy": 50.79365079365079}, "test": {"accuracy": 24.242424242424242}}, "0.1": {"reduction_in_attributes": 94.73684210526316, "time": 0.06885504722595215, "reduction": 17.6046176046176, "validation": {"accuracy": 51.22655122655123}, "test": {"accuracy": 23.809523809523807}}, "0.2": {"reduction_in_attributes": 94.73684210526316, "time": 0.06623983383178711, "reduction": 32.17893217893217, "validation": {"accuracy": 66.8109668109668}, "test": {"accuracy": 46.75324675324675}}, "0.3": {"reduction_in_attributes": 94.73684210526316, "time": 0.06366515159606934, "reduction": 38.14333814333815, "validation": {"accuracy": 94.22799422799423}, "test": {"accuracy": 52.38095238095239}}, "0.4": {"reduction_in_attributes": 94.73684210526316, "time": 0.0625920295715332, "reduction": 45.887445887445885, "validation": {"accuracy": 97.5949975949976}, "test": {"accuracy": 36.79653679653679}}, "0.5": {"reduction_in_attributes": 94.73684210526316, "time": 0.05849313735961914, "reduction": 91.1976911976912, "validation": {"accuracy": 32.17893217893218}, "test": {"accuracy": 29.004329004329005}}, "0.6": {"reduction_in_attributes": 94.73684210526316, "time": 0.06197094917297363,