{"3": {"0.0": {"reduction_in_attributes": 68.23529411764706, "time": 2.6877059936523438, "reduction": 75.72398190045249, "validation": {"accuracy": 94.0158371040724}, "test": {"accuracy": 94.09368635437882}}, "0.1": {"reduction_in_attributes": 68.23529411764706, "time": 2.6758902072906494, "reduction": 81.47058823529412, "validation": {"accuracy": 94.02714932126696}, "test": {"accuracy": 94.09368635437882}}, "0.2": {"reduction_in_attributes": 68.23529411764706, "time": 2.6967480182647705, "reduction": 81.47058823529412, "validation": {"accuracy": 94.02714932126696}, "test": {"accuracy": 94.09368635437882}}, "0.3": {"reduction_in_attributes": 68.23529411764706, "time": 2.6885969638824463, "reduction": 81.47058823529412, "validation": {"accuracy": 94.02714932126696}, "test": {"accuracy": 94.09368635437882}}, "0.4": {"reduction_in_attributes": 68.23529411764706, "time": 2.6779160499572754, "reduction": 81.47058823529412, "validation": {"accuracy": 94.02714932126696}, "test": {"accuracy": 94.09368635437882}}, "0.5": {"reduction_in_attributes": 68.23529411764706, "time": 2.6622347831726074, "reduction": 81.47058823529412, "validation": {"accuracy": 94.02714932126696}, "test": {"accuracy": 94.09368635437882}}, "0.6": {"reduction_in_attributes": 68.23529411764706, "time": 2.654111862182617, "reduction": 81.47058823529412, "validation": {"accuracy": 94.02714932126696}, "test": {"accuracy": 94.09368635437882}}, "0.7": {"reduction_in_attributes": 68.23529411764706, "time": 2.639846086502075, "reduction": 81.47058823529412, "validation": {"accuracy": 94.02714932126696}, "test": {"accuracy": 94.09368635437882}}, "0.8": {"reduction_in_attributes": 68.23529411764706, "time": 2.630903720855713, "reduction": 81.47058823529412, "validation": {"accuracy": 94.02714932126696}, "test": {"accuracy": 94.09368635437882}}, "0.9": {"reduction_in_attributes": 68.23529411764706, "time": 2.6535980701446533, "reduction": 81.47058823529412, "validation": {"accuracy": 94.02714932126696}, "test": {"accuracy": 94.09368635437882}}, "1.0": {"reduction_in_attributes": 68.23529411764706, "time": 2.5005886554718018, "reduction": 99.98868778280543, "validation": {"accuracy": 94.02714932126696}, "test": {"accuracy": 94.09368635437882}}}, "4": {"0.0": {"reduction_in_attributes": 65.88235294117646, "time": 2.7650270462036133, "reduction": 75.01131221719457, "validation": {"accuracy": 92.6131221719457}, "test": {"accuracy": 93.48268839103869}}, "0.1": {"reduction_in_attributes": 65.88235294117646, "time": 2.744804859161377, "reduction": 80.7579185520362, "validation": {"accuracy": 94.02714932126696}, "test": {"accuracy": 94.09368635437882}}, "0.2": {"reduction_in_attributes": 65.88235294117646, "time": 2.7600460052490234, "reduction": 80.7579185520362, "validation": {"accuracy": 94.02714932126696}, "test": {"accuracy": 94.09368635437882}}, "0.3": {"reduction_in_attributes": 65.88235294117646, "time": 2.752657890319824, "reduction": 80.7579185520362, "validation": {"accuracy": 94.02714932126696}, "test": {"accuracy": 94.09368635437882}}, "0.4": {"reduction_in_attributes": 65.88235294117646, "time": 2.760890245437622, "reduction": 80.7579185520362, "validation": {"accuracy": 94.02714932126696}, "test": {"accuracy": 94.09368635437882}}, "0.5": {"reduction_in_attributes": 65.88235294117646, "time": 2.71628999710083, "reduction": 80.7579185520362, "validation": {"accuracy": 94.02714932126696}, "test": {"accuracy": 94.09368635437882}}, "0.6": {"reduction_in_attributes": 65.88235294117646, "time": 2.5242230892181396, "reduction": 80.7579185520362, "validation": {"accuracy": 94.02714932126696}, "test": {"accuracy": 94.09368635437882}}, "0.7": {"reduction_in_attributes": 65.88235294117646, "time": 2.7704660892486572, "reduction": 80.7579185520362, "validation": {"accuracy": 94.02714932126696}, "test": {"accuracy": 94.09368635437882}}, "0.8": {"reduction_in_attributes": 65.88235294117646, "time": 2.7430500984191895, "reduction": 80.7579185520362, "validation": {"accuracy": 94.02714932126696}, "test": {"accuracy": 94.09368635437882}}, "0.9": {"reduction_in_attributes": 65.88235294117646, "time": 2.6266930103302, "reduction": 80.7579185520362, "validation": {"accuracy": 94.02714932126696}, "test": {"accuracy": 94.09368635437882}}, "1.0": {"reduction_in_attributes": 65.88235294117646, "time": 2.413999319076538, "reduction": 99.98868778280543, "validation": {"accuracy": 94.02714932126696}, "test": {"accuracy": 94.09368635437882}}}, "5": {"0.0": {"reduction_in_attributes": 69.41176470588235, "time": 2.5586941242218018, "reduction": 75.29411764705883, "validation": {"accuracy": 94.00452488687783}, "test": {"accuracy": 94.19551934826885}}, "0.1": {"reduction_in_attributes": 69.41176470588235, "time": 2.5510740280151367, "reduction": 81.0633484162896, "validation": {"accuracy": 94.02714932126696}, "test": {"accuracy": 94.09368635437882}}, "0.2": {"reduction_in_attributes": 69.41176470588235, "time": 2.479712724685669, "reduction": 81.0633484162896, "validation": {"accuracy": 94.02714932126696}, "test": {"accuracy": 94.09368635437882}}, "0.3": {"reduction_in_attributes": 69.41176470588235, "time": 2.265305995941162, "reduction": 81.0633484162896, "validation": {"accuracy": 94.02714932126696}, "test": {"accuracy": 94.09368635437882}}, "0.4": {"reduction_in_attributes": 69.41176470588235, "time": 2.565347671508789, "reduction": 81.0633484162896, "validation": {"accuracy": 94.02714932126696}, "test": {"accuracy": 94.09368635437882}}, "0.5": {"reduction_in_attributes": 69.41176470588235, "time": 2.525216817855835, "reduction": 81.0633484162896, "validation": {"accuracy": 94.02714932126696}, "test": {"accuracy": 94.09368635437882}}, "0.6": {"reduction_in_attributes": 69.41176470588235, "time": 2.4755501747131348, "reduction": 81.0633484162896, "validation": {"accuracy": 94.02714932126696}, "test": {"accuracy": 94.09368635437882}}, "0.7": {"reduction_in_attributes": 69.41176470588235, "time": 2.2494869232177734, "reduction": 81.0633484162896, "validation": {"accuracy": 94.02714932126696}, "test": {"accuracy": 94.09368635437882}}, "0.8": {"reduction_in_attributes": 69.41176470588235, "time": 2.569459915161133, "reduction": 81.0633484162896, "validation": {"accuracy": 94.02714932126696}, "test": {"accuracy": 94.09368635437882}}, "0.9": {"reduction_in_attributes": 69.41176470588235, "time": 2.548851251602173, "reduction": 81.0633484162896, "validation": {"accuracy": 94.02714932126696}, "test": {"accuracy": 94.09368635437882}}, "1.0": {"reduction_in_attributes": 69.41176470588235, "time": 2.4235830307006836, "reduction": 99.98868778280543, "validation": {"accuracy": 94.02714932126696}, "test": {"accuracy": 94.09368635437882}}}, "6": {"0.0": {"reduction_in_attributes": 67.05882352941177, "time": 2.4532270431518555, "reduction": 75.06787330316742, "validation": {"accuracy": 93.94796380090497}, "test": {"accuracy": 93.89002036659878}}, "0.1": {"reduction_in_attributes": 67.05882352941177, "time": 2.5111827850341797, "reduction": 80.90497737556561, "validation": {"accuracy": 94.02714932126696}, "test": {"accuracy": 94.09368635437882}}, "0.2": {"reduction_in_attributes": 67.05882352941177, "time": 2.693814992904663, "reduction": 80.90497737556561, "validation": {"accuracy": 94.02714932126696}, "test": {"accuracy": 94.09368635437882}}, "0.3": {"reduction_in_attributes": 67.05882352941177, "time": 2.6803979873657227, "reduction": 80.90497737556561, "validation": {"accuracy": 94.02714932126696}, "test": {"accuracy": 94.09368635437882}}, "0.4": {"reduction_in_attributes": 67.05882352941177, "time": 2.4789159297943115, "reduction": 80.90497737556561, "validation": {"accuracy": 94.02714932126696}, "test": {"accuracy": 94.09368635437882}}, "0.5": {"reduction_in_attributes": 67.05882352941177, "time": 2.51112699508667, "reduction": 80.90497737556561, "validation": {"accuracy": 94.02714932126696}, "test": {"accuracy": 94.09368635437882}}, "0.6": {"reduction_in_attributes": 67.05882352941177, "time": 2.717264175415039,