{"3": {"0.0": {"reduction_in_attributes": 66.66666666666667, "time": 0.0023450851440429688, "reduction": 11.075949367088612, "validation": {"accuracy": 70.25316455696202}, "test": {"accuracy": 68.57142857142857}}, "0.1": {"reduction_in_attributes": 66.66666666666667, "time": 0.002126932144165039, "reduction": 24.68354430379747, "validation": {"accuracy": 70.25316455696202}, "test": {"accuracy": 68.57142857142857}}, "0.2": {"reduction_in_attributes": 66.66666666666667, "time": 0.002079010009765625, "reduction": 36.39240506329114, "validation": {"accuracy": 73.41772151898735}, "test": {"accuracy": 71.42857142857143}}, "0.3": {"reduction_in_attributes": 66.66666666666667, "time": 0.0020780563354492188, "reduction": 40.50632911392405, "validation": {"accuracy": 63.92405063291139}, "test": {"accuracy": 65.71428571428571}}, "0.4": {"reduction_in_attributes": 66.66666666666667, "time": 0.0019540786743164062, "reduction": 40.50632911392405, "validation": {"accuracy": 63.92405063291139}, "test": {"accuracy": 65.71428571428571}}, "0.5": {"reduction_in_attributes": 66.66666666666667, "time": 0.0020599365234375, "reduction": 40.50632911392405, "validation": {"accuracy": 63.92405063291139}, "test": {"accuracy": 65.71428571428571}}, "0.6": {"reduction_in_attributes": 66.66666666666667, "time": 0.0019681453704833984, "reduction": 40.50632911392405, "validation": {"accuracy": 63.92405063291139}, "test": {"accuracy": 65.71428571428571}}, "0.7": {"reduction_in_attributes": 66.66666666666667, "time": 0.0019762516021728516, "reduction": 40.50632911392405, "validation": {"accuracy": 63.92405063291139}, "test": {"accuracy": 65.71428571428571}}, "0.8": {"reduction_in_attributes": 66.66666666666667, "time": 0.0019991397857666016, "reduction": 40.50632911392405, "validation": {"accuracy": 63.92405063291139}, "test": {"accuracy": 65.71428571428571}}, "0.9": {"reduction_in_attributes": 66.66666666666667, "time": 0.0019502639770507812, "reduction": 55.696202531645575, "validation": {"accuracy": 63.92405063291139}, "test": {"accuracy": 65.71428571428571}}, "1.0": {"reduction_in_attributes": 66.66666666666667, "time": 0.0019078254699707031, "reduction": 64.87341772151899, "validation": {"accuracy": 63.92405063291139}, "test": {"accuracy": 65.71428571428571}}}, "4": {"0.0": {"reduction_in_attributes": 63.63636363636363, "time": 0.0024619102478027344, "reduction": 15.189873417721522, "validation": {"accuracy": 72.15189873417721}, "test": {"accuracy": 77.14285714285715}}, "0.1": {"reduction_in_attributes": 63.63636363636363, "time": 0.0020761489868164062, "reduction": 29.430379746835445, "validation": {"accuracy": 71.51898734177216}, "test": {"accuracy": 77.14285714285715}}, "0.2": {"reduction_in_attributes": 63.63636363636363, "time": 0.002207040786743164, "reduction": 42.08860759493671, "validation": {"accuracy": 72.15189873417721}, "test": {"accuracy": 85.71428571428571}}, "0.3": {"reduction_in_attributes": 63.63636363636363, "time": 0.002402067184448242, "reduction": 44.93670886075949, "validation": {"accuracy": 63.92405063291139}, "test": {"accuracy": 65.71428571428571}}, "0.4": {"reduction_in_attributes": 63.63636363636363, "time": 0.002044200897216797, "reduction": 44.93670886075949, "validation": {"accuracy": 63.92405063291139}, "test": {"accuracy": 65.71428571428571}}, "0.5": {"reduction_in_attributes": 63.63636363636363, "time": 0.0020008087158203125, "reduction": 44.93670886075949, "validation": {"accuracy": 63.92405063291139}, "test": {"accuracy": 65.71428571428571}}, "0.6": {"reduction_in_attributes": 63.63636363636363, "time": 0.0020151138305664062, "reduction": 44.93670886075949, "validation": {"accuracy": 63.92405063291139}, "test": {"accuracy": 65.71428571428571}}, "0.7": {"reduction_in_attributes": 63.63636363636363, "time": 0.0020530223846435547, "reduction": 44.93670886075949, "validation": {"accuracy": 63.92405063291139}, "test": {"accuracy": 65.71428571428571}}, "0.8": {"reduction_in_attributes": 63.63636363636363, "time": 0.0020380020141601562, "reduction": 45.25316455696202, "validation": {"accuracy": 63.92405063291139}, "test": {"accuracy": 65.71428571428571}}, "0.9": {"reduction_in_attributes": 63.63636363636363, "time": 0.0018830299377441406, "reduction": 56.0126582278481, "validation": {"accuracy": 63.92405063291139}, "test": {"accuracy": 65.71428571428571}}, "1.0": {"reduction_in_attributes": 63.63636363636363, "time": 0.0018181800842285156, "reduction": 66.77215189873418, "validation": {"accuracy": 63.92405063291139}, "test": {"accuracy": 65.71428571428571}}}, "5": {"0.0": {"reduction_in_attributes": 66.66666666666667, "time": 0.0020029544830322266, "reduction": 19.620253164556967, "validation": {"accuracy": 42.721518987341774}, "test": {"accuracy": 37.142857142857146}}, "0.1": {"reduction_in_attributes": 66.66666666666667, "time": 0.002393007278442383, "reduction": 35.44303797468354, "validation": {"accuracy": 42.721518987341774}, "test": {"accuracy": 37.142857142857146}}, "0.2": {"reduction_in_attributes": 66.66666666666667, "time": 0.0019068717956542969, "reduction": 44.620253164556964, "validation": {"accuracy": 70.25316455696202}, "test": {"accuracy": 68.57142857142857}}, "0.3": {"reduction_in_attributes": 66.66666666666667, "time": 0.001958131790161133, "reduction": 47.78481012658228, "validation": {"accuracy": 68.0379746835443}, "test": {"accuracy": 65.71428571428571}}, "0.4": {"reduction_in_attributes": 66.66666666666667, "time": 0.002076864242553711, "reduction": 48.10126582278481, "validation": {"accuracy": 63.92405063291139}, "test": {"accuracy": 65.71428571428571}}, "0.5": {"reduction_in_attributes": 66.66666666666667, "time": 0.0022170543670654297, "reduction": 48.10126582278481, "validation": {"accuracy": 63.92405063291139}, "test": {"accuracy": 65.71428571428571}}, "0.6": {"reduction_in_attributes": 66.66666666666667, "time": 0.0023500919342041016, "reduction": 48.10126582278481, "validation": {"accuracy": 63.92405063291139}, "test": {"accuracy": 65.71428571428571}}, "0.7": {"reduction_in_attributes": 66.66666666666667, "time": 0.0021810531616210938, "reduction": 48.10126582278481, "validation": {"accuracy": 63.92405063291139}, "test": {"accuracy": 65.71428571428571}}, "0.8": {"reduction_in_attributes": 66.66666666666667, "time": 0.0020520687103271484, "reduction": 48.73417721518988, "validation": {"accuracy": 63.92405063291139}, "test": {"accuracy": 65.71428571428571}}, "0.9": {"reduction_in_attributes": 66.66666666666667, "time": 0.0018389225006103516, "reduction": 55.37974683544304, "validation": {"accuracy": 63.92405063291139}, "test": {"accuracy": 65.71428571428571}}, "1.0": {"reduction_in_attributes": 66.66666666666667, "time": 0.002521038055419922, "reduction": 66.45569620253164, "validation": {"accuracy": 63.92405063291139}, "test": {"accuracy": 65.71428571428571}}}, "6": {"0.0": {"reduction_in_attributes": 66.66666666666667, "time": 0.002177000045776367, "reduction": 13.607594936708855, "validation": {"accuracy": 72.78481012658227}, "test": {"accuracy": 80.0}}, "0.1": {"reduction_in_attributes": 66.66666666666667, "time": 0.0019850730895996094, "reduction": 31.0126582278481, "validation": {"accuracy": 72.78481012658227}, "test": {"accuracy": 80.0}}, "0.2": {"reduction_in_attributes": 66.66666666666667, "time": 0.002373218536376953, "reduction": 40.50632911392405, "validation": {"accuracy": 73.10126582278481}, "test": {"accuracy": 77.14285714285715}}, "0.3": {"reduction_in_attributes": 66.66666666666667, "time": 0.0021660327911376953, "reduction": 43.35443037974683, "validation": {"accuracy": 64.24050632911393}, "test": {"accuracy": 62.857142857142854}}, "0.4": {"reduction_in_attributes": 66.66666666666667, "time": 0.0028510093688964844, "reduction": 43.35443037974683, "validation": {"accuracy": 64.24050632911393}, "test": {"accuracy": 62.857142857142854}}, "0.5": {"reduction_in_attributes": 66.66666666666667, "time": 0.001889944076538086, "reduction": 43.35443037974683, "validation": {"accuracy": 64.24050632911393},