{"3": {"0.0": {"reduction_in_attributes": 75.0, "time": 0.004712104797363281, "reduction": 0.0, "validation": {"accuracy": 64.59074733096085}, "test": {"accuracy": 53.96825396825397}}, "0.1": {"reduction_in_attributes": 75.0, "time": 0.005957841873168945, "reduction": 7.829181494661919, "validation": {"accuracy": 64.59074733096085}, "test": {"accuracy": 53.96825396825397}}, "0.2": {"reduction_in_attributes": 75.0, "time": 0.004562854766845703, "reduction": 7.829181494661919, "validation": {"accuracy": 64.59074733096085}, "test": {"accuracy": 53.96825396825397}}, "0.3": {"reduction_in_attributes": 75.0, "time": 0.005215167999267578, "reduction": 7.829181494661919, "validation": {"accuracy": 64.59074733096085}, "test": {"accuracy": 53.96825396825397}}, "0.4": {"reduction_in_attributes": 75.0, "time": 0.0045528411865234375, "reduction": 7.829181494661919, "validation": {"accuracy": 64.59074733096085}, "test": {"accuracy": 53.96825396825397}}, "0.5": {"reduction_in_attributes": 75.0, "time": 0.004925966262817383, "reduction": 7.829181494661919, "validation": {"accuracy": 64.59074733096085}, "test": {"accuracy": 53.96825396825397}}, "0.6": {"reduction_in_attributes": 75.0, "time": 0.004637956619262695, "reduction": 7.829181494661919, "validation": {"accuracy": 64.59074733096085}, "test": {"accuracy": 53.96825396825397}}, "0.7": {"reduction_in_attributes": 75.0, "time": 0.0062978267669677734, "reduction": 14.056939501779365, "validation": {"accuracy": 64.59074733096085}, "test": {"accuracy": 53.96825396825397}}, "0.8": {"reduction_in_attributes": 75.0, "time": 0.004251241683959961, "reduction": 27.224199288256223, "validation": {"accuracy": 64.59074733096085}, "test": {"accuracy": 53.96825396825397}}, "0.9": {"reduction_in_attributes": 75.0, "time": 0.0040819644927978516, "reduction": 45.55160142348754, "validation": {"accuracy": 64.59074733096085}, "test": {"accuracy": 53.96825396825397}}, "1.0": {"reduction_in_attributes": 75.0, "time": 0.004076957702636719, "reduction": 85.05338078291815, "validation": {"accuracy": 46.08540925266904}, "test": {"accuracy": 46.03174603174603}}}, "4": {"0.0": {"reduction_in_attributes": 75.0, "time": 0.004630088806152344, "reduction": 0.0, "validation": {"accuracy": 64.41281138790036}, "test": {"accuracy": 55.55555555555556}}, "0.1": {"reduction_in_attributes": 75.0, "time": 0.004519939422607422, "reduction": 7.829181494661919, "validation": {"accuracy": 64.41281138790036}, "test": {"accuracy": 55.55555555555556}}, "0.2": {"reduction_in_attributes": 75.0, "time": 0.004667043685913086, "reduction": 7.829181494661919, "validation": {"accuracy": 64.41281138790036}, "test": {"accuracy": 55.55555555555556}}, "0.3": {"reduction_in_attributes": 75.0, "time": 0.004467010498046875, "reduction": 7.829181494661919, "validation": {"accuracy": 64.41281138790036}, "test": {"accuracy": 55.55555555555556}}, "0.4": {"reduction_in_attributes": 75.0, "time": 0.004656076431274414, "reduction": 7.829181494661919, "validation": {"accuracy": 64.41281138790036}, "test": {"accuracy": 55.55555555555556}}, "0.5": {"reduction_in_attributes": 75.0, "time": 0.004481077194213867, "reduction": 7.829181494661919, "validation": {"accuracy": 64.41281138790036}, "test": {"accuracy": 55.55555555555556}}, "0.6": {"reduction_in_attributes": 75.0, "time": 0.004655122756958008, "reduction": 7.829181494661919, "validation": {"accuracy": 64.41281138790036}, "test": {"accuracy": 55.55555555555556}}, "0.7": {"reduction_in_attributes": 75.0, "time": 0.004363059997558594, "reduction": 15.302491103202842, "validation": {"accuracy": 64.41281138790036}, "test": {"accuracy": 55.55555555555556}}, "0.8": {"reduction_in_attributes": 75.0, "time": 0.004187107086181641, "reduction": 27.580071174377217, "validation": {"accuracy": 64.41281138790036}, "test": {"accuracy": 55.55555555555556}}, "0.9": {"reduction_in_attributes": 75.0, "time": 0.004010915756225586, "reduction": 45.907473309608534, "validation": {"accuracy": 64.41281138790036}, "test": {"accuracy": 55.55555555555556}}, "1.0": {"reduction_in_attributes": 75.0, "time": 0.003740072250366211, "reduction": 83.98576512455516, "validation": {"accuracy": 46.08540925266904}, "test": {"accuracy": 46.03174603174603}}}, "5": {"0.0": {"reduction_in_attributes": 75.0, "time": 0.004626035690307617, "reduction": 0.0, "validation": {"accuracy": 64.41281138790036}, "test": {"accuracy": 55.55555555555556}}, "0.1": {"reduction_in_attributes": 75.0, "time": 0.004492044448852539, "reduction": 7.829181494661919, "validation": {"accuracy": 64.41281138790036}, "test": {"accuracy": 55.55555555555556}}, "0.2": {"reduction_in_attributes": 75.0, "time": 0.004476785659790039, "reduction": 7.829181494661919, "validation": {"accuracy": 64.41281138790036}, "test": {"accuracy": 55.55555555555556}}, "0.3": {"reduction_in_attributes": 75.0, "time": 0.004646778106689453, "reduction": 7.829181494661919, "validation": {"accuracy": 64.41281138790036}, "test": {"accuracy": 55.55555555555556}}, "0.4": {"reduction_in_attributes": 75.0, "time": 0.004363059997558594, "reduction": 7.829181494661919, "validation": {"accuracy": 64.41281138790036}, "test": {"accuracy": 55.55555555555556}}, "0.5": {"reduction_in_attributes": 75.0, "time": 0.0045049190521240234, "reduction": 7.829181494661919, "validation": {"accuracy": 64.41281138790036}, "test": {"accuracy": 55.55555555555556}}, "0.6": {"reduction_in_attributes": 75.0, "time": 0.004595041275024414, "reduction": 7.829181494661919, "validation": {"accuracy": 64.41281138790036}, "test": {"accuracy": 55.55555555555556}}, "0.7": {"reduction_in_attributes": 75.0, "time": 0.004369974136352539, "reduction": 14.234875444839856, "validation": {"accuracy": 64.41281138790036}, "test": {"accuracy": 55.55555555555556}}, "0.8": {"reduction_in_attributes": 75.0, "time": 0.004286050796508789, "reduction": 27.046263345195733, "validation": {"accuracy": 64.41281138790036}, "test": {"accuracy": 55.55555555555556}}, "0.9": {"reduction_in_attributes": 75.0, "time": 0.004003286361694336, "reduction": 45.195729537366546, "validation": {"accuracy": 64.41281138790036}, "test": {"accuracy": 55.55555555555556}}, "1.0": {"reduction_in_attributes": 75.0, "time": 0.0037200450897216797, "reduction": 85.23131672597864, "validation": {"accuracy": 46.08540925266904}, "test": {"accuracy": 46.03174603174603}}}, "6": {"0.0": {"reduction_in_attributes": 75.0, "time": 0.004812002182006836, "reduction": 0.0, "validation": {"accuracy": 63.58792184724689}, "test": {"accuracy": 62.903225806451616}}, "0.1": {"reduction_in_attributes": 75.0, "time": 0.004750967025756836, "reduction": 7.815275310834813, "validation": {"accuracy": 63.41030195381882}, "test": {"accuracy": 64.51612903225806}}, "0.2": {"reduction_in_attributes": 75.0, "time": 0.004556179046630859, "reduction": 7.815275310834813, "validation": {"accuracy": 63.58792184724689}, "test": {"accuracy": 62.903225806451616}}, "0.3": {"reduction_in_attributes": 75.0, "time": 0.004615068435668945, "reduction": 7.815275310834813, "validation": {"accuracy": 62.699822380106575}, "test": {"accuracy": 70.96774193548387}}, "0.4": {"reduction_in_attributes": 75.0, "time": 0.004619121551513672, "reduction": 7.815275310834813, "validation": {"accuracy": 63.41030195381882}, "test": {"accuracy": 64.51612903225806}}, "0.5": {"reduction_in_attributes": 75.0, "time": 0.00453495979309082, "reduction": 7.815275310834813, "validation": {"accuracy": 62.699822380106575}, "test": {"accuracy": 70.96774193548387}}, "0.6": {"reduction_in_attributes": 75.0, "time": 0.004622936248779297, "reduction": 7.815275310834813, "validation": {"accuracy": 63.58792184724689}, "test": {"accuracy": 62.903225806451616}}, "0.7": {"reduction_in_attributes": 75.0, "time": 0.00503087043762207, "reduction": 10.479573712255775, "validation": {"accuracy": 63.232682060390765}, "test": {"accuracy": 66.12903225806451}}, "0.8": {"reduction_in_attributes": 75.0, "time": 0.004111766815185547, "reduction": 28.063943161634107,