{"3": {"0.0": {"time": 8.152529954910278, "reduction": 28.5972850678733, "validation": {"accuracy": 92.62443438914028}, "test": {"accuracy": 92.87169042769857}}, "0.1": {"time": 7.136055946350098, "reduction": 34.51357466063348, "validation": {"accuracy": 94.02714932126696}, "test": {"accuracy": 94.09368635437882}}, "0.2": {"time": 6.929377794265747, "reduction": 34.51357466063348, "validation": {"accuracy": 94.02714932126696}, "test": {"accuracy": 94.09368635437882}}, "0.3": {"time": 7.0024261474609375, "reduction": 34.51357466063348, "validation": {"accuracy": 94.02714932126696}, "test": {"accuracy": 94.09368635437882}}, "0.4": {"time": 6.94818115234375, "reduction": 34.51357466063348, "validation": {"accuracy": 94.02714932126696}, "test": {"accuracy": 94.09368635437882}}, "0.5": {"time": 6.989153861999512, "reduction": 34.51357466063348, "validation": {"accuracy": 94.02714932126696}, "test": {"accuracy": 94.09368635437882}}, "0.6": {"time": 6.95074725151062, "reduction": 34.51357466063348, "validation": {"accuracy": 94.02714932126696}, "test": {"accuracy": 94.09368635437882}}, "0.7": {"time": 7.093553781509399, "reduction": 34.51357466063348, "validation": {"accuracy": 94.02714932126696}, "test": {"accuracy": 94.09368635437882}}, "0.8": {"time": 7.0354602336883545, "reduction": 34.51357466063348, "validation": {"accuracy": 94.02714932126696}, "test": {"accuracy": 94.09368635437882}}, "0.9": {"time": 7.114675998687744, "reduction": 34.51357466063348, "validation": {"accuracy": 94.02714932126696}, "test": {"accuracy": 94.09368635437882}}, "1.0": {"time": 5.82257604598999, "reduction": 99.98868778280543, "validation": {"accuracy": 94.02714932126696}, "test": {"accuracy": 94.09368635437882}}}, "4": {"0.0": {"time": 7.29361891746521, "reduction": 24.570135746606336, "validation": {"accuracy": 92.92986425339367}, "test": {"accuracy": 93.07535641547861}}, "0.1": {"time": 7.796994686126709, "reduction": 30.46380090497738, "validation": {"accuracy": 94.02714932126696}, "test": {"accuracy": 94.09368635437882}}, "0.2": {"time": 7.260660886764526, "reduction": 30.46380090497738, "validation": {"accuracy": 94.02714932126696}, "test": {"accuracy": 94.09368635437882}}, "0.3": {"time": 7.709702968597412, "reduction": 30.46380090497738, "validation": {"accuracy": 94.02714932126696}, "test": {"accuracy": 94.09368635437882}}, "0.4": {"time": 7.471843957901001, "reduction": 30.46380090497738, "validation": {"accuracy": 94.02714932126696}, "test": {"accuracy": 94.09368635437882}}, "0.5": {"time": 7.726062297821045, "reduction": 30.46380090497738, "validation": {"accuracy": 94.02714932126696}, "test": {"accuracy": 94.09368635437882}}, "0.6": {"time": 7.210070848464966, "reduction": 30.46380090497738, "validation": {"accuracy": 94.02714932126696}, "test": {"accuracy": 94.09368635437882}}, "0.7": {"time": 7.256747007369995, "reduction": 30.46380090497738, "validation": {"accuracy": 94.02714932126696}, "test": {"accuracy": 94.09368635437882}}, "0.8": {"time": 7.208114862442017, "reduction": 30.46380090497738, "validation": {"accuracy": 94.02714932126696}, "test": {"accuracy": 94.09368635437882}}, "0.9": {"time": 7.204087734222412, "reduction": 30.46380090497738, "validation": {"accuracy": 94.02714932126696}, "test": {"accuracy": 94.09368635437882}}, "1.0": {"time": 5.709350109100342, "reduction": 93.98190045248869, "validation": {"accuracy": 94.02714932126696}, "test": {"accuracy": 94.09368635437882}}}, "5": {"0.0": {"time": 7.290518045425415, "reduction": 22.8393665158371, "validation": {"accuracy": 93.46153846153847}, "test": {"accuracy": 93.27902240325867}}, "0.1": {"time": 7.2480552196502686, "reduction": 28.755656108597282, "validation": {"accuracy": 94.02714932126696}, "test": {"accuracy": 94.09368635437882}}, "0.2": {"time": 7.256659030914307, "reduction": 28.755656108597282, "validation": {"accuracy": 94.02714932126696}, "test": {"accuracy": 94.09368635437882}}, "0.3": {"time": 7.239067316055298, "reduction": 28.755656108597282, "validation": {"accuracy": 94.02714932126696}, "test": {"accuracy": 94.09368635437882}}, "0.4": {"time": 7.232877016067505, "reduction": 28.755656108597282, "validation": {"accuracy": 94.02714932126696}, "test": {"accuracy": 94.09368635437882}}, "0.5": {"time": 7.239430904388428, "reduction": 28.755656108597282, "validation": {"accuracy": 94.02714932126696}, "test": {"accuracy": 94.09368635437882}}, "0.6": {"time": 7.2866480350494385, "reduction": 28.755656108597282, "validation": {"accuracy": 94.02714932126696}, "test": {"accuracy": 94.09368635437882}}, "0.7": {"time": 7.2440409660339355, "reduction": 28.755656108597282, "validation": {"accuracy": 94.02714932126696}, "test": {"accuracy": 94.09368635437882}}, "0.8": {"time": 7.250010967254639, "reduction": 28.755656108597282, "validation": {"accuracy": 94.02714932126696}, "test": {"accuracy": 94.09368635437882}}, "0.9": {"time": 7.226558208465576, "reduction": 28.755656108597282, "validation": {"accuracy": 94.02714932126696}, "test": {"accuracy": 94.09368635437882}}, "1.0": {"time": 5.716634273529053, "reduction": 94.02714932126696, "validation": {"accuracy": 94.02714932126696}, "test": {"accuracy": 94.09368635437882}}}, "6": {"0.0": {"time": 7.105186939239502, "reduction": 29.038461538461537, "validation": {"accuracy": 93.4502262443439}, "test": {"accuracy": 94.09368635437882}}, "0.1": {"time": 7.110532999038696, "reduction": 34.94343891402715, "validation": {"accuracy": 94.02714932126696}, "test": {"accuracy": 94.09368635437882}}, "0.2": {"time": 7.142958164215088, "reduction": 34.94343891402715, "validation": {"accuracy": 94.02714932126696}, "test": {"accuracy": 94.09368635437882}}, "0.3": {"time": 7.186548233032227, "reduction": 34.94343891402715, "validation": {"accuracy": 94.02714932126696}, "test": {"accuracy": 94.09368635437882}}, "0.4": {"time": 7.11562180519104, "reduction": 34.94343891402715, "validation": {"accuracy": 94.02714932126696}, "test": {"accuracy": 94.09368635437882}}, "0.5": {"time": 7.1087517738342285, "reduction": 34.94343891402715, "validation": {"accuracy": 94.02714932126696}, "test": {"accuracy": 94.09368635437882}}, "0.6": {"time": 7.09660005569458, "reduction": 34.94343891402715, "validation": {"accuracy": 94.02714932126696}, "test": {"accuracy": 94.09368635437882}}, "0.7": {"time": 7.099457025527954, "reduction": 34.94343891402715, "validation": {"accuracy": 94.02714932126696}, "test": {"accuracy": 94.09368635437882}}, "0.8": {"time": 7.150537014007568, "reduction": 34.94343891402715, "validation": {"accuracy": 94.02714932126696}, "test": {"accuracy": 94.09368635437882}}, "0.9": {"time": 7.092108964920044, "reduction": 34.94343891402715, "validation": {"accuracy": 94.02714932126696}, "test": {"accuracy": 94.09368635437882}}, "1.0": {"time": 5.720916032791138, "reduction": 90.97285067873302, "validation": {"accuracy": 94.02714932126696}, "test": {"accuracy": 94.09368635437882}}}, "7": {"0.0": {"time": 7.2206480503082275, "reduction": 25.633484162895925, "validation": {"accuracy": 93.73303167420815}, "test": {"accuracy": 93.78818737270875}}, "0.1": {"time": 7.14749002456665, "reduction": 31.470588235294116, "validation": {"accuracy": 94.03846153846153}, "test": {"accuracy": 93.9918533604888}}, "0.2": {"time": 7.14364218711853, "reduction": 31.470588235294116, "validation": {"accuracy": 94.03846153846153}, "test": {"accuracy": 93.9918533604888}}, "0.3": {"time": 7.168475866317749, "reduction": 31.470588235294116, "validation": {"accuracy": 94.03846153846153}, "test": {"accuracy": 93.9918533604888}}, "0.4": {"time": 7.159196138381958, "reduction": 31.470588235294116, "validation": {"accuracy": 94.03846153846153}, "test": {"accuracy": 93.9918533604888}}, "0.5": {"time": 7.137218952178955, "reduction": 31.470588235294116, "validation": {"accuracy": 94.03846153846153}, "test": {"accuracy": 93.9918533604888}}, "0.6": {"time": 7.121230125427246, "reduction": 31.470588235294116, "validation": {"accuracy": 94.03846153846153}, "test": {"accuracy": 93.9918533604888}},