{"3": {"0.0": {"reduction_in_attributes": 88.88888888888889, "time": 0.031558990478515625, "reduction": 0.0, "validation": {"accuracy": 42.716981132075475}, "test": {"accuracy": 42.567567567567565}}, "0.1": {"reduction_in_attributes": 88.88888888888889, "time": 0.020301103591918945, "reduction": 17.35849056603773, "validation": {"accuracy": 42.716981132075475}, "test": {"accuracy": 42.567567567567565}}, "0.2": {"reduction_in_attributes": 88.88888888888889, "time": 0.017241954803466797, "reduction": 22.64150943396226, "validation": {"accuracy": 42.716981132075475}, "test": {"accuracy": 42.567567567567565}}, "0.3": {"reduction_in_attributes": 88.88888888888889, "time": 0.019840002059936523, "reduction": 22.64150943396226, "validation": {"accuracy": 42.716981132075475}, "test": {"accuracy": 42.567567567567565}}, "0.4": {"reduction_in_attributes": 88.88888888888889, "time": 0.028192996978759766, "reduction": 22.64150943396226, "validation": {"accuracy": 42.716981132075475}, "test": {"accuracy": 42.567567567567565}}, "0.5": {"reduction_in_attributes": 88.88888888888889, "time": 0.017506837844848633, "reduction": 22.64150943396226, "validation": {"accuracy": 42.716981132075475}, "test": {"accuracy": 42.567567567567565}}, "0.6": {"reduction_in_attributes": 88.88888888888889, "time": 0.026768922805786133, "reduction": 47.54716981132076, "validation": {"accuracy": 42.716981132075475}, "test": {"accuracy": 42.567567567567565}}, "0.7": {"reduction_in_attributes": 88.88888888888889, "time": 0.022992849349975586, "reduction": 57.283018867924525, "validation": {"accuracy": 42.716981132075475}, "test": {"accuracy": 42.567567567567565}}, "0.8": {"reduction_in_attributes": 88.88888888888889, "time": 0.029473066329956055, "reduction": 57.283018867924525, "validation": {"accuracy": 42.716981132075475}, "test": {"accuracy": 42.567567567567565}}, "0.9": {"reduction_in_attributes": 88.88888888888889, "time": 0.014395952224731445, "reduction": 94.9433962264151, "validation": {"accuracy": 42.716981132075475}, "test": {"accuracy": 42.567567567567565}}, "1.0": {"reduction_in_attributes": 88.88888888888889, "time": 0.018160104751586914, "reduction": 62.33962264150943, "validation": {"accuracy": 42.716981132075475}, "test": {"accuracy": 42.567567567567565}}}, "4": {"0.0": {"reduction_in_attributes": 88.88888888888889, "time": 0.026459693908691406, "reduction": 0.0, "validation": {"accuracy": 42.68476621417798}, "test": {"accuracy": 42.857142857142854}}, "0.1": {"reduction_in_attributes": 88.88888888888889, "time": 0.030454158782958984, "reduction": 5.128205128205132, "validation": {"accuracy": 42.68476621417798}, "test": {"accuracy": 42.857142857142854}}, "0.2": {"reduction_in_attributes": 88.88888888888889, "time": 0.028979063034057617, "reduction": 22.62443438914027, "validation": {"accuracy": 42.68476621417798}, "test": {"accuracy": 42.857142857142854}}, "0.3": {"reduction_in_attributes": 88.88888888888889, "time": 0.03799796104431152, "reduction": 22.62443438914027, "validation": {"accuracy": 42.68476621417798}, "test": {"accuracy": 42.857142857142854}}, "0.4": {"reduction_in_attributes": 88.88888888888889, "time": 0.03271603584289551, "reduction": 22.62443438914027, "validation": {"accuracy": 42.68476621417798}, "test": {"accuracy": 42.857142857142854}}, "0.5": {"reduction_in_attributes": 88.88888888888889, "time": 0.030704259872436523, "reduction": 22.62443438914027, "validation": {"accuracy": 42.68476621417798}, "test": {"accuracy": 42.857142857142854}}, "0.6": {"reduction_in_attributes": 88.88888888888889, "time": 0.031175851821899414, "reduction": 30.467571644042234, "validation": {"accuracy": 42.68476621417798}, "test": {"accuracy": 42.857142857142854}}, "0.7": {"reduction_in_attributes": 88.88888888888889, "time": 0.018431901931762695, "reduction": 57.315233785822016, "validation": {"accuracy": 42.68476621417798}, "test": {"accuracy": 42.857142857142854}}, "0.8": {"reduction_in_attributes": 88.88888888888889, "time": 0.022956132888793945, "reduction": 57.315233785822016, "validation": {"accuracy": 42.68476621417798}, "test": {"accuracy": 42.857142857142854}}, "0.9": {"reduction_in_attributes": 88.88888888888889, "time": 0.026641845703125, "reduction": 80.92006033182504, "validation": {"accuracy": 42.68476621417798}, "test": {"accuracy": 42.857142857142854}}, "1.0": {"reduction_in_attributes": 88.88888888888889, "time": 0.02726292610168457, "reduction": 94.34389140271493, "validation": {"accuracy": 42.68476621417798}, "test": {"accuracy": 42.857142857142854}}}, "5": {"0.0": {"reduction_in_attributes": 88.88888888888889, "time": 0.03061199188232422, "reduction": 0.0, "validation": {"accuracy": 42.68476621417798}, "test": {"accuracy": 42.857142857142854}}, "0.1": {"reduction_in_attributes": 88.88888888888889, "time": 0.030154943466186523, "reduction": 13.951734539969829, "validation": {"accuracy": 42.68476621417798}, "test": {"accuracy": 42.857142857142854}}, "0.2": {"reduction_in_attributes": 88.88888888888889, "time": 0.0318598747253418, "reduction": 22.62443438914027, "validation": {"accuracy": 42.68476621417798}, "test": {"accuracy": 42.857142857142854}}, "0.3": {"reduction_in_attributes": 88.88888888888889, "time": 0.0316159725189209, "reduction": 22.62443438914027, "validation": {"accuracy": 42.68476621417798}, "test": {"accuracy": 42.857142857142854}}, "0.4": {"reduction_in_attributes": 88.88888888888889, "time": 0.03171372413635254, "reduction": 22.62443438914027, "validation": {"accuracy": 42.68476621417798}, "test": {"accuracy": 42.857142857142854}}, "0.5": {"reduction_in_attributes": 88.88888888888889, "time": 0.031693220138549805, "reduction": 22.62443438914027, "validation": {"accuracy": 42.68476621417798}, "test": {"accuracy": 42.857142857142854}}, "0.6": {"reduction_in_attributes": 88.88888888888889, "time": 0.02010822296142578, "reduction": 27.073906485671195, "validation": {"accuracy": 42.68476621417798}, "test": {"accuracy": 42.857142857142854}}, "0.7": {"reduction_in_attributes": 88.88888888888889, "time": 0.02911520004272461, "reduction": 57.315233785822016, "validation": {"accuracy": 42.68476621417798}, "test": {"accuracy": 42.857142857142854}}, "0.8": {"reduction_in_attributes": 88.88888888888889, "time": 0.01818108558654785, "reduction": 57.315233785822016, "validation": {"accuracy": 42.68476621417798}, "test": {"accuracy": 42.857142857142854}}, "0.9": {"reduction_in_attributes": 88.88888888888889, "time": 0.014319658279418945, "reduction": 95.62594268476622, "validation": {"accuracy": 42.68476621417798}, "test": {"accuracy": 42.857142857142854}}, "1.0": {"reduction_in_attributes": 88.88888888888889, "time": 0.025352954864501953, "reduction": 97.96380090497738, "validation": {"accuracy": 42.68476621417798}, "test": {"accuracy": 42.857142857142854}}}, "6": {"0.0": {"reduction_in_attributes": 88.88888888888889, "time": 0.030992984771728516, "reduction": 0.0, "validation": {"accuracy": 42.68476621417798}, "test": {"accuracy": 42.857142857142854}}, "0.1": {"reduction_in_attributes": 88.88888888888889, "time": 0.02992987632751465, "reduction": 16.892911010558066, "validation": {"accuracy": 42.68476621417798}, "test": {"accuracy": 42.857142857142854}}, "0.2": {"reduction_in_attributes": 88.88888888888889, "time": 0.02501678466796875, "reduction": 22.62443438914027, "validation": {"accuracy": 42.68476621417798}, "test": {"accuracy": 42.857142857142854}}, "0.3": {"reduction_in_attributes": 88.88888888888889, "time": 0.029384851455688477, "reduction": 22.62443438914027, "validation": {"accuracy": 42.68476621417798}, "test": {"accuracy": 42.857142857142854}}, "0.4": {"reduction_in_attributes": 88.88888888888889, "time": 0.02934122085571289, "reduction": 22.85067873303167, "validation": {"accuracy": 42.835595776772244}, "test": {"accuracy": 44.21768707482993}}, "0.5": {"reduction_in_attributes": 88.88888888888889, "time": 0.02986288070678711, "reduction": 24.057315233785825, "validation": {"accuracy": 42.68476621417798},