{"3": {"0.0": {"reduction_in_attributes": 94.73684210526316, "time": 0.051724910736083984, "reduction": 0.0, "validation": {"accuracy": 16.835016835016837}, "test": {"accuracy": 17.316017316017316}}, "0.1": {"reduction_in_attributes": 94.73684210526316, "time": 0.06351900100708008, "reduction": 24.771524771524767, "validation": {"accuracy": 56.51755651755652}, "test": {"accuracy": 12.987012987012985}}, "0.2": {"reduction_in_attributes": 94.73684210526316, "time": 0.0625917911529541, "reduction": 31.89033189033189, "validation": {"accuracy": 81.72198172198172}, "test": {"accuracy": 16.017316017316016}}, "0.3": {"reduction_in_attributes": 94.73684210526316, "time": 0.06299066543579102, "reduction": 25.541125541125542, "validation": {"accuracy": 50.40885040885041}, "test": {"accuracy": 29.43722943722944}}, "0.4": {"reduction_in_attributes": 94.73684210526316, "time": 0.03806591033935547, "reduction": 27.27272727272727, "validation": {"accuracy": 15.63251563251563}, "test": {"accuracy": 16.883116883116884}}, "0.5": {"reduction_in_attributes": 94.73684210526316, "time": 0.0664677619934082, "reduction": 99.95189995189995, "validation": {"accuracy": 14.285714285714285}, "test": {"accuracy": 14.285714285714285}}, "0.6": {"reduction_in_attributes": 94.73684210526316, "time": 0.059464216232299805, "reduction": 56.66185666185666, "validation": {"accuracy": 45.887445887445885}, "test": {"accuracy": 13.41991341991342}}, "0.7": {"reduction_in_attributes": 94.73684210526316, "time": 0.05649280548095703, "reduction": 95.91149591149592, "validation": {"accuracy": 28.57142857142857}, "test": {"accuracy": 28.57142857142857}}, "0.8": {"reduction_in_attributes": 94.73684210526316, "time": 0.055989980697631836, "reduction": 99.95189995189995, "validation": {"accuracy": 14.285714285714285}, "test": {"accuracy": 14.285714285714285}}, "0.9": {"reduction_in_attributes": 94.73684210526316, "time": 0.05183577537536621, "reduction": 99.95189995189995, "validation": {"accuracy": 14.285714285714285}, "test": {"accuracy": 14.285714285714285}}, "1.0": {"reduction_in_attributes": 94.73684210526316, "time": 0.04962921142578125, "reduction": 99.95189995189995, "validation": {"accuracy": 14.285714285714285}, "test": {"accuracy": 14.285714285714285}}}, "4": {"0.0": {"reduction_in_attributes": 94.73684210526316, "time": 0.06224203109741211, "reduction": 17.508417508417505, "validation": {"accuracy": 50.264550264550266}, "test": {"accuracy": 28.13852813852814}}, "0.1": {"reduction_in_attributes": 94.73684210526316, "time": 0.052610158920288086, "reduction": 46.12794612794613, "validation": {"accuracy": 97.7873977873978}, "test": {"accuracy": 34.1991341991342}}, "0.2": {"reduction_in_attributes": 94.73684210526316, "time": 0.05404090881347656, "reduction": 30.062530062530058, "validation": {"accuracy": 65.75276575276575}, "test": {"accuracy": 45.887445887445885}}, "0.3": {"reduction_in_attributes": 94.73684210526316, "time": 0.05754280090332031, "reduction": 32.27513227513228, "validation": {"accuracy": 81.0966810966811}, "test": {"accuracy": 21.645021645021643}}, "0.4": {"reduction_in_attributes": 94.73684210526316, "time": 0.05426836013793945, "reduction": 32.27513227513228, "validation": {"accuracy": 81.0966810966811}, "test": {"accuracy": 21.645021645021643}}, "0.5": {"reduction_in_attributes": 94.73684210526316, "time": 0.05188584327697754, "reduction": 45.214045214045214, "validation": {"accuracy": 50.36075036075036}, "test": {"accuracy": 17.316017316017316}}, "0.6": {"reduction_in_attributes": 94.73684210526316, "time": 0.05809307098388672, "reduction": 61.135161135161134, "validation": {"accuracy": 43.33814333814334}, "test": {"accuracy": 16.883116883116884}}, "0.7": {"reduction_in_attributes": 94.73684210526316, "time": 0.03512907028198242, "reduction": 82.92448292448292, "validation": {"accuracy": 16.786916786916787}, "test": {"accuracy": 16.450216450216452}}, "0.8": {"reduction_in_attributes": 94.73684210526316, "time": 0.048232078552246094, "reduction": 98.50889850889851, "validation": {"accuracy": 14.285714285714285}, "test": {"accuracy": 14.285714285714285}}, "0.9": {"reduction_in_attributes": 94.73684210526316, "time": 0.04711103439331055, "reduction": 86.62818662818663, "validation": {"accuracy": 18.80711880711881}, "test": {"accuracy": 13.852813852813853}}, "1.0": {"reduction_in_attributes": 94.73684210526316, "time": 0.05019807815551758, "reduction": 99.95189995189995, "validation": {"accuracy": 14.285714285714285}, "test": {"accuracy": 14.285714285714285}}}, "5": {"0.0": {"reduction_in_attributes": 94.73684210526316, "time": 0.0350189208984375, "reduction": 0.0, "validation": {"accuracy": 14.285714285714285}, "test": {"accuracy": 14.285714285714285}}, "0.1": {"reduction_in_attributes": 94.73684210526316, "time": 0.06335306167602539, "reduction": 9.090909090909093, "validation": {"accuracy": 50.36075036075036}, "test": {"accuracy": 25.108225108225106}}, "0.2": {"reduction_in_attributes": 94.73684210526316, "time": 0.03661298751831055, "reduction": 26.55122655122655, "validation": {"accuracy": 15.68061568061568}, "test": {"accuracy": 16.450216450216452}}, "0.3": {"reduction_in_attributes": 94.73684210526316, "time": 0.05425000190734863, "reduction": 20.05772005772006, "validation": {"accuracy": 52.14045214045214}, "test": {"accuracy": 24.242424242424242}}, "0.4": {"reduction_in_attributes": 94.73684210526316, "time": 0.04689192771911621, "reduction": 98.36459836459836, "validation": {"accuracy": 16.97931697931698}, "test": {"accuracy": 17.316017316017316}}, "0.5": {"reduction_in_attributes": 94.73684210526316, "time": 0.0474848747253418, "reduction": 99.95189995189995, "validation": {"accuracy": 14.285714285714285}, "test": {"accuracy": 14.285714285714285}}, "0.6": {"reduction_in_attributes": 94.73684210526316, "time": 0.05035710334777832, "reduction": 99.95189995189995, "validation": {"accuracy": 14.285714285714285}, "test": {"accuracy": 14.285714285714285}}, "0.7": {"reduction_in_attributes": 94.73684210526316, "time": 0.05663800239562988, "reduction": 99.95189995189995, "validation": {"accuracy": 14.285714285714285}, "test": {"accuracy": 14.285714285714285}}, "0.8": {"reduction_in_attributes": 94.73684210526316, "time": 0.04055500030517578, "reduction": 83.26118326118326, "validation": {"accuracy": 16.738816738816737}, "test": {"accuracy": 17.316017316017316}}, "0.9": {"reduction_in_attributes": 94.73684210526316, "time": 0.047499895095825195, "reduction": 99.95189995189995, "validation": {"accuracy": 14.285714285714285}, "test": {"accuracy": 14.285714285714285}}, "1.0": {"reduction_in_attributes": 94.73684210526316, "time": 0.04859519004821777, "reduction": 99.95189995189995, "validation": {"accuracy": 14.285714285714285}, "test": {"accuracy": 14.285714285714285}}}, "6": {"0.0": {"reduction_in_attributes": 94.73684210526316, "time": 0.056665897369384766, "reduction": 23.76142376142376, "validation": {"accuracy": 62.48196248196248}, "test": {"accuracy": 41.55844155844156}}, "0.1": {"reduction_in_attributes": 94.73684210526316, "time": 0.05377793312072754, "reduction": 23.665223665223667, "validation": {"accuracy": 56.373256373256375}, "test": {"accuracy": 16.883116883116884}}, "0.2": {"reduction_in_attributes": 94.73684210526316, "time": 0.05337691307067871, "reduction": 31.84223184223184, "validation": {"accuracy": 81.86628186628187}, "test": {"accuracy": 19.480519480519483}}, "0.3": {"reduction_in_attributes": 94.73684210526316, "time": 0.0575709342956543, "reduction": 48.003848003848006, "validation": {"accuracy": 53.58345358345359}, "test": {"accuracy": 36.79653679653679}}, "0.4": {"reduction_in_attributes": 94.73684210526316, "time": 0.04725289344787598, "reduction": 97.4987974987975, "validation": {"accuracy": 17.845117845117844}, "test": {"accuracy": 16.450216450216452}}, "0.5": {"reduction_in_attributes": 94.73684210526316, "time": 0.047985076904296875, "reduction": 82.58778258778258, "validation": {"accuracy": 32.85233285233286},