{"3": {"0.0": {"reduction_in_attributes": 90.9090909090909, "time": 0.037430763244628906, "reduction": 0.48644892286310304, "validation": {"accuracy": 43.571924947880476}, "test": {"accuracy": 5.625}}, "0.1": {"reduction_in_attributes": 90.9090909090909, "time": 0.036318063735961914, "reduction": 14.107018763029878, "validation": {"accuracy": 60.45865184155663}, "test": {"accuracy": 44.375}}, "0.2": {"reduction_in_attributes": 90.9090909090909, "time": 0.03744196891784668, "reduction": 6.810284920083387, "validation": {"accuracy": 44.54482279360667}, "test": {"accuracy": 46.25}}, "0.3": {"reduction_in_attributes": 90.9090909090909, "time": 0.03564000129699707, "reduction": 22.724113968033354, "validation": {"accuracy": 43.015983321751214}, "test": {"accuracy": 42.5}}, "0.4": {"reduction_in_attributes": 90.9090909090909, "time": 0.03628277778625488, "reduction": 17.720639332870046, "validation": {"accuracy": 51.2856150104239}, "test": {"accuracy": 38.125}}, "0.5": {"reduction_in_attributes": 90.9090909090909, "time": 0.03573918342590332, "reduction": 25.503822098679642, "validation": {"accuracy": 56.636553161918}, "test": {"accuracy": 47.5}}, "0.6": {"reduction_in_attributes": 90.9090909090909, "time": 0.03571915626525879, "reduction": 19.179986101459345, "validation": {"accuracy": 44.3363446838082}, "test": {"accuracy": 45.625}}, "0.7": {"reduction_in_attributes": 90.9090909090909, "time": 0.036673784255981445, "reduction": 17.651146629603886, "validation": {"accuracy": 43.64141765114663}, "test": {"accuracy": 45.0}}, "0.8": {"reduction_in_attributes": 90.9090909090909, "time": 0.03575921058654785, "reduction": 22.724113968033354, "validation": {"accuracy": 43.015983321751214}, "test": {"accuracy": 42.5}}, "0.9": {"reduction_in_attributes": 90.9090909090909, "time": 0.035550832748413086, "reduction": 17.859624739402356, "validation": {"accuracy": 43.08547602501737}, "test": {"accuracy": 34.375}}, "1.0": {"reduction_in_attributes": 90.9090909090909, "time": 0.03127336502075195, "reduction": 99.44405837387075, "validation": {"accuracy": 42.599027102154274}, "test": {"accuracy": 42.5}}}, "4": {"0.0": {"reduction_in_attributes": 90.9090909090909, "time": 0.037626028060913086, "reduction": 2.0152883947185507, "validation": {"accuracy": 45.72619874913134}, "test": {"accuracy": 28.749999999999996}}, "0.1": {"reduction_in_attributes": 90.9090909090909, "time": 0.03731679916381836, "reduction": 5.3509381514940895, "validation": {"accuracy": 51.98054204308548}, "test": {"accuracy": 33.75}}, "0.2": {"reduction_in_attributes": 90.9090909090909, "time": 0.03730010986328125, "reduction": 6.949270326615709, "validation": {"accuracy": 45.17025712300208}, "test": {"accuracy": 45.625}}, "0.3": {"reduction_in_attributes": 90.9090909090909, "time": 0.03587484359741211, "reduction": 23.141070187630298, "validation": {"accuracy": 43.29395413481584}, "test": {"accuracy": 42.5}}, "0.4": {"reduction_in_attributes": 90.9090909090909, "time": 0.035791873931884766, "reduction": 17.859624739402356, "validation": {"accuracy": 43.154968728283535}, "test": {"accuracy": 44.375}}, "0.5": {"reduction_in_attributes": 90.9090909090909, "time": 0.03609800338745117, "reduction": 19.94440583738707, "validation": {"accuracy": 44.892286309937454}, "test": {"accuracy": 50.0}}, "0.6": {"reduction_in_attributes": 90.9090909090909, "time": 0.03564906120300293, "reduction": 23.141070187630298, "validation": {"accuracy": 43.29395413481584}, "test": {"accuracy": 42.5}}, "0.7": {"reduction_in_attributes": 90.9090909090909, "time": 0.036062002182006836, "reduction": 17.790132036136207, "validation": {"accuracy": 51.911049339819314}, "test": {"accuracy": 33.75}}, "0.8": {"reduction_in_attributes": 90.9090909090909, "time": 0.035382986068725586, "reduction": 23.141070187630298, "validation": {"accuracy": 43.29395413481584}, "test": {"accuracy": 42.5}}, "0.9": {"reduction_in_attributes": 90.9090909090909, "time": 0.03554272651672363, "reduction": 17.651146629603886, "validation": {"accuracy": 43.571924947880476}, "test": {"accuracy": 38.75}}, "1.0": {"reduction_in_attributes": 90.9090909090909, "time": 0.03106403350830078, "reduction": 98.88811674774148, "validation": {"accuracy": 42.599027102154274}, "test": {"accuracy": 42.5}}}, "5": {"0.0": {"reduction_in_attributes": 90.9090909090909, "time": 0.0368351936340332, "reduction": 4.447533009034055, "validation": {"accuracy": 43.43293954134816}, "test": {"accuracy": 18.75}}, "0.1": {"reduction_in_attributes": 90.9090909090909, "time": 0.03674030303955078, "reduction": 7.435719249478801, "validation": {"accuracy": 45.17025712300208}, "test": {"accuracy": 40.0}}, "0.2": {"reduction_in_attributes": 90.9090909090909, "time": 0.036958932876586914, "reduction": 6.740792216817237, "validation": {"accuracy": 44.47533009034051}, "test": {"accuracy": 41.25}}, "0.3": {"reduction_in_attributes": 90.9090909090909, "time": 0.036125898361206055, "reduction": 17.790132036136207, "validation": {"accuracy": 43.64141765114663}, "test": {"accuracy": 36.25}}, "0.4": {"reduction_in_attributes": 90.9090909090909, "time": 0.03553009033203125, "reduction": 17.99861014593468, "validation": {"accuracy": 44.40583738707436}, "test": {"accuracy": 43.75}}, "0.5": {"reduction_in_attributes": 90.9090909090909, "time": 0.0352780818939209, "reduction": 26.129256428075053, "validation": {"accuracy": 57.12300208478109}, "test": {"accuracy": 45.0}}, "0.6": {"reduction_in_attributes": 90.9090909090909, "time": 0.03554987907409668, "reduction": 26.129256428075053, "validation": {"accuracy": 57.12300208478109}, "test": {"accuracy": 45.0}}, "0.7": {"reduction_in_attributes": 90.9090909090909, "time": 0.03547978401184082, "reduction": 17.790132036136207, "validation": {"accuracy": 43.64141765114663}, "test": {"accuracy": 36.25}}, "0.8": {"reduction_in_attributes": 90.9090909090909, "time": 0.0354008674621582, "reduction": 26.129256428075053, "validation": {"accuracy": 57.12300208478109}, "test": {"accuracy": 45.0}}, "0.9": {"reduction_in_attributes": 90.9090909090909, "time": 0.03628897666931152, "reduction": 17.790132036136207, "validation": {"accuracy": 43.43293954134816}, "test": {"accuracy": 44.375}}, "1.0": {"reduction_in_attributes": 90.9090909090909, "time": 0.03196120262145996, "reduction": 99.93050729673384, "validation": {"accuracy": 42.599027102154274}, "test": {"accuracy": 42.5}}}, "6": {"0.0": {"reduction_in_attributes": 90.9090909090909, "time": 0.03752589225769043, "reduction": 2.0847810979847115, "validation": {"accuracy": 45.865184155663655}, "test": {"accuracy": 40.625}}, "0.1": {"reduction_in_attributes": 90.9090909090909, "time": 0.03707599639892578, "reduction": 6.810284920083387, "validation": {"accuracy": 44.96177901320361}, "test": {"accuracy": 40.625}}, "0.2": {"reduction_in_attributes": 90.9090909090909, "time": 0.03679680824279785, "reduction": 9.728978457261983, "validation": {"accuracy": 43.571924947880476}, "test": {"accuracy": 23.75}}, "0.3": {"reduction_in_attributes": 90.9090909090909, "time": 0.036409854888916016, "reduction": 14.871438498957612, "validation": {"accuracy": 52.7449617790132}, "test": {"accuracy": 42.5}}, "0.4": {"reduction_in_attributes": 90.9090909090909, "time": 0.035941123962402344, "reduction": 19.110493398193185, "validation": {"accuracy": 44.614315496872834}, "test": {"accuracy": 41.25}}, "0.5": {"reduction_in_attributes": 90.9090909090909, "time": 0.036065101623535156, "reduction": 19.110493398193185, "validation": {"accuracy": 44.614315496872834}, "test": {"accuracy": 41.25}}, "0.6": {"reduction_in_attributes": 90.9090909090909, "time": 0.03659820556640625, "reduction": 18.62404447533009, "validation": {"accuracy": 43.780403057678946}, "test": {"accuracy": 37.5}}, "0.7": {"reduction_in_attributes": 90.9090909090909, "time": 0.03440380096435547, "reduction": 26.198749131341216, "validation": {"accuracy": 57.05350938151494}, "test": {"accuracy": 38.125}}, "0.8": {"reduction_in_attributes": 90.9090909090909, "time": 0.036086082458496094,