{"3": {"0.0": {"reduction_in_attributes": 46.15384615384615, "time": 0.0016129016876220703, "reduction": 37.860082304526756, "validation": {"accuracy": 46.50205761316872}, "test": {"accuracy": 59.25925925925925}}, "0.1": {"reduction_in_attributes": 46.15384615384615, "time": 0.0014698505401611328, "reduction": 40.74074074074075, "validation": {"accuracy": 46.50205761316872}, "test": {"accuracy": 59.25925925925925}}, "0.2": {"reduction_in_attributes": 46.15384615384615, "time": 0.0012590885162353516, "reduction": 45.67901234567901, "validation": {"accuracy": 48.971193415637856}, "test": {"accuracy": 55.55555555555556}}, "0.3": {"reduction_in_attributes": 46.15384615384615, "time": 0.0014190673828125, "reduction": 62.96296296296296, "validation": {"accuracy": 58.43621399176955}, "test": {"accuracy": 59.25925925925925}}, "0.4": {"reduction_in_attributes": 46.15384615384615, "time": 0.001277923583984375, "reduction": 68.3127572016461, "validation": {"accuracy": 55.55555555555556}, "test": {"accuracy": 55.55555555555556}}, "0.5": {"reduction_in_attributes": 46.15384615384615, "time": 0.0015039443969726562, "reduction": 68.3127572016461, "validation": {"accuracy": 55.55555555555556}, "test": {"accuracy": 55.55555555555556}}, "0.6": {"reduction_in_attributes": 46.15384615384615, "time": 0.0012898445129394531, "reduction": 69.1358024691358, "validation": {"accuracy": 55.55555555555556}, "test": {"accuracy": 55.55555555555556}}, "0.7": {"reduction_in_attributes": 46.15384615384615, "time": 0.0011839866638183594, "reduction": 77.77777777777779, "validation": {"accuracy": 55.55555555555556}, "test": {"accuracy": 55.55555555555556}}, "0.8": {"reduction_in_attributes": 46.15384615384615, "time": 0.0011892318725585938, "reduction": 92.5925925925926, "validation": {"accuracy": 55.55555555555556}, "test": {"accuracy": 55.55555555555556}}, "0.9": {"reduction_in_attributes": 46.15384615384615, "time": 0.0011420249938964844, "reduction": 98.35390946502058, "validation": {"accuracy": 55.55555555555556}, "test": {"accuracy": 55.55555555555556}}, "1.0": {"reduction_in_attributes": 46.15384615384615, "time": 0.0011401176452636719, "reduction": 99.58847736625515, "validation": {"accuracy": 55.55555555555556}, "test": {"accuracy": 55.55555555555556}}}, "4": {"0.0": {"reduction_in_attributes": 53.84615384615385, "time": 0.0014331340789794922, "reduction": 33.333333333333336, "validation": {"accuracy": 51.440329218106996}, "test": {"accuracy": 62.96296296296296}}, "0.1": {"reduction_in_attributes": 53.84615384615385, "time": 0.0012209415435791016, "reduction": 34.5679012345679, "validation": {"accuracy": 51.440329218106996}, "test": {"accuracy": 62.96296296296296}}, "0.2": {"reduction_in_attributes": 53.84615384615385, "time": 0.001750946044921875, "reduction": 39.09465020576132, "validation": {"accuracy": 51.85185185185185}, "test": {"accuracy": 66.66666666666666}}, "0.3": {"reduction_in_attributes": 53.84615384615385, "time": 0.0011882781982421875, "reduction": 45.67901234567901, "validation": {"accuracy": 52.2633744855967}, "test": {"accuracy": 66.66666666666666}}, "0.4": {"reduction_in_attributes": 53.84615384615385, "time": 0.001154184341430664, "reduction": 66.2551440329218, "validation": {"accuracy": 55.55555555555556}, "test": {"accuracy": 55.55555555555556}}, "0.5": {"reduction_in_attributes": 53.84615384615385, "time": 0.0011539459228515625, "reduction": 66.2551440329218, "validation": {"accuracy": 55.55555555555556}, "test": {"accuracy": 55.55555555555556}}, "0.6": {"reduction_in_attributes": 53.84615384615385, "time": 0.0013430118560791016, "reduction": 66.2551440329218, "validation": {"accuracy": 55.55555555555556}, "test": {"accuracy": 55.55555555555556}}, "0.7": {"reduction_in_attributes": 53.84615384615385, "time": 0.0011401176452636719, "reduction": 76.13168724279835, "validation": {"accuracy": 55.55555555555556}, "test": {"accuracy": 55.55555555555556}}, "0.8": {"reduction_in_attributes": 53.84615384615385, "time": 0.0012269020080566406, "reduction": 88.88888888888889, "validation": {"accuracy": 55.55555555555556}, "test": {"accuracy": 55.55555555555556}}, "0.9": {"reduction_in_attributes": 53.84615384615385, "time": 0.0012798309326171875, "reduction": 95.88477366255144, "validation": {"accuracy": 55.55555555555556}, "test": {"accuracy": 55.55555555555556}}, "1.0": {"reduction_in_attributes": 53.84615384615385, "time": 0.0012369155883789062, "reduction": 99.58847736625515, "validation": {"accuracy": 55.55555555555556}, "test": {"accuracy": 55.55555555555556}}}, "5": {"0.0": {"reduction_in_attributes": 53.84615384615385, "time": 0.0013391971588134766, "reduction": 39.50617283950617, "validation": {"accuracy": 56.37860082304527}, "test": {"accuracy": 48.148148148148145}}, "0.1": {"reduction_in_attributes": 53.84615384615385, "time": 0.0012078285217285156, "reduction": 41.9753086419753, "validation": {"accuracy": 56.79012345679012}, "test": {"accuracy": 44.44444444444444}}, "0.2": {"reduction_in_attributes": 53.84615384615385, "time": 0.0012059211730957031, "reduction": 45.67901234567901, "validation": {"accuracy": 56.37860082304527}, "test": {"accuracy": 44.44444444444444}}, "0.3": {"reduction_in_attributes": 53.84615384615385, "time": 0.0017578601837158203, "reduction": 54.73251028806585, "validation": {"accuracy": 57.61316872427984}, "test": {"accuracy": 44.44444444444444}}, "0.4": {"reduction_in_attributes": 53.84615384615385, "time": 0.0011391639709472656, "reduction": 71.19341563786008, "validation": {"accuracy": 55.55555555555556}, "test": {"accuracy": 55.55555555555556}}, "0.5": {"reduction_in_attributes": 53.84615384615385, "time": 0.0014538764953613281, "reduction": 71.19341563786008, "validation": {"accuracy": 55.55555555555556}, "test": {"accuracy": 55.55555555555556}}, "0.6": {"reduction_in_attributes": 53.84615384615385, "time": 0.0011379718780517578, "reduction": 74.07407407407408, "validation": {"accuracy": 55.55555555555556}, "test": {"accuracy": 55.55555555555556}}, "0.7": {"reduction_in_attributes": 53.84615384615385, "time": 0.0011858940124511719, "reduction": 78.60082304526749, "validation": {"accuracy": 55.55555555555556}, "test": {"accuracy": 55.55555555555556}}, "0.8": {"reduction_in_attributes": 53.84615384615385, "time": 0.0011849403381347656, "reduction": 90.53497942386831, "validation": {"accuracy": 55.55555555555556}, "test": {"accuracy": 55.55555555555556}}, "0.9": {"reduction_in_attributes": 53.84615384615385, "time": 0.0012879371643066406, "reduction": 95.47325102880659, "validation": {"accuracy": 55.55555555555556}, "test": {"accuracy": 55.55555555555556}}, "1.0": {"reduction_in_attributes": 53.84615384615385, "time": 0.0014200210571289062, "reduction": 99.58847736625515, "validation": {"accuracy": 55.55555555555556}, "test": {"accuracy": 55.55555555555556}}}, "6": {"0.0": {"reduction_in_attributes": 53.84615384615385, "time": 0.0012080669403076172, "reduction": 40.74074074074075, "validation": {"accuracy": 51.85185185185185}, "test": {"accuracy": 48.148148148148145}}, "0.1": {"reduction_in_attributes": 53.84615384615385, "time": 0.0014920234680175781, "reduction": 42.79835390946503, "validation": {"accuracy": 51.85185185185185}, "test": {"accuracy": 44.44444444444444}}, "0.2": {"reduction_in_attributes": 53.84615384615385, "time": 0.0012149810791015625, "reduction": 46.09053497942387, "validation": {"accuracy": 51.85185185185185}, "test": {"accuracy": 44.44444444444444}}, "0.3": {"reduction_in_attributes": 53.84615384615385, "time": 0.0016901493072509766, "reduction": 52.2633744855967, "validation": {"accuracy": 58.43621399176955}, "test": {"accuracy": 44.44444444444444}}, "0.4": {"reduction_in_attributes": 53.84615384615385, "time": 0.001135110855102539, "reduction": 69.54732510288066, "validation": {"accuracy": 55.55555555555556}, "test": {"accuracy": 55.55555555555556}}, "0.5": {"reduction_in_attributes": 53.84615384615385, "time": 0.0013439655303955078, "reduction": 69.54732510288066,