{"3": {"0.0": {"reduction_in_attributes": 66.66666666666667, "time": 0.05897784233093262, "reduction": 0.0, "validation": {"accuracy": 67.69308430085815}, "test": {"accuracy": 67.72727272727272}}, "0.1": {"reduction_in_attributes": 66.66666666666667, "time": 0.05365300178527832, "reduction": 16.506814740030286, "validation": {"accuracy": 67.69308430085815}, "test": {"accuracy": 67.72727272727272}}, "0.2": {"reduction_in_attributes": 66.66666666666667, "time": 0.053793907165527344, "reduction": 16.506814740030286, "validation": {"accuracy": 67.69308430085815}, "test": {"accuracy": 67.72727272727272}}, "0.3": {"reduction_in_attributes": 66.66666666666667, "time": 0.05379128456115723, "reduction": 16.506814740030286, "validation": {"accuracy": 67.69308430085815}, "test": {"accuracy": 67.72727272727272}}, "0.4": {"reduction_in_attributes": 66.66666666666667, "time": 0.05165719985961914, "reduction": 32.30691569914185, "validation": {"accuracy": 67.69308430085815}, "test": {"accuracy": 67.72727272727272}}, "0.5": {"reduction_in_attributes": 66.66666666666667, "time": 0.05187702178955078, "reduction": 32.30691569914185, "validation": {"accuracy": 67.69308430085815}, "test": {"accuracy": 67.72727272727272}}, "0.6": {"reduction_in_attributes": 66.66666666666667, "time": 0.0519561767578125, "reduction": 32.30691569914185, "validation": {"accuracy": 67.69308430085815}, "test": {"accuracy": 67.72727272727272}}, "0.7": {"reduction_in_attributes": 66.66666666666667, "time": 0.050653934478759766, "reduction": 38.01110550227158, "validation": {"accuracy": 67.69308430085815}, "test": {"accuracy": 67.72727272727272}}, "0.8": {"reduction_in_attributes": 66.66666666666667, "time": 0.05064702033996582, "reduction": 38.01110550227158, "validation": {"accuracy": 67.69308430085815}, "test": {"accuracy": 67.72727272727272}}, "0.9": {"reduction_in_attributes": 66.66666666666667, "time": 0.05074191093444824, "reduction": 38.01110550227158, "validation": {"accuracy": 67.69308430085815}, "test": {"accuracy": 67.72727272727272}}, "1.0": {"reduction_in_attributes": 66.66666666666667, "time": 0.05130887031555176, "reduction": 38.01110550227158, "validation": {"accuracy": 67.69308430085815}, "test": {"accuracy": 67.72727272727272}}}, "4": {"0.0": {"reduction_in_attributes": 66.66666666666667, "time": 0.05666708946228027, "reduction": 0.0, "validation": {"accuracy": 67.69308430085815}, "test": {"accuracy": 67.72727272727272}}, "0.1": {"reduction_in_attributes": 66.66666666666667, "time": 0.05390000343322754, "reduction": 16.759212518929832, "validation": {"accuracy": 67.69308430085815}, "test": {"accuracy": 67.72727272727272}}, "0.2": {"reduction_in_attributes": 66.66666666666667, "time": 0.05376696586608887, "reduction": 16.759212518929832, "validation": {"accuracy": 67.69308430085815}, "test": {"accuracy": 67.72727272727272}}, "0.3": {"reduction_in_attributes": 66.66666666666667, "time": 0.05389904975891113, "reduction": 16.759212518929832, "validation": {"accuracy": 67.69308430085815}, "test": {"accuracy": 67.72727272727272}}, "0.4": {"reduction_in_attributes": 66.66666666666667, "time": 0.0519719123840332, "reduction": 32.30691569914185, "validation": {"accuracy": 67.69308430085815}, "test": {"accuracy": 67.72727272727272}}, "0.5": {"reduction_in_attributes": 66.66666666666667, "time": 0.05207419395446777, "reduction": 32.30691569914185, "validation": {"accuracy": 67.69308430085815}, "test": {"accuracy": 67.72727272727272}}, "0.6": {"reduction_in_attributes": 66.66666666666667, "time": 0.05218982696533203, "reduction": 32.30691569914185, "validation": {"accuracy": 67.69308430085815}, "test": {"accuracy": 67.72727272727272}}, "0.7": {"reduction_in_attributes": 66.66666666666667, "time": 0.05128598213195801, "reduction": 38.061585058051485, "validation": {"accuracy": 67.69308430085815}, "test": {"accuracy": 67.72727272727272}}, "0.8": {"reduction_in_attributes": 66.66666666666667, "time": 0.05071616172790527, "reduction": 38.061585058051485, "validation": {"accuracy": 67.69308430085815}, "test": {"accuracy": 67.72727272727272}}, "0.9": {"reduction_in_attributes": 66.66666666666667, "time": 0.05095791816711426, "reduction": 38.061585058051485, "validation": {"accuracy": 67.69308430085815}, "test": {"accuracy": 67.72727272727272}}, "1.0": {"reduction_in_attributes": 66.66666666666667, "time": 0.05060577392578125, "reduction": 38.061585058051485, "validation": {"accuracy": 67.69308430085815}, "test": {"accuracy": 67.72727272727272}}}, "5": {"0.0": {"reduction_in_attributes": 66.66666666666667, "time": 0.05596804618835449, "reduction": 0.0, "validation": {"accuracy": 67.69308430085815}, "test": {"accuracy": 67.72727272727272}}, "0.1": {"reduction_in_attributes": 66.66666666666667, "time": 0.053292036056518555, "reduction": 16.658253407370015, "validation": {"accuracy": 67.69308430085815}, "test": {"accuracy": 67.72727272727272}}, "0.2": {"reduction_in_attributes": 66.66666666666667, "time": 0.05326581001281738, "reduction": 16.658253407370015, "validation": {"accuracy": 67.69308430085815}, "test": {"accuracy": 67.72727272727272}}, "0.3": {"reduction_in_attributes": 66.66666666666667, "time": 0.05320405960083008, "reduction": 16.658253407370015, "validation": {"accuracy": 67.69308430085815}, "test": {"accuracy": 67.72727272727272}}, "0.4": {"reduction_in_attributes": 66.66666666666667, "time": 0.051373958587646484, "reduction": 32.30691569914185, "validation": {"accuracy": 67.69308430085815}, "test": {"accuracy": 67.72727272727272}}, "0.5": {"reduction_in_attributes": 66.66666666666667, "time": 0.05130481719970703, "reduction": 32.30691569914185, "validation": {"accuracy": 67.69308430085815}, "test": {"accuracy": 67.72727272727272}}, "0.6": {"reduction_in_attributes": 66.66666666666667, "time": 0.051336050033569336, "reduction": 32.30691569914185, "validation": {"accuracy": 67.69308430085815}, "test": {"accuracy": 67.72727272727272}}, "0.7": {"reduction_in_attributes": 66.66666666666667, "time": 0.050100088119506836, "reduction": 37.910146390711766, "validation": {"accuracy": 67.69308430085815}, "test": {"accuracy": 67.72727272727272}}, "0.8": {"reduction_in_attributes": 66.66666666666667, "time": 0.050513267517089844, "reduction": 37.910146390711766, "validation": {"accuracy": 67.69308430085815}, "test": {"accuracy": 67.72727272727272}}, "0.9": {"reduction_in_attributes": 66.66666666666667, "time": 0.05036616325378418, "reduction": 37.910146390711766, "validation": {"accuracy": 67.69308430085815}, "test": {"accuracy": 67.72727272727272}}, "1.0": {"reduction_in_attributes": 66.66666666666667, "time": 0.05104517936706543, "reduction": 37.910146390711766, "validation": {"accuracy": 67.69308430085815}, "test": {"accuracy": 67.72727272727272}}}, "6": {"0.0": {"reduction_in_attributes": 66.66666666666667, "time": 0.056366920471191406, "reduction": 0.0, "validation": {"accuracy": 67.69308430085815}, "test": {"accuracy": 67.72727272727272}}, "0.1": {"reduction_in_attributes": 66.66666666666667, "time": 0.0537722110748291, "reduction": 16.658253407370015, "validation": {"accuracy": 67.69308430085815}, "test": {"accuracy": 67.72727272727272}}, "0.2": {"reduction_in_attributes": 66.66666666666667, "time": 0.053436994552612305, "reduction": 16.658253407370015, "validation": {"accuracy": 67.69308430085815}, "test": {"accuracy": 67.72727272727272}}, "0.3": {"reduction_in_attributes": 66.66666666666667, "time": 0.053925275802612305, "reduction": 16.658253407370015, "validation": {"accuracy": 67.69308430085815}, "test": {"accuracy": 67.72727272727272}}, "0.4": {"reduction_in_attributes": 66.66666666666667, "time": 0.051518917083740234, "reduction": 32.30691569914185, "validation": {"accuracy": 67.69308430085815}, "test": {"accuracy": 67.72727272727272}}, "0.5": {"reduction_in_attributes": 66.66666666666667, "time": 0.05231881141662598, "reduction": 32.30691569914185, "validation": {"accuracy": 67.69308430085815}, "test": {"accuracy": 67.72727272727272}},