{"3": {"0.0": {"reduction_in_attributes": 42.85714285714286, "time": 0.0004248619079589844, "reduction": 86.31578947368422, "validation": {"accuracy": 89.47368421052632}, "test": {"accuracy": 90.9090909090909}}, "0.1": {"reduction_in_attributes": 42.85714285714286, "time": 0.0004029273986816406, "reduction": 93.6842105263158, "validation": {"accuracy": 80.0}, "test": {"accuracy": 81.81818181818183}}, "0.2": {"reduction_in_attributes": 42.85714285714286, "time": 0.0004050731658935547, "reduction": 93.6842105263158, "validation": {"accuracy": 80.0}, "test": {"accuracy": 81.81818181818183}}, "0.3": {"reduction_in_attributes": 42.85714285714286, "time": 0.0003991127014160156, "reduction": 93.6842105263158, "validation": {"accuracy": 80.0}, "test": {"accuracy": 81.81818181818183}}, "0.4": {"reduction_in_attributes": 42.85714285714286, "time": 0.000370025634765625, "reduction": 93.6842105263158, "validation": {"accuracy": 80.0}, "test": {"accuracy": 81.81818181818183}}, "0.5": {"reduction_in_attributes": 42.85714285714286, "time": 0.0004069805145263672, "reduction": 93.6842105263158, "validation": {"accuracy": 80.0}, "test": {"accuracy": 81.81818181818183}}, "0.6": {"reduction_in_attributes": 42.85714285714286, "time": 0.0003619194030761719, "reduction": 93.6842105263158, "validation": {"accuracy": 80.0}, "test": {"accuracy": 81.81818181818183}}, "0.7": {"reduction_in_attributes": 42.85714285714286, "time": 0.00040030479431152344, "reduction": 93.6842105263158, "validation": {"accuracy": 80.0}, "test": {"accuracy": 81.81818181818183}}, "0.8": {"reduction_in_attributes": 42.85714285714286, "time": 0.0003771781921386719, "reduction": 93.6842105263158, "validation": {"accuracy": 80.0}, "test": {"accuracy": 81.81818181818183}}, "0.9": {"reduction_in_attributes": 42.85714285714286, "time": 0.0003819465637207031, "reduction": 93.6842105263158, "validation": {"accuracy": 80.0}, "test": {"accuracy": 81.81818181818183}}, "1.0": {"reduction_in_attributes": 42.85714285714286, "time": 0.0003871917724609375, "reduction": 98.94736842105263, "validation": {"accuracy": 80.0}, "test": {"accuracy": 81.81818181818183}}}, "4": {"0.0": {"reduction_in_attributes": 57.14285714285714, "time": 0.0003628730773925781, "reduction": 87.36842105263159, "validation": {"accuracy": 86.31578947368422}, "test": {"accuracy": 81.81818181818183}}, "0.1": {"reduction_in_attributes": 57.14285714285714, "time": 0.00039696693420410156, "reduction": 92.63157894736842, "validation": {"accuracy": 80.0}, "test": {"accuracy": 81.81818181818183}}, "0.2": {"reduction_in_attributes": 57.14285714285714, "time": 0.00035500526428222656, "reduction": 92.63157894736842, "validation": {"accuracy": 80.0}, "test": {"accuracy": 81.81818181818183}}, "0.3": {"reduction_in_attributes": 57.14285714285714, "time": 0.0004029273986816406, "reduction": 92.63157894736842, "validation": {"accuracy": 80.0}, "test": {"accuracy": 81.81818181818183}}, "0.4": {"reduction_in_attributes": 57.14285714285714, "time": 0.0003559589385986328, "reduction": 92.63157894736842, "validation": {"accuracy": 80.0}, "test": {"accuracy": 81.81818181818183}}, "0.5": {"reduction_in_attributes": 57.14285714285714, "time": 0.0004069805145263672, "reduction": 92.63157894736842, "validation": {"accuracy": 80.0}, "test": {"accuracy": 81.81818181818183}}, "0.6": {"reduction_in_attributes": 57.14285714285714, "time": 0.00038504600524902344, "reduction": 92.63157894736842, "validation": {"accuracy": 80.0}, "test": {"accuracy": 81.81818181818183}}, "0.7": {"reduction_in_attributes": 57.14285714285714, "time": 0.000370025634765625, "reduction": 92.63157894736842, "validation": {"accuracy": 80.0}, "test": {"accuracy": 81.81818181818183}}, "0.8": {"reduction_in_attributes": 57.14285714285714, "time": 0.00039196014404296875, "reduction": 92.63157894736842, "validation": {"accuracy": 80.0}, "test": {"accuracy": 81.81818181818183}}, "0.9": {"reduction_in_attributes": 57.14285714285714, "time": 0.0003552436828613281, "reduction": 92.63157894736842, "validation": {"accuracy": 80.0}, "test": {"accuracy": 81.81818181818183}}, "1.0": {"reduction_in_attributes": 57.14285714285714, "time": 0.00039768218994140625, "reduction": 98.94736842105263, "validation": {"accuracy": 80.0}, "test": {"accuracy": 81.81818181818183}}}, "5": {"0.0": {"reduction_in_attributes": 57.14285714285714, "time": 0.00037097930908203125, "reduction": 82.10526315789474, "validation": {"accuracy": 91.57894736842105}, "test": {"accuracy": 90.9090909090909}}, "0.1": {"reduction_in_attributes": 57.14285714285714, "time": 0.0004069805145263672, "reduction": 89.47368421052632, "validation": {"accuracy": 80.0}, "test": {"accuracy": 81.81818181818183}}, "0.2": {"reduction_in_attributes": 57.14285714285714, "time": 0.0003681182861328125, "reduction": 89.47368421052632, "validation": {"accuracy": 80.0}, "test": {"accuracy": 81.81818181818183}}, "0.3": {"reduction_in_attributes": 57.14285714285714, "time": 0.00040340423583984375, "reduction": 89.47368421052632, "validation": {"accuracy": 80.0}, "test": {"accuracy": 81.81818181818183}}, "0.4": {"reduction_in_attributes": 57.14285714285714, "time": 0.00039005279541015625, "reduction": 89.47368421052632, "validation": {"accuracy": 80.0}, "test": {"accuracy": 81.81818181818183}}, "0.5": {"reduction_in_attributes": 57.14285714285714, "time": 0.0003898143768310547, "reduction": 89.47368421052632, "validation": {"accuracy": 80.0}, "test": {"accuracy": 81.81818181818183}}, "0.6": {"reduction_in_attributes": 57.14285714285714, "time": 0.0004029273986816406, "reduction": 89.47368421052632, "validation": {"accuracy": 80.0}, "test": {"accuracy": 81.81818181818183}}, "0.7": {"reduction_in_attributes": 57.14285714285714, "time": 0.000370025634765625, "reduction": 89.47368421052632, "validation": {"accuracy": 80.0}, "test": {"accuracy": 81.81818181818183}}, "0.8": {"reduction_in_attributes": 57.14285714285714, "time": 0.00042700767517089844, "reduction": 89.47368421052632, "validation": {"accuracy": 80.0}, "test": {"accuracy": 81.81818181818183}}, "0.9": {"reduction_in_attributes": 57.14285714285714, "time": 0.00036787986755371094, "reduction": 89.47368421052632, "validation": {"accuracy": 80.0}, "test": {"accuracy": 81.81818181818183}}, "1.0": {"reduction_in_attributes": 57.14285714285714, "time": 0.00040411949157714844, "reduction": 98.94736842105263, "validation": {"accuracy": 80.0}, "test": {"accuracy": 81.81818181818183}}}, "6": {"0.0": {"reduction_in_attributes": 57.14285714285714, "time": 0.00037598609924316406, "reduction": 84.21052631578947, "validation": {"accuracy": 87.36842105263159}, "test": {"accuracy": 100.0}}, "0.1": {"reduction_in_attributes": 57.14285714285714, "time": 0.00039196014404296875, "reduction": 91.57894736842105, "validation": {"accuracy": 80.0}, "test": {"accuracy": 81.81818181818183}}, "0.2": {"reduction_in_attributes": 57.14285714285714, "time": 0.00039505958557128906, "reduction": 91.57894736842105, "validation": {"accuracy": 80.0}, "test": {"accuracy": 81.81818181818183}}, "0.3": {"reduction_in_attributes": 57.14285714285714, "time": 0.0003561973571777344, "reduction": 91.57894736842105, "validation": {"accuracy": 80.0}, "test": {"accuracy": 81.81818181818183}}, "0.4": {"reduction_in_attributes": 57.14285714285714, "time": 0.00038123130798339844, "reduction": 91.57894736842105, "validation": {"accuracy": 80.0}, "test": {"accuracy": 81.81818181818183}}, "0.5": {"reduction_in_attributes": 57.14285714285714, "time": 0.0003509521484375, "reduction": 91.57894736842105, "validation": {"accuracy": 80.0}, "test": {"accuracy": 81.81818181818183}}, "0.6": {"reduction_in_attributes": 57.14285714285714, "time": 0.0003631114959716797, "reduction": 91.57894736842105, "validation": {"accuracy": 80.0}, "test": {"accuracy": 81.81818181818183}}, "0.7": {"reduction_in_attributes": 57.14285714285714, "time": 0.0003561973571777344, "reduction": 91.57894736842105, "validation": {"accuracy": 80.0}, "test": {"accuracy": 81.81818181818183}},