{"3": {"0.0": {"reduction_in_attributes": 94.73684210526316, "time": 0.06726980209350586, "reduction": 0.19240019240018835, "validation": {"accuracy": 26.64742664742665}, "test": {"accuracy": 23.376623376623375}}, "0.1": {"reduction_in_attributes": 94.73684210526316, "time": 0.064727783203125, "reduction": 9.042809042809042, "validation": {"accuracy": 50.072150072150066}, "test": {"accuracy": 26.83982683982684}}, "0.2": {"reduction_in_attributes": 94.73684210526316, "time": 0.05440998077392578, "reduction": 30.880230880230886, "validation": {"accuracy": 64.5021645021645}, "test": {"accuracy": 42.857142857142854}}, "0.3": {"reduction_in_attributes": 94.73684210526316, "time": 0.027591943740844727, "reduction": 100, "validation": 0.0, "test": 0.0}, "0.4": {"reduction_in_attributes": 94.73684210526316, "time": 0.060797929763793945, "reduction": 46.65704665704665, "validation": {"accuracy": 97.54689754689755}, "test": {"accuracy": 35.064935064935064}}, "0.5": {"reduction_in_attributes": 94.73684210526316, "time": 0.05508112907409668, "reduction": 99.95189995189995, "validation": {"accuracy": 14.285714285714285}, "test": {"accuracy": 14.285714285714285}}, "0.6": {"reduction_in_attributes": 94.73684210526316, "time": 0.051538944244384766, "reduction": 99.95189995189995, "validation": {"accuracy": 14.285714285714285}, "test": {"accuracy": 14.285714285714285}}, "0.7": {"reduction_in_attributes": 94.73684210526316, "time": 0.04821610450744629, "reduction": 92.4963924963925, "validation": {"accuracy": 26.406926406926406}, "test": {"accuracy": 25.97402597402597}}, "0.8": {"reduction_in_attributes": 94.73684210526316, "time": 0.04796266555786133, "reduction": 98.46079846079846, "validation": {"accuracy": 14.285714285714285}, "test": {"accuracy": 14.285714285714285}}, "0.9": {"reduction_in_attributes": 94.73684210526316, "time": 0.03947901725769043, "reduction": 96.96969696969697, "validation": {"accuracy": 14.285714285714285}, "test": {"accuracy": 14.285714285714285}}, "1.0": {"reduction_in_attributes": 94.73684210526316, "time": 0.047586679458618164, "reduction": 99.95189995189995, "validation": {"accuracy": 14.285714285714285}, "test": {"accuracy": 14.285714285714285}}}, "4": {"0.0": {"reduction_in_attributes": 94.73684210526316, "time": 0.042962074279785156, "reduction": 0.0, "validation": {"accuracy": 16.69071669071669}, "test": {"accuracy": 15.584415584415584}}, "0.1": {"reduction_in_attributes": 94.73684210526316, "time": 0.05376005172729492, "reduction": 33.910533910533914, "validation": {"accuracy": 97.21019721019721}, "test": {"accuracy": 61.471861471861466}}, "0.2": {"reduction_in_attributes": 94.73684210526316, "time": 0.05250287055969238, "reduction": 29.341029341029344, "validation": {"accuracy": 67.34006734006735}, "test": {"accuracy": 49.35064935064935}}, "0.3": {"reduction_in_attributes": 94.73684210526316, "time": 0.05939507484436035, "reduction": 31.16883116883117, "validation": {"accuracy": 82.34728234728234}, "test": {"accuracy": 16.450216450216452}}, "0.4": {"reduction_in_attributes": 94.73684210526316, "time": 0.05419015884399414, "reduction": 45.79124579124579, "validation": {"accuracy": 97.45069745069745}, "test": {"accuracy": 33.76623376623377}}, "0.5": {"reduction_in_attributes": 94.73684210526316, "time": 0.05303788185119629, "reduction": 35.54593554593555, "validation": {"accuracy": 26.503126503126502}, "test": {"accuracy": 20.77922077922078}}, "0.6": {"reduction_in_attributes": 94.73684210526316, "time": 0.026284217834472656, "reduction": 100, "validation": 0.0, "test": 0.0}, "0.7": {"reduction_in_attributes": 94.73684210526316, "time": 0.05154109001159668, "reduction": 99.95189995189995, "validation": {"accuracy": 14.285714285714285}, "test": {"accuracy": 14.285714285714285}}, "0.8": {"reduction_in_attributes": 94.73684210526316, "time": 0.032000064849853516, "reduction": 98.36459836459836, "validation": {"accuracy": 14.43001443001443}, "test": {"accuracy": 14.285714285714285}}, "0.9": {"reduction_in_attributes": 94.73684210526316, "time": 0.056294918060302734, "reduction": 99.95189995189995, "validation": {"accuracy": 14.285714285714285}, "test": {"accuracy": 14.285714285714285}}, "1.0": {"reduction_in_attributes": 94.73684210526316, "time": 0.07279610633850098, "reduction": 97.83549783549783, "validation": {"accuracy": 14.285714285714285}, "test": {"accuracy": 14.285714285714285}}}, "5": {"0.0": {"reduction_in_attributes": 94.73684210526316, "time": 0.06268191337585449, "reduction": 0.14430014430014682, "validation": {"accuracy": 27.465127465127466}, "test": {"accuracy": 12.554112554112553}}, "0.1": {"reduction_in_attributes": 94.73684210526316, "time": 0.05725598335266113, "reduction": 22.318422318422314, "validation": {"accuracy": 59.403559403559406}, "test": {"accuracy": 45.02164502164502}}, "0.2": {"reduction_in_attributes": 94.73684210526316, "time": 0.06866788864135742, "reduction": 35.4016354016354, "validation": {"accuracy": 96.24819624819625}, "test": {"accuracy": 58.87445887445888}}, "0.3": {"reduction_in_attributes": 94.73684210526316, "time": 0.05362677574157715, "reduction": 45.35834535834535, "validation": {"accuracy": 97.7873977873978}, "test": {"accuracy": 39.39393939393939}}, "0.4": {"reduction_in_attributes": 94.73684210526316, "time": 0.05181598663330078, "reduction": 95.62289562289563, "validation": {"accuracy": 21.01972101972102}, "test": {"accuracy": 16.883116883116884}}, "0.5": {"reduction_in_attributes": 94.73684210526316, "time": 0.051454782485961914, "reduction": 83.83838383838383, "validation": {"accuracy": 33.28523328523328}, "test": {"accuracy": 22.51082251082251}}, "0.6": {"reduction_in_attributes": 94.73684210526316, "time": 0.05000877380371094, "reduction": 99.95189995189995, "validation": {"accuracy": 14.285714285714285}, "test": {"accuracy": 14.285714285714285}}, "0.7": {"reduction_in_attributes": 94.73684210526316, "time": 0.05613899230957031, "reduction": 99.95189995189995, "validation": {"accuracy": 14.285714285714285}, "test": {"accuracy": 14.285714285714285}}, "0.8": {"reduction_in_attributes": 94.73684210526316, "time": 0.05512189865112305, "reduction": 91.05339105339105, "validation": {"accuracy": 19.817219817219815}, "test": {"accuracy": 14.71861471861472}}, "0.9": {"reduction_in_attributes": 94.73684210526316, "time": 0.037873029708862305, "reduction": 96.87349687349688, "validation": {"accuracy": 14.285714285714285}, "test": {"accuracy": 14.285714285714285}}, "1.0": {"reduction_in_attributes": 94.73684210526316, "time": 0.04987311363220215, "reduction": 99.95189995189995, "validation": {"accuracy": 14.285714285714285}, "test": {"accuracy": 14.285714285714285}}}, "6": {"0.0": {"reduction_in_attributes": 94.73684210526316, "time": 0.06050467491149902, "reduction": 19.432419432419433, "validation": {"accuracy": 90.37999037999039}, "test": {"accuracy": 38.095238095238095}}, "0.1": {"reduction_in_attributes": 94.73684210526316, "time": 0.06058502197265625, "reduction": 17.12361712361712, "validation": {"accuracy": 52.09235209235209}, "test": {"accuracy": 21.21212121212121}}, "0.2": {"reduction_in_attributes": 94.73684210526316, "time": 0.025981903076171875, "reduction": 100, "validation": 0.0, "test": 0.0}, "0.3": {"reduction_in_attributes": 94.73684210526316, "time": 0.056794166564941406, "reduction": 26.599326599326602, "validation": {"accuracy": 49.35064935064935}, "test": {"accuracy": 28.13852813852814}}, "0.4": {"reduction_in_attributes": 94.73684210526316, "time": 0.05028891563415527, "reduction": 51.80375180375181, "validation": {"accuracy": 46.36844636844637}, "test": {"accuracy": 24.242424242424242}}, "0.5": {"reduction_in_attributes": 94.73684210526316, "time": 0.037893056869506836, "reduction": 52.81385281385281, "validation": {"accuracy": 16.835016835016837}, "test": {"accuracy": 16.450216450216452}}, "0.6": {"reduction_in_attributes": 94.73684210526316, "time": 0.051921844482421875, "reduction": 99.95189995189995, "validation": {"accuracy": 14.285714285714285},