{"3": {"0.0": {"reduction_in_attributes": 98.88888888888889, "time": 0.002001047134399414, "reduction": 7.4074074074074066, "validation": {"accuracy": 72.8395061728395}, "test": {"accuracy": 11.11111111111111}}, "0.1": {"reduction_in_attributes": 98.88888888888889, "time": 0.0020439624786376953, "reduction": 8.64197530864198, "validation": {"accuracy": 60.802469135802475}, "test": {"accuracy": 8.333333333333332}}, "0.2": {"reduction_in_attributes": 98.88888888888889, "time": 0.002039670944213867, "reduction": 8.333333333333337, "validation": {"accuracy": 57.098765432098766}, "test": {"accuracy": 8.333333333333332}}, "0.3": {"reduction_in_attributes": 98.88888888888889, "time": 0.0019989013671875, "reduction": 10.802469135802472, "validation": {"accuracy": 66.9753086419753}, "test": {"accuracy": 16.666666666666664}}, "0.4": {"reduction_in_attributes": 98.88888888888889, "time": 0.002017974853515625, "reduction": 21.91358024691358, "validation": {"accuracy": 63.580246913580254}, "test": {"accuracy": 13.88888888888889}}, "0.5": {"reduction_in_attributes": 98.88888888888889, "time": 0.0018658638000488281, "reduction": 50.0, "validation": {"accuracy": 41.358024691358025}, "test": {"accuracy": 13.88888888888889}}, "0.6": {"reduction_in_attributes": 98.88888888888889, "time": 0.0018079280853271484, "reduction": 72.22222222222221, "validation": {"accuracy": 26.234567901234566}, "test": {"accuracy": 13.88888888888889}}, "0.7": {"reduction_in_attributes": 98.88888888888889, "time": 0.0017688274383544922, "reduction": 93.20987654320987, "validation": {"accuracy": 14.814814814814813}, "test": {"accuracy": 13.88888888888889}}, "0.8": {"reduction_in_attributes": 98.88888888888889, "time": 0.0017669200897216797, "reduction": 94.1358024691358, "validation": {"accuracy": 11.419753086419753}, "test": {"accuracy": 8.333333333333332}}, "0.9": {"reduction_in_attributes": 98.88888888888889, "time": 0.0017311573028564453, "reduction": 95.67901234567901, "validation": {"accuracy": 10.493827160493826}, "test": {"accuracy": 8.333333333333332}}, "1.0": {"reduction_in_attributes": 98.88888888888889, "time": 0.0016398429870605469, "reduction": 99.69135802469135, "validation": {"accuracy": 6.790123456790123}, "test": {"accuracy": 5.555555555555555}}}, "4": {"0.0": {"reduction_in_attributes": 98.88888888888889, "time": 0.0019347667694091797, "reduction": 8.333333333333337, "validation": {"accuracy": 71.91358024691358}, "test": {"accuracy": 8.333333333333332}}, "0.1": {"reduction_in_attributes": 98.88888888888889, "time": 0.002360820770263672, "reduction": 7.098765432098764, "validation": {"accuracy": 66.0493827160494}, "test": {"accuracy": 13.88888888888889}}, "0.2": {"reduction_in_attributes": 98.88888888888889, "time": 0.0018749237060546875, "reduction": 12.962962962962965, "validation": {"accuracy": 64.81481481481481}, "test": {"accuracy": 16.666666666666664}}, "0.3": {"reduction_in_attributes": 98.88888888888889, "time": 0.001886129379272461, "reduction": 13.271604938271608, "validation": {"accuracy": 57.098765432098766}, "test": {"accuracy": 2.7777777777777777}}, "0.4": {"reduction_in_attributes": 98.88888888888889, "time": 0.0017871856689453125, "reduction": 21.604938271604933, "validation": {"accuracy": 63.888888888888886}, "test": {"accuracy": 22.22222222222222}}, "0.5": {"reduction_in_attributes": 98.88888888888889, "time": 0.0016870498657226562, "reduction": 47.839506172839506, "validation": {"accuracy": 47.839506172839506}, "test": {"accuracy": 8.333333333333332}}, "0.6": {"reduction_in_attributes": 98.88888888888889, "time": 0.0016391277313232422, "reduction": 69.1358024691358, "validation": {"accuracy": 29.32098765432099}, "test": {"accuracy": 16.666666666666664}}, "0.7": {"reduction_in_attributes": 98.88888888888889, "time": 0.0016329288482666016, "reduction": 91.0493827160494, "validation": {"accuracy": 16.049382716049383}, "test": {"accuracy": 13.88888888888889}}, "0.8": {"reduction_in_attributes": 98.88888888888889, "time": 0.001653909683227539, "reduction": 87.34567901234568, "validation": {"accuracy": 19.444444444444446}, "test": {"accuracy": 16.666666666666664}}, "0.9": {"reduction_in_attributes": 98.88888888888889, "time": 0.0016303062438964844, "reduction": 97.53086419753086, "validation": {"accuracy": 6.790123456790123}, "test": {"accuracy": 5.555555555555555}}, "1.0": {"reduction_in_attributes": 98.88888888888889, "time": 0.00156402587890625, "reduction": 99.69135802469135, "validation": {"accuracy": 6.790123456790123}, "test": {"accuracy": 5.555555555555555}}}, "5": {"0.0": {"reduction_in_attributes": 98.88888888888889, "time": 0.0019130706787109375, "reduction": 4.629629629629628, "validation": {"accuracy": 58.64197530864198}, "test": {"accuracy": 8.333333333333332}}, "0.1": {"reduction_in_attributes": 98.88888888888889, "time": 0.002315044403076172, "reduction": 6.172839506172845, "validation": {"accuracy": 68.82716049382715}, "test": {"accuracy": 11.11111111111111}}, "0.2": {"reduction_in_attributes": 98.88888888888889, "time": 0.0018701553344726562, "reduction": 13.271604938271608, "validation": {"accuracy": 72.53086419753086}, "test": {"accuracy": 22.22222222222222}}, "0.3": {"reduction_in_attributes": 98.88888888888889, "time": 0.0018649101257324219, "reduction": 15.740740740740744, "validation": {"accuracy": 69.1358024691358}, "test": {"accuracy": 13.88888888888889}}, "0.4": {"reduction_in_attributes": 98.88888888888889, "time": 0.0018477439880371094, "reduction": 20.061728395061728, "validation": {"accuracy": 54.32098765432099}, "test": {"accuracy": 11.11111111111111}}, "0.5": {"reduction_in_attributes": 98.88888888888889, "time": 0.0016758441925048828, "reduction": 74.07407407407408, "validation": {"accuracy": 33.33333333333333}, "test": {"accuracy": 8.333333333333332}}, "0.6": {"reduction_in_attributes": 98.88888888888889, "time": 0.0016841888427734375, "reduction": 72.22222222222221, "validation": {"accuracy": 26.543209876543212}, "test": {"accuracy": 8.333333333333332}}, "0.7": {"reduction_in_attributes": 98.88888888888889, "time": 0.0016989707946777344, "reduction": 66.9753086419753, "validation": {"accuracy": 33.0246913580247}, "test": {"accuracy": 11.11111111111111}}, "0.8": {"reduction_in_attributes": 98.88888888888889, "time": 0.0016498565673828125, "reduction": 85.80246913580247, "validation": {"accuracy": 20.37037037037037}, "test": {"accuracy": 16.666666666666664}}, "0.9": {"reduction_in_attributes": 98.88888888888889, "time": 0.001628875732421875, "reduction": 98.14814814814815, "validation": {"accuracy": 6.790123456790123}, "test": {"accuracy": 5.555555555555555}}, "1.0": {"reduction_in_attributes": 98.88888888888889, "time": 0.0016241073608398438, "reduction": 99.69135802469135, "validation": {"accuracy": 6.790123456790123}, "test": {"accuracy": 5.555555555555555}}}, "6": {"0.0": {"reduction_in_attributes": 98.88888888888889, "time": 0.0019690990447998047, "reduction": 5.864197530864201, "validation": {"accuracy": 71.29629629629629}, "test": {"accuracy": 13.88888888888889}}, "0.1": {"reduction_in_attributes": 98.88888888888889, "time": 0.002312898635864258, "reduction": 7.098765432098764, "validation": {"accuracy": 64.19753086419753}, "test": {"accuracy": 5.555555555555555}}, "0.2": {"reduction_in_attributes": 98.88888888888889, "time": 0.0018930435180664062, "reduction": 10.185185185185187, "validation": {"accuracy": 63.888888888888886}, "test": {"accuracy": 16.666666666666664}}, "0.3": {"reduction_in_attributes": 98.88888888888889, "time": 0.0018591880798339844, "reduction": 16.975308641975307, "validation": {"accuracy": 63.888888888888886}, "test": {"accuracy": 13.88888888888889}}, "0.4": {"reduction_in_attributes": 98.88888888888889, "time": 0.0017771720886230469, "reduction": 37.03703703703704, "validation": {"accuracy": 49.074074074074076}, "test": {"accuracy": 13.88888888888889}}, "0.5": {"reduction_in_attributes": 98.88888888888889, "time": 0.0017189979553222656, "reduction": 57.71604938271605,