{"3": {"0.0": {"reduction_in_attributes": 85.71428571428572, "time": 0.0032041072845458984, "reduction": 0.0, "validation": {"accuracy": 20.88888888888889}, "test": {"accuracy": 20.0}}, "0.1": {"reduction_in_attributes": 85.71428571428572, "time": 0.002995014190673828, "reduction": 0.666666666666671, "validation": {"accuracy": 20.88888888888889}, "test": {"accuracy": 22.0}}, "0.2": {"reduction_in_attributes": 85.71428571428572, "time": 0.0029082298278808594, "reduction": 4.666666666666663, "validation": {"accuracy": 20.88888888888889}, "test": {"accuracy": 22.0}}, "0.3": {"reduction_in_attributes": 85.71428571428572, "time": 0.0031239986419677734, "reduction": 9.55555555555555, "validation": {"accuracy": 20.88888888888889}, "test": {"accuracy": 22.0}}, "0.4": {"reduction_in_attributes": 85.71428571428572, "time": 0.003033161163330078, "reduction": 11.555555555555552, "validation": {"accuracy": 20.22222222222222}, "test": {"accuracy": 22.0}}, "0.5": {"reduction_in_attributes": 85.71428571428572, "time": 0.002972126007080078, "reduction": 9.55555555555555, "validation": {"accuracy": 20.88888888888889}, "test": {"accuracy": 20.0}}, "0.6": {"reduction_in_attributes": 85.71428571428572, "time": 0.0025780200958251953, "reduction": 89.77777777777777, "validation": {"accuracy": 10.444444444444445}, "test": {"accuracy": 10.0}}, "0.7": {"reduction_in_attributes": 85.71428571428572, "time": 0.00257110595703125, "reduction": 89.77777777777777, "validation": {"accuracy": 10.444444444444445}, "test": {"accuracy": 10.0}}, "0.8": {"reduction_in_attributes": 85.71428571428572, "time": 0.0021619796752929688, "reduction": 90.44444444444444, "validation": {"accuracy": 10.0}, "test": {"accuracy": 12.0}}, "0.9": {"reduction_in_attributes": 85.71428571428572, "time": 0.0024919509887695312, "reduction": 89.77777777777777, "validation": {"accuracy": 11.333333333333332}, "test": {"accuracy": 12.0}}, "1.0": {"reduction_in_attributes": 85.71428571428572, "time": 0.0023109912872314453, "reduction": 90.44444444444444, "validation": {"accuracy": 10.222222222222223}, "test": {"accuracy": 12.0}}}, "4": {"0.0": {"reduction_in_attributes": 85.71428571428572, "time": 0.0029532909393310547, "reduction": 0.0, "validation": {"accuracy": 20.22222222222222}, "test": {"accuracy": 22.0}}, "0.1": {"reduction_in_attributes": 85.71428571428572, "time": 0.003282785415649414, "reduction": 0.4444444444444473, "validation": {"accuracy": 20.666666666666668}, "test": {"accuracy": 24.0}}, "0.2": {"reduction_in_attributes": 85.71428571428572, "time": 0.002980947494506836, "reduction": 4.666666666666663, "validation": {"accuracy": 20.88888888888889}, "test": {"accuracy": 20.0}}, "0.3": {"reduction_in_attributes": 85.71428571428572, "time": 0.0029888153076171875, "reduction": 10.444444444444445, "validation": {"accuracy": 20.22222222222222}, "test": {"accuracy": 22.0}}, "0.4": {"reduction_in_attributes": 85.71428571428572, "time": 0.0029571056365966797, "reduction": 9.55555555555555, "validation": {"accuracy": 20.666666666666668}, "test": {"accuracy": 24.0}}, "0.5": {"reduction_in_attributes": 85.71428571428572, "time": 0.0029540061950683594, "reduction": 17.333333333333336, "validation": {"accuracy": 20.666666666666668}, "test": {"accuracy": 24.0}}, "0.6": {"reduction_in_attributes": 85.71428571428572, "time": 0.0029997825622558594, "reduction": 16.22222222222223, "validation": {"accuracy": 20.444444444444446}, "test": {"accuracy": 20.0}}, "0.7": {"reduction_in_attributes": 85.71428571428572, "time": 0.0029850006103515625, "reduction": 24.888888888888893, "validation": {"accuracy": 20.444444444444446}, "test": {"accuracy": 20.0}}, "0.8": {"reduction_in_attributes": 85.71428571428572, "time": 0.002562999725341797, "reduction": 80.44444444444444, "validation": {"accuracy": 11.333333333333332}, "test": {"accuracy": 12.0}}, "0.9": {"reduction_in_attributes": 85.71428571428572, "time": 0.002493143081665039, "reduction": 90.0, "validation": {"accuracy": 10.444444444444445}, "test": {"accuracy": 10.0}}, "1.0": {"reduction_in_attributes": 85.71428571428572, "time": 0.002557039260864258, "reduction": 89.77777777777777, "validation": {"accuracy": 11.333333333333332}, "test": {"accuracy": 12.0}}}, "5": {"0.0": {"reduction_in_attributes": 85.71428571428572, "time": 0.0033500194549560547, "reduction": 0.0, "validation": {"accuracy": 20.22222222222222}, "test": {"accuracy": 22.0}}, "0.1": {"reduction_in_attributes": 85.71428571428572, "time": 0.0031807422637939453, "reduction": 1.1111111111111072, "validation": {"accuracy": 20.0}, "test": {"accuracy": 18.0}}, "0.2": {"reduction_in_attributes": 85.71428571428572, "time": 0.0031239986419677734, "reduction": 3.3333333333333326, "validation": {"accuracy": 20.88888888888889}, "test": {"accuracy": 20.0}}, "0.3": {"reduction_in_attributes": 85.71428571428572, "time": 0.002908945083618164, "reduction": 7.9999999999999964, "validation": {"accuracy": 20.22222222222222}, "test": {"accuracy": 22.0}}, "0.4": {"reduction_in_attributes": 85.71428571428572, "time": 0.0029571056365966797, "reduction": 9.55555555555555, "validation": {"accuracy": 20.88888888888889}, "test": {"accuracy": 20.0}}, "0.5": {"reduction_in_attributes": 85.71428571428572, "time": 0.0029020309448242188, "reduction": 18.88888888888889, "validation": {"accuracy": 20.22222222222222}, "test": {"accuracy": 22.0}}, "0.6": {"reduction_in_attributes": 85.71428571428572, "time": 0.0024199485778808594, "reduction": 70.88888888888889, "validation": {"accuracy": 20.88888888888889}, "test": {"accuracy": 20.0}}, "0.7": {"reduction_in_attributes": 85.71428571428572, "time": 0.002498149871826172, "reduction": 90.0, "validation": {"accuracy": 10.444444444444445}, "test": {"accuracy": 10.0}}, "0.8": {"reduction_in_attributes": 85.71428571428572, "time": 0.002541065216064453, "reduction": 80.44444444444444, "validation": {"accuracy": 11.333333333333332}, "test": {"accuracy": 12.0}}, "0.9": {"reduction_in_attributes": 85.71428571428572, "time": 0.0024869441986083984, "reduction": 90.0, "validation": {"accuracy": 10.444444444444445}, "test": {"accuracy": 10.0}}, "1.0": {"reduction_in_attributes": 85.71428571428572, "time": 0.002221822738647461, "reduction": 90.22222222222223, "validation": {"accuracy": 10.222222222222223}, "test": {"accuracy": 10.0}}}, "6": {"0.0": {"reduction_in_attributes": 85.71428571428572, "time": 0.003100156784057617, "reduction": 0.0, "validation": {"accuracy": 19.555555555555557}, "test": {"accuracy": 18.0}}, "0.1": {"reduction_in_attributes": 85.71428571428572, "time": 0.003123044967651367, "reduction": 0.4444444444444473, "validation": {"accuracy": 20.88888888888889}, "test": {"accuracy": 22.0}}, "0.2": {"reduction_in_attributes": 85.71428571428572, "time": 0.0028700828552246094, "reduction": 3.77777777777778, "validation": {"accuracy": 20.88888888888889}, "test": {"accuracy": 20.0}}, "0.3": {"reduction_in_attributes": 85.71428571428572, "time": 0.0029969215393066406, "reduction": 9.777777777777775, "validation": {"accuracy": 20.22222222222222}, "test": {"accuracy": 22.0}}, "0.4": {"reduction_in_attributes": 85.71428571428572, "time": 0.002959012985229492, "reduction": 9.55555555555555, "validation": {"accuracy": 20.666666666666668}, "test": {"accuracy": 22.0}}, "0.5": {"reduction_in_attributes": 85.71428571428572, "time": 0.0021822452545166016, "reduction": 90.22222222222223, "validation": {"accuracy": 10.222222222222223}, "test": {"accuracy": 10.0}}, "0.6": {"reduction_in_attributes": 85.71428571428572, "time": 0.0029337406158447266, "reduction": 16.22222222222223, "validation": {"accuracy": 20.22222222222222}, "test": {"accuracy": 22.0}}, "0.7": {"reduction_in_attributes": 85.71428571428572, "time": 0.002492189407348633, "reduction": 81.55555555555556, "validation": {"accuracy": 11.333333333333332}, "test": {"accuracy": 12.0}}, "0.8": {"reduction_in_attributes": 85.71428571428572, "time": 0.002477884292602539, "reduction": 79.77777777777779, "validation": {"accuracy": 11.333333333333332},