{"3": {"0.0": {"reduction_in_attributes": 66.66666666666667, "time": 0.0017859935760498047, "reduction": 34.193548387096776, "validation": {"accuracy": 51.29032258064517}, "test": {"accuracy": 42.857142857142854}}, "0.1": {"reduction_in_attributes": 66.66666666666667, "time": 0.0016629695892333984, "reduction": 64.51612903225806, "validation": {"accuracy": 58.06451612903226}, "test": {"accuracy": 57.14285714285714}}, "0.2": {"reduction_in_attributes": 66.66666666666667, "time": 0.0016608238220214844, "reduction": 64.51612903225806, "validation": {"accuracy": 58.06451612903226}, "test": {"accuracy": 57.14285714285714}}, "0.3": {"reduction_in_attributes": 66.66666666666667, "time": 0.0016930103302001953, "reduction": 64.51612903225806, "validation": {"accuracy": 58.06451612903226}, "test": {"accuracy": 57.14285714285714}}, "0.4": {"reduction_in_attributes": 66.66666666666667, "time": 0.001573324203491211, "reduction": 64.51612903225806, "validation": {"accuracy": 58.06451612903226}, "test": {"accuracy": 57.14285714285714}}, "0.5": {"reduction_in_attributes": 66.66666666666667, "time": 0.001886129379272461, "reduction": 64.51612903225806, "validation": {"accuracy": 58.06451612903226}, "test": {"accuracy": 57.14285714285714}}, "0.6": {"reduction_in_attributes": 66.66666666666667, "time": 0.001667022705078125, "reduction": 64.51612903225806, "validation": {"accuracy": 58.06451612903226}, "test": {"accuracy": 57.14285714285714}}, "0.7": {"reduction_in_attributes": 66.66666666666667, "time": 0.0016720294952392578, "reduction": 64.51612903225806, "validation": {"accuracy": 58.06451612903226}, "test": {"accuracy": 57.14285714285714}}, "0.8": {"reduction_in_attributes": 66.66666666666667, "time": 0.0016942024230957031, "reduction": 64.51612903225806, "validation": {"accuracy": 58.06451612903226}, "test": {"accuracy": 57.14285714285714}}, "0.9": {"reduction_in_attributes": 66.66666666666667, "time": 0.0016558170318603516, "reduction": 64.51612903225806, "validation": {"accuracy": 58.06451612903226}, "test": {"accuracy": 57.14285714285714}}, "1.0": {"reduction_in_attributes": 66.66666666666667, "time": 0.0015718936920166016, "reduction": 99.67741935483872, "validation": {"accuracy": 58.06451612903226}, "test": {"accuracy": 57.14285714285714}}}, "4": {"0.0": {"reduction_in_attributes": 66.66666666666667, "time": 0.0017621517181396484, "reduction": 34.193548387096776, "validation": {"accuracy": 53.5483870967742}, "test": {"accuracy": 48.57142857142857}}, "0.1": {"reduction_in_attributes": 66.66666666666667, "time": 0.0016639232635498047, "reduction": 58.06451612903225, "validation": {"accuracy": 57.41935483870968}, "test": {"accuracy": 54.285714285714285}}, "0.2": {"reduction_in_attributes": 66.66666666666667, "time": 0.0016858577728271484, "reduction": 63.87096774193548, "validation": {"accuracy": 58.06451612903226}, "test": {"accuracy": 57.14285714285714}}, "0.3": {"reduction_in_attributes": 66.66666666666667, "time": 0.0016589164733886719, "reduction": 63.87096774193548, "validation": {"accuracy": 58.06451612903226}, "test": {"accuracy": 57.14285714285714}}, "0.4": {"reduction_in_attributes": 66.66666666666667, "time": 0.0016810894012451172, "reduction": 63.87096774193548, "validation": {"accuracy": 58.06451612903226}, "test": {"accuracy": 57.14285714285714}}, "0.5": {"reduction_in_attributes": 66.66666666666667, "time": 0.0016529560089111328, "reduction": 63.87096774193548, "validation": {"accuracy": 58.06451612903226}, "test": {"accuracy": 57.14285714285714}}, "0.6": {"reduction_in_attributes": 66.66666666666667, "time": 0.001764059066772461, "reduction": 63.87096774193548, "validation": {"accuracy": 58.06451612903226}, "test": {"accuracy": 57.14285714285714}}, "0.7": {"reduction_in_attributes": 66.66666666666667, "time": 0.0016567707061767578, "reduction": 63.87096774193548, "validation": {"accuracy": 58.06451612903226}, "test": {"accuracy": 57.14285714285714}}, "0.8": {"reduction_in_attributes": 66.66666666666667, "time": 0.001641988754272461, "reduction": 63.87096774193548, "validation": {"accuracy": 58.06451612903226}, "test": {"accuracy": 57.14285714285714}}, "0.9": {"reduction_in_attributes": 66.66666666666667, "time": 0.0016520023345947266, "reduction": 70.3225806451613, "validation": {"accuracy": 58.06451612903226}, "test": {"accuracy": 57.14285714285714}}, "1.0": {"reduction_in_attributes": 66.66666666666667, "time": 0.00156402587890625, "reduction": 99.67741935483872, "validation": {"accuracy": 58.06451612903226}, "test": {"accuracy": 57.14285714285714}}}, "5": {"0.0": {"reduction_in_attributes": 83.33333333333334, "time": 0.0018482208251953125, "reduction": 14.83870967741936, "validation": {"accuracy": 68.06451612903226}, "test": {"accuracy": 51.42857142857142}}, "0.1": {"reduction_in_attributes": 83.33333333333334, "time": 0.001641988754272461, "reduction": 43.87096774193549, "validation": {"accuracy": 60.64516129032258}, "test": {"accuracy": 60.0}}, "0.2": {"reduction_in_attributes": 83.33333333333334, "time": 0.0016720294952392578, "reduction": 51.93548387096774, "validation": {"accuracy": 58.06451612903226}, "test": {"accuracy": 57.14285714285714}}, "0.3": {"reduction_in_attributes": 83.33333333333334, "time": 0.0016148090362548828, "reduction": 51.93548387096774, "validation": {"accuracy": 58.06451612903226}, "test": {"accuracy": 57.14285714285714}}, "0.4": {"reduction_in_attributes": 83.33333333333334, "time": 0.0016171932220458984, "reduction": 51.93548387096774, "validation": {"accuracy": 58.06451612903226}, "test": {"accuracy": 57.14285714285714}}, "0.5": {"reduction_in_attributes": 83.33333333333334, "time": 0.0017611980438232422, "reduction": 51.93548387096774, "validation": {"accuracy": 58.06451612903226}, "test": {"accuracy": 57.14285714285714}}, "0.6": {"reduction_in_attributes": 83.33333333333334, "time": 0.0016582012176513672, "reduction": 51.93548387096774, "validation": {"accuracy": 58.06451612903226}, "test": {"accuracy": 57.14285714285714}}, "0.7": {"reduction_in_attributes": 83.33333333333334, "time": 0.0016303062438964844, "reduction": 51.93548387096774, "validation": {"accuracy": 58.06451612903226}, "test": {"accuracy": 57.14285714285714}}, "0.8": {"reduction_in_attributes": 83.33333333333334, "time": 0.0016057491302490234, "reduction": 51.93548387096774, "validation": {"accuracy": 58.06451612903226}, "test": {"accuracy": 57.14285714285714}}, "0.9": {"reduction_in_attributes": 83.33333333333334, "time": 0.0015897750854492188, "reduction": 51.93548387096774, "validation": {"accuracy": 58.06451612903226}, "test": {"accuracy": 57.14285714285714}}, "1.0": {"reduction_in_attributes": 83.33333333333334, "time": 0.001463174819946289, "reduction": 99.67741935483872, "validation": {"accuracy": 58.06451612903226}, "test": {"accuracy": 57.14285714285714}}}, "6": {"0.0": {"reduction_in_attributes": 66.66666666666667, "time": 0.0017659664154052734, "reduction": 33.11897106109325, "validation": {"accuracy": 56.59163987138264}, "test": {"accuracy": 61.76470588235294}}, "0.1": {"reduction_in_attributes": 66.66666666666667, "time": 0.0016338825225830078, "reduction": 63.9871382636656, "validation": {"accuracy": 57.87781350482315}, "test": {"accuracy": 58.82352941176471}}, "0.2": {"reduction_in_attributes": 66.66666666666667, "time": 0.0016388893127441406, "reduction": 63.9871382636656, "validation": {"accuracy": 57.87781350482315}, "test": {"accuracy": 58.82352941176471}}, "0.3": {"reduction_in_attributes": 66.66666666666667, "time": 0.0016357898712158203, "reduction": 63.9871382636656, "validation": {"accuracy": 57.87781350482315}, "test": {"accuracy": 58.82352941176471}}, "0.4": {"reduction_in_attributes": 66.66666666666667, "time": 0.0016031265258789062, "reduction": 63.9871382636656, "validation": {"accuracy": 57.87781350482315}, "test": {"accuracy": 58.82352941176471}}, "0.5": {"reduction_in_attributes": 66.66666666666667, "time": 0.001641988754272461, "reduction": 63.9871382636656, "validation": {"accuracy": 57.87781350482315},