{"3": {"0.0": {"reduction_in_attributes": 14.28571428571429, "time": 0.0004937648773193359, "reduction": 82.10526315789474, "validation": {"accuracy": 78.94736842105263}, "test": {"accuracy": 90.9090909090909}}, "0.1": {"reduction_in_attributes": 14.28571428571429, "time": 0.0003921985626220703, "reduction": 91.57894736842105, "validation": {"accuracy": 80.0}, "test": {"accuracy": 81.81818181818183}}, "0.2": {"reduction_in_attributes": 14.28571428571429, "time": 0.0004968643188476562, "reduction": 91.57894736842105, "validation": {"accuracy": 80.0}, "test": {"accuracy": 81.81818181818183}}, "0.3": {"reduction_in_attributes": 14.28571428571429, "time": 0.00037407875061035156, "reduction": 91.57894736842105, "validation": {"accuracy": 80.0}, "test": {"accuracy": 81.81818181818183}}, "0.4": {"reduction_in_attributes": 14.28571428571429, "time": 0.0003781318664550781, "reduction": 91.57894736842105, "validation": {"accuracy": 80.0}, "test": {"accuracy": 81.81818181818183}}, "0.5": {"reduction_in_attributes": 14.28571428571429, "time": 0.00036406517028808594, "reduction": 91.57894736842105, "validation": {"accuracy": 80.0}, "test": {"accuracy": 81.81818181818183}}, "0.6": {"reduction_in_attributes": 14.28571428571429, "time": 0.0003800392150878906, "reduction": 91.57894736842105, "validation": {"accuracy": 80.0}, "test": {"accuracy": 81.81818181818183}}, "0.7": {"reduction_in_attributes": 14.28571428571429, "time": 0.0003750324249267578, "reduction": 91.57894736842105, "validation": {"accuracy": 80.0}, "test": {"accuracy": 81.81818181818183}}, "0.8": {"reduction_in_attributes": 14.28571428571429, "time": 0.0003750324249267578, "reduction": 91.57894736842105, "validation": {"accuracy": 80.0}, "test": {"accuracy": 81.81818181818183}}, "0.9": {"reduction_in_attributes": 14.28571428571429, "time": 0.0005581378936767578, "reduction": 92.63157894736842, "validation": {"accuracy": 80.0}, "test": {"accuracy": 81.81818181818183}}, "1.0": {"reduction_in_attributes": 14.28571428571429, "time": 0.00038886070251464844, "reduction": 98.94736842105263, "validation": {"accuracy": 80.0}, "test": {"accuracy": 81.81818181818183}}}, "4": {"0.0": {"reduction_in_attributes": 14.28571428571429, "time": 0.0003719329833984375, "reduction": 80.0, "validation": {"accuracy": 66.3157894736842}, "test": {"accuracy": 81.81818181818183}}, "0.1": {"reduction_in_attributes": 14.28571428571429, "time": 0.0004391670227050781, "reduction": 92.63157894736842, "validation": {"accuracy": 80.0}, "test": {"accuracy": 81.81818181818183}}, "0.2": {"reduction_in_attributes": 14.28571428571429, "time": 0.00036597251892089844, "reduction": 92.63157894736842, "validation": {"accuracy": 80.0}, "test": {"accuracy": 81.81818181818183}}, "0.3": {"reduction_in_attributes": 14.28571428571429, "time": 0.00036406517028808594, "reduction": 92.63157894736842, "validation": {"accuracy": 80.0}, "test": {"accuracy": 81.81818181818183}}, "0.4": {"reduction_in_attributes": 14.28571428571429, "time": 0.0003898143768310547, "reduction": 92.63157894736842, "validation": {"accuracy": 80.0}, "test": {"accuracy": 81.81818181818183}}, "0.5": {"reduction_in_attributes": 14.28571428571429, "time": 0.0003879070281982422, "reduction": 92.63157894736842, "validation": {"accuracy": 80.0}, "test": {"accuracy": 81.81818181818183}}, "0.6": {"reduction_in_attributes": 14.28571428571429, "time": 0.0008409023284912109, "reduction": 92.63157894736842, "validation": {"accuracy": 80.0}, "test": {"accuracy": 81.81818181818183}}, "0.7": {"reduction_in_attributes": 14.28571428571429, "time": 0.0006818771362304688, "reduction": 92.63157894736842, "validation": {"accuracy": 80.0}, "test": {"accuracy": 81.81818181818183}}, "0.8": {"reduction_in_attributes": 14.28571428571429, "time": 0.0006861686706542969, "reduction": 92.63157894736842, "validation": {"accuracy": 80.0}, "test": {"accuracy": 81.81818181818183}}, "0.9": {"reduction_in_attributes": 14.28571428571429, "time": 0.00038695335388183594, "reduction": 93.6842105263158, "validation": {"accuracy": 80.0}, "test": {"accuracy": 81.81818181818183}}, "1.0": {"reduction_in_attributes": 14.28571428571429, "time": 0.00037097930908203125, "reduction": 98.94736842105263, "validation": {"accuracy": 80.0}, "test": {"accuracy": 81.81818181818183}}}, "5": {"0.0": {"reduction_in_attributes": 14.28571428571429, "time": 0.0006520748138427734, "reduction": 81.05263157894737, "validation": {"accuracy": 75.78947368421053}, "test": {"accuracy": 90.9090909090909}}, "0.1": {"reduction_in_attributes": 14.28571428571429, "time": 0.00046372413635253906, "reduction": 92.63157894736842, "validation": {"accuracy": 80.0}, "test": {"accuracy": 81.81818181818183}}, "0.2": {"reduction_in_attributes": 14.28571428571429, "time": 0.00041484832763671875, "reduction": 92.63157894736842, "validation": {"accuracy": 80.0}, "test": {"accuracy": 81.81818181818183}}, "0.3": {"reduction_in_attributes": 14.28571428571429, "time": 0.00040912628173828125, "reduction": 92.63157894736842, "validation": {"accuracy": 80.0}, "test": {"accuracy": 81.81818181818183}}, "0.4": {"reduction_in_attributes": 14.28571428571429, "time": 0.0004811286926269531, "reduction": 92.63157894736842, "validation": {"accuracy": 80.0}, "test": {"accuracy": 81.81818181818183}}, "0.5": {"reduction_in_attributes": 14.28571428571429, "time": 0.000392913818359375, "reduction": 92.63157894736842, "validation": {"accuracy": 80.0}, "test": {"accuracy": 81.81818181818183}}, "0.6": {"reduction_in_attributes": 14.28571428571429, "time": 0.0003859996795654297, "reduction": 92.63157894736842, "validation": {"accuracy": 80.0}, "test": {"accuracy": 81.81818181818183}}, "0.7": {"reduction_in_attributes": 14.28571428571429, "time": 0.00038123130798339844, "reduction": 92.63157894736842, "validation": {"accuracy": 80.0}, "test": {"accuracy": 81.81818181818183}}, "0.8": {"reduction_in_attributes": 14.28571428571429, "time": 0.0003840923309326172, "reduction": 92.63157894736842, "validation": {"accuracy": 80.0}, "test": {"accuracy": 81.81818181818183}}, "0.9": {"reduction_in_attributes": 14.28571428571429, "time": 0.00038886070251464844, "reduction": 92.63157894736842, "validation": {"accuracy": 80.0}, "test": {"accuracy": 81.81818181818183}}, "1.0": {"reduction_in_attributes": 14.28571428571429, "time": 0.0003807544708251953, "reduction": 98.94736842105263, "validation": {"accuracy": 80.0}, "test": {"accuracy": 81.81818181818183}}}, "6": {"0.0": {"reduction_in_attributes": 14.28571428571429, "time": 0.00048804283142089844, "reduction": 81.05263157894737, "validation": {"accuracy": 47.368421052631575}, "test": {"accuracy": 36.36363636363637}}, "0.1": {"reduction_in_attributes": 14.28571428571429, "time": 0.0003910064697265625, "reduction": 91.57894736842105, "validation": {"accuracy": 80.0}, "test": {"accuracy": 81.81818181818183}}, "0.2": {"reduction_in_attributes": 14.28571428571429, "time": 0.0003750324249267578, "reduction": 91.57894736842105, "validation": {"accuracy": 80.0}, "test": {"accuracy": 81.81818181818183}}, "0.3": {"reduction_in_attributes": 14.28571428571429, "time": 0.0003859996795654297, "reduction": 91.57894736842105, "validation": {"accuracy": 80.0}, "test": {"accuracy": 81.81818181818183}}, "0.4": {"reduction_in_attributes": 14.28571428571429, "time": 0.0004990100860595703, "reduction": 91.57894736842105, "validation": {"accuracy": 80.0}, "test": {"accuracy": 81.81818181818183}}, "0.5": {"reduction_in_attributes": 14.28571428571429, "time": 0.00037789344787597656, "reduction": 91.57894736842105, "validation": {"accuracy": 80.0}, "test": {"accuracy": 81.81818181818183}}, "0.6": {"reduction_in_attributes": 14.28571428571429, "time": 0.0003802776336669922, "reduction": 91.57894736842105, "validation": {"accuracy": 80.0}, "test": {"accuracy": 81.81818181818183}}, "0.7": {"reduction_in_attributes": 14.28571428571429, "time": 0.0005118846893310547, "reduction": 91.57894736842105, "validation": {"accuracy": 80.0}, "test": {"accuracy": 81.81818181818183}},