{"3": {"0.0": {"reduction_in_attributes": 66.66666666666667, "time": 87.65374803543091, "reduction": 12.669199519744744, "validation": {"accuracy": 61.280242101281225}, "test": {"accuracy": 61.07164002368265}}, "0.1": {"reduction_in_attributes": 66.66666666666667, "time": 95.57288789749146, "reduction": 22.04569003799279, "validation": {"accuracy": 62.408513017878}, "test": {"accuracy": 62.092954410894016}}, "0.2": {"reduction_in_attributes": 66.66666666666667, "time": 85.77558517456055, "reduction": 22.563773622144367, "validation": {"accuracy": 62.408513017878}, "test": {"accuracy": 62.092954410894016}}, "0.3": {"reduction_in_attributes": 66.66666666666667, "time": 83.86102080345154, "reduction": 39.380931234683636, "validation": {"accuracy": 65.80812815578692}, "test": {"accuracy": 65.748963883955}}, "0.4": {"reduction_in_attributes": 66.66666666666667, "time": 81.50507283210754, "reduction": 45.602868373875424, "validation": {"accuracy": 65.82950938306936}, "test": {"accuracy": 65.83777383066904}}, "0.5": {"reduction_in_attributes": 66.66666666666667, "time": 85.57047080993652, "reduction": 45.602868373875424, "validation": {"accuracy": 65.82950938306936}, "test": {"accuracy": 65.83777383066904}}, "0.6": {"reduction_in_attributes": 66.66666666666667, "time": 84.2076301574707, "reduction": 45.602868373875424, "validation": {"accuracy": 65.82950938306936}, "test": {"accuracy": 65.83777383066904}}, "0.7": {"reduction_in_attributes": 66.66666666666667, "time": 84.80240416526794, "reduction": 45.602868373875424, "validation": {"accuracy": 65.82950938306936}, "test": {"accuracy": 65.83777383066904}}, "0.8": {"reduction_in_attributes": 66.66666666666667, "time": 82.2869188785553, "reduction": 52.515583625269315, "validation": {"accuracy": 65.82950938306936}, "test": {"accuracy": 65.83777383066904}}, "0.9": {"reduction_in_attributes": 66.66666666666667, "time": 82.49036383628845, "reduction": 55.533626091676126, "validation": {"accuracy": 65.82950938306936}, "test": {"accuracy": 65.83777383066904}}, "1.0": {"reduction_in_attributes": 66.66666666666667, "time": 72.66798400878906, "reduction": 95.3800101972007, "validation": {"accuracy": 65.82950938306936}, "test": {"accuracy": 65.83777383066904}}}, "4": {"0.0": {"reduction_in_attributes": 66.66666666666667, "time": 90.25691294670105, "reduction": 12.915905988388355, "validation": {"accuracy": 61.66839361194717}, "test": {"accuracy": 61.885731201894615}}, "0.1": {"reduction_in_attributes": 66.66666666666667, "time": 91.2305839061737, "reduction": 22.325290702455547, "validation": {"accuracy": 62.65357477673065}, "test": {"accuracy": 62.951450562462995}}, "0.2": {"reduction_in_attributes": 66.66666666666667, "time": 90.62530994415283, "reduction": 22.85488725514383, "validation": {"accuracy": 62.65521948652161}, "test": {"accuracy": 62.951450562462995}}, "0.3": {"reduction_in_attributes": 66.66666666666667, "time": 83.68007802963257, "reduction": 39.73618854953044, "validation": {"accuracy": 65.79825989704116}, "test": {"accuracy": 65.77856719952635}}, "0.4": {"reduction_in_attributes": 66.66666666666667, "time": 86.97758197784424, "reduction": 45.85286426210096, "validation": {"accuracy": 65.83115409286032}, "test": {"accuracy": 65.82297217288337}}, "0.5": {"reduction_in_attributes": 66.66666666666667, "time": 81.61870074272156, "reduction": 45.85286426210096, "validation": {"accuracy": 65.83115409286032}, "test": {"accuracy": 65.82297217288337}}, "0.6": {"reduction_in_attributes": 66.66666666666667, "time": 86.35409426689148, "reduction": 45.85286426210096, "validation": {"accuracy": 65.83115409286032}, "test": {"accuracy": 65.82297217288337}}, "0.7": {"reduction_in_attributes": 66.66666666666667, "time": 85.71807408332825, "reduction": 45.85286426210096, "validation": {"accuracy": 65.83115409286032}, "test": {"accuracy": 65.82297217288337}}, "0.8": {"reduction_in_attributes": 66.66666666666667, "time": 81.69454503059387, "reduction": 52.635647440009215, "validation": {"accuracy": 65.83115409286032}, "test": {"accuracy": 65.82297217288337}}, "0.9": {"reduction_in_attributes": 66.66666666666667, "time": 81.71418595314026, "reduction": 55.51060015460272, "validation": {"accuracy": 65.83115409286032}, "test": {"accuracy": 65.82297217288337}}, "1.0": {"reduction_in_attributes": 66.66666666666667, "time": 73.05907726287842, "reduction": 95.49349517277676, "validation": {"accuracy": 65.83115409286032}, "test": {"accuracy": 65.82297217288337}}}, "5": {"0.0": {"reduction_in_attributes": 66.66666666666667, "time": 92.32752895355225, "reduction": 12.562293383332513, "validation": {"accuracy": 61.57628986365356}, "test": {"accuracy": 61.234458259325045}}, "0.1": {"reduction_in_attributes": 66.66666666666667, "time": 89.11028718948364, "reduction": 21.971678097399717, "validation": {"accuracy": 62.7325208466966}, "test": {"accuracy": 62.31497927767911}}, "0.2": {"reduction_in_attributes": 66.66666666666667, "time": 91.70917582511902, "reduction": 22.49305110113321, "validation": {"accuracy": 62.729231427114684}, "test": {"accuracy": 62.31497927767911}}, "0.3": {"reduction_in_attributes": 66.66666666666667, "time": 85.59092307090759, "reduction": 39.32994523116397, "validation": {"accuracy": 65.81306228515979}, "test": {"accuracy": 65.82297217288337}}, "0.4": {"reduction_in_attributes": 66.66666666666667, "time": 86.32195687294006, "reduction": 45.45977862206214, "validation": {"accuracy": 65.83115409286032}, "test": {"accuracy": 65.82297217288337}}, "0.5": {"reduction_in_attributes": 66.66666666666667, "time": 83.60430812835693, "reduction": 45.45977862206214, "validation": {"accuracy": 65.83115409286032}, "test": {"accuracy": 65.82297217288337}}, "0.6": {"reduction_in_attributes": 66.66666666666667, "time": 85.40595626831055, "reduction": 45.45977862206214, "validation": {"accuracy": 65.83115409286032}, "test": {"accuracy": 65.82297217288337}}, "0.7": {"reduction_in_attributes": 66.66666666666667, "time": 83.7025899887085, "reduction": 45.45977862206214, "validation": {"accuracy": 65.83115409286032}, "test": {"accuracy": 65.82297217288337}}, "0.8": {"reduction_in_attributes": 66.66666666666667, "time": 84.73163986206055, "reduction": 52.29519251328103, "validation": {"accuracy": 65.83115409286032}, "test": {"accuracy": 65.82297217288337}}, "0.9": {"reduction_in_attributes": 66.66666666666667, "time": 81.09482598304749, "reduction": 55.222775941185176, "validation": {"accuracy": 65.83115409286032}, "test": {"accuracy": 65.82297217288337}}, "1.0": {"reduction_in_attributes": 66.66666666666667, "time": 73.8680591583252, "reduction": 95.57079653295176, "validation": {"accuracy": 65.83115409286032}, "test": {"accuracy": 65.82297217288337}}}, "6": {"0.0": {"reduction_in_attributes": 66.66666666666667, "time": 90.59931802749634, "reduction": 12.664265390371865, "validation": {"accuracy": 61.48418611535994}, "test": {"accuracy": 61.53049141503848}}, "0.1": {"reduction_in_attributes": 66.66666666666667, "time": 88.92467403411865, "reduction": 22.048979457574713, "validation": {"accuracy": 62.48745908784395}, "test": {"accuracy": 62.699822380106575}}, "0.2": {"reduction_in_attributes": 66.66666666666667, "time": 88.12396216392517, "reduction": 22.590088978799695, "validation": {"accuracy": 62.48745908784395}, "test": {"accuracy": 62.699822380106575}}, "0.3": {"reduction_in_attributes": 66.66666666666667, "time": 88.53228998184204, "reduction": 39.23619677307939, "validation": {"accuracy": 65.81141757536882}, "test": {"accuracy": 65.86737714624039}}, "0.4": {"reduction_in_attributes": 66.66666666666667, "time": 84.92134189605713, "reduction": 45.5074752059999, "validation": {"accuracy": 65.83115409286032}, "test": {"accuracy": 65.82297217288337}}, "0.5": {"reduction_in_attributes": 66.66666666666667, "time": 85.05215525627136, "reduction": 45.5074752059999, "validation": {"accuracy": 65.83115409286032}, "test": {"accuracy": 65.82297217288337}}, "0.6": {"reduction_in_attributes": 66.66666666666667, "time": 84.46084403991699,