{"3": {"0.0": {"reduction_in_attributes": 85.71428571428572, "time": 0.0029299259185791016, "reduction": 0.0, "validation": {"accuracy": 21.11111111111111}, "test": {"accuracy": 20.0}}, "0.1": {"reduction_in_attributes": 85.71428571428572, "time": 0.0028510093688964844, "reduction": 1.1111111111111072, "validation": {"accuracy": 20.22222222222222}, "test": {"accuracy": 16.0}}, "0.2": {"reduction_in_attributes": 85.71428571428572, "time": 0.0029151439666748047, "reduction": 2.0000000000000018, "validation": {"accuracy": 20.22222222222222}, "test": {"accuracy": 16.0}}, "0.3": {"reduction_in_attributes": 85.71428571428572, "time": 0.0027709007263183594, "reduction": 6.666666666666665, "validation": {"accuracy": 20.22222222222222}, "test": {"accuracy": 16.0}}, "0.4": {"reduction_in_attributes": 85.71428571428572, "time": 0.0027980804443359375, "reduction": 9.55555555555555, "validation": {"accuracy": 20.22222222222222}, "test": {"accuracy": 16.0}}, "0.5": {"reduction_in_attributes": 85.71428571428572, "time": 0.0024449825286865234, "reduction": 50.88888888888889, "validation": {"accuracy": 20.88888888888889}, "test": {"accuracy": 20.0}}, "0.6": {"reduction_in_attributes": 85.71428571428572, "time": 0.002562999725341797, "reduction": 59.555555555555564, "validation": {"accuracy": 21.11111111111111}, "test": {"accuracy": 20.0}}, "0.7": {"reduction_in_attributes": 85.71428571428572, "time": 0.0022461414337158203, "reduction": 82.0, "validation": {"accuracy": 10.222222222222223}, "test": {"accuracy": 12.0}}, "0.8": {"reduction_in_attributes": 85.71428571428572, "time": 0.0022881031036376953, "reduction": 82.0, "validation": {"accuracy": 10.222222222222223}, "test": {"accuracy": 12.0}}, "0.9": {"reduction_in_attributes": 85.71428571428572, "time": 0.0025091171264648438, "reduction": 89.77777777777777, "validation": {"accuracy": 11.333333333333332}, "test": {"accuracy": 12.0}}, "1.0": {"reduction_in_attributes": 85.71428571428572, "time": 0.002550840377807617, "reduction": 90.44444444444444, "validation": {"accuracy": 10.666666666666668}, "test": {"accuracy": 10.0}}}, "4": {"0.0": {"reduction_in_attributes": 85.71428571428572, "time": 0.003232717514038086, "reduction": 0.0, "validation": {"accuracy": 20.22222222222222}, "test": {"accuracy": 22.0}}, "0.1": {"reduction_in_attributes": 85.71428571428572, "time": 0.003033161163330078, "reduction": 2.8888888888888853, "validation": {"accuracy": 20.22222222222222}, "test": {"accuracy": 22.0}}, "0.2": {"reduction_in_attributes": 85.71428571428572, "time": 0.0026400089263916016, "reduction": 2.0000000000000018, "validation": {"accuracy": 19.77777777777778}, "test": {"accuracy": 20.0}}, "0.3": {"reduction_in_attributes": 85.71428571428572, "time": 0.0031130313873291016, "reduction": 8.888888888888891, "validation": {"accuracy": 21.555555555555557}, "test": {"accuracy": 16.0}}, "0.4": {"reduction_in_attributes": 85.71428571428572, "time": 0.002841949462890625, "reduction": 19.777777777777782, "validation": {"accuracy": 19.77777777777778}, "test": {"accuracy": 16.0}}, "0.5": {"reduction_in_attributes": 85.71428571428572, "time": 0.0026378631591796875, "reduction": 45.55555555555556, "validation": {"accuracy": 19.77777777777778}, "test": {"accuracy": 16.0}}, "0.6": {"reduction_in_attributes": 85.71428571428572, "time": 0.002447843551635742, "reduction": 90.0, "validation": {"accuracy": 10.444444444444445}, "test": {"accuracy": 10.0}}, "0.7": {"reduction_in_attributes": 85.71428571428572, "time": 0.0029020309448242188, "reduction": 81.55555555555556, "validation": {"accuracy": 11.333333333333332}, "test": {"accuracy": 12.0}}, "0.8": {"reduction_in_attributes": 85.71428571428572, "time": 0.0021376609802246094, "reduction": 90.22222222222223, "validation": {"accuracy": 10.222222222222223}, "test": {"accuracy": 10.0}}, "0.9": {"reduction_in_attributes": 85.71428571428572, "time": 0.002493143081665039, "reduction": 79.77777777777779, "validation": {"accuracy": 11.333333333333332}, "test": {"accuracy": 12.0}}, "1.0": {"reduction_in_attributes": 85.71428571428572, "time": 0.002446889877319336, "reduction": 89.55555555555556, "validation": {"accuracy": 11.333333333333332}, "test": {"accuracy": 12.0}}}, "5": {"0.0": {"reduction_in_attributes": 85.71428571428572, "time": 0.002789020538330078, "reduction": 0.0, "validation": {"accuracy": 20.666666666666668}, "test": {"accuracy": 22.0}}, "0.1": {"reduction_in_attributes": 85.71428571428572, "time": 0.0029702186584472656, "reduction": 1.3333333333333308, "validation": {"accuracy": 19.555555555555557}, "test": {"accuracy": 22.0}}, "0.2": {"reduction_in_attributes": 85.71428571428572, "time": 0.002865314483642578, "reduction": 2.0000000000000018, "validation": {"accuracy": 19.555555555555557}, "test": {"accuracy": 22.0}}, "0.3": {"reduction_in_attributes": 85.71428571428572, "time": 0.002664804458618164, "reduction": 10.222222222222221, "validation": {"accuracy": 19.555555555555557}, "test": {"accuracy": 20.0}}, "0.4": {"reduction_in_attributes": 85.71428571428572, "time": 0.0029730796813964844, "reduction": 15.555555555555555, "validation": {"accuracy": 20.666666666666668}, "test": {"accuracy": 18.0}}, "0.5": {"reduction_in_attributes": 85.71428571428572, "time": 0.002432107925415039, "reduction": 51.33333333333333, "validation": {"accuracy": 20.666666666666668}, "test": {"accuracy": 22.0}}, "0.6": {"reduction_in_attributes": 85.71428571428572, "time": 0.0023469924926757812, "reduction": 71.11111111111111, "validation": {"accuracy": 20.666666666666668}, "test": {"accuracy": 22.0}}, "0.7": {"reduction_in_attributes": 85.71428571428572, "time": 0.002803802490234375, "reduction": 24.444444444444446, "validation": {"accuracy": 20.666666666666668}, "test": {"accuracy": 18.0}}, "0.8": {"reduction_in_attributes": 85.71428571428572, "time": 0.0025129318237304688, "reduction": 90.0, "validation": {"accuracy": 10.444444444444445}, "test": {"accuracy": 10.0}}, "0.9": {"reduction_in_attributes": 85.71428571428572, "time": 0.0021991729736328125, "reduction": 90.22222222222223, "validation": {"accuracy": 10.222222222222223}, "test": {"accuracy": 10.0}}, "1.0": {"reduction_in_attributes": 85.71428571428572, "time": 0.0023810863494873047, "reduction": 90.0, "validation": {"accuracy": 10.444444444444445}, "test": {"accuracy": 10.0}}}, "6": {"0.0": {"reduction_in_attributes": 85.71428571428572, "time": 0.0029172897338867188, "reduction": 0.0, "validation": {"accuracy": 20.88888888888889}, "test": {"accuracy": 20.0}}, "0.1": {"reduction_in_attributes": 85.71428571428572, "time": 0.002680063247680664, "reduction": 0.22222222222222365, "validation": {"accuracy": 19.77777777777778}, "test": {"accuracy": 20.0}}, "0.2": {"reduction_in_attributes": 85.71428571428572, "time": 0.002894163131713867, "reduction": 1.5555555555555545, "validation": {"accuracy": 19.77777777777778}, "test": {"accuracy": 20.0}}, "0.3": {"reduction_in_attributes": 85.71428571428572, "time": 0.002955198287963867, "reduction": 9.999999999999998, "validation": {"accuracy": 20.22222222222222}, "test": {"accuracy": 22.0}}, "0.4": {"reduction_in_attributes": 85.71428571428572, "time": 0.002834796905517578, "reduction": 8.888888888888891, "validation": {"accuracy": 20.88888888888889}, "test": {"accuracy": 20.0}}, "0.5": {"reduction_in_attributes": 85.71428571428572, "time": 0.002610921859741211, "reduction": 46.0, "validation": {"accuracy": 19.77777777777778}, "test": {"accuracy": 20.0}}, "0.6": {"reduction_in_attributes": 85.71428571428572, "time": 0.0023338794708251953, "reduction": 70.88888888888889, "validation": {"accuracy": 20.666666666666668}, "test": {"accuracy": 22.0}}, "0.7": {"reduction_in_attributes": 85.71428571428572, "time": 0.0023262500762939453, "reduction": 81.77777777777777, "validation": {"accuracy": 10.444444444444445}, "test": {"accuracy": 10.0}}, "0.8": {"reduction_in_attributes": 85.71428571428572, "time": 0.0024089813232421875, "reduction": 90.0, "validation": {"accuracy": 10.444444444444445},