{"3": {"0.0": {"reduction_in_attributes": 53.84615384615385, "time": 0.0007500648498535156, "reduction": 65.0, "validation": {"accuracy": 71.875}, "test": {"accuracy": 61.111111111111114}}, "0.1": {"reduction_in_attributes": 53.84615384615385, "time": 0.0006489753723144531, "reduction": 66.25, "validation": {"accuracy": 71.875}, "test": {"accuracy": 61.111111111111114}}, "0.2": {"reduction_in_attributes": 53.84615384615385, "time": 0.0006368160247802734, "reduction": 81.875, "validation": {"accuracy": 71.875}, "test": {"accuracy": 61.111111111111114}}, "0.3": {"reduction_in_attributes": 53.84615384615385, "time": 0.0005471706390380859, "reduction": 83.125, "validation": {"accuracy": 71.875}, "test": {"accuracy": 61.111111111111114}}, "0.4": {"reduction_in_attributes": 53.84615384615385, "time": 0.0005450248718261719, "reduction": 84.375, "validation": {"accuracy": 71.875}, "test": {"accuracy": 61.111111111111114}}, "0.5": {"reduction_in_attributes": 53.84615384615385, "time": 0.0006320476531982422, "reduction": 89.375, "validation": {"accuracy": 71.875}, "test": {"accuracy": 61.111111111111114}}, "0.6": {"reduction_in_attributes": 53.84615384615385, "time": 0.0004980564117431641, "reduction": 92.5, "validation": {"accuracy": 71.875}, "test": {"accuracy": 61.111111111111114}}, "0.7": {"reduction_in_attributes": 53.84615384615385, "time": 0.0005769729614257812, "reduction": 96.875, "validation": {"accuracy": 40.0}, "test": {"accuracy": 38.88888888888889}}, "0.8": {"reduction_in_attributes": 53.84615384615385, "time": 0.0004932880401611328, "reduction": 98.125, "validation": {"accuracy": 40.0}, "test": {"accuracy": 38.88888888888889}}, "0.9": {"reduction_in_attributes": 53.84615384615385, "time": 0.0005071163177490234, "reduction": 98.75, "validation": {"accuracy": 40.0}, "test": {"accuracy": 38.88888888888889}}, "1.0": {"reduction_in_attributes": 53.84615384615385, "time": 0.0004951953887939453, "reduction": 99.375, "validation": {"accuracy": 40.0}, "test": {"accuracy": 38.88888888888889}}}, "4": {"0.0": {"reduction_in_attributes": 53.84615384615385, "time": 0.0005347728729248047, "reduction": 63.125, "validation": {"accuracy": 63.125}, "test": {"accuracy": 55.55555555555556}}, "0.1": {"reduction_in_attributes": 53.84615384615385, "time": 0.0005168914794921875, "reduction": 66.25, "validation": {"accuracy": 63.125}, "test": {"accuracy": 55.55555555555556}}, "0.2": {"reduction_in_attributes": 53.84615384615385, "time": 0.0005052089691162109, "reduction": 81.25, "validation": {"accuracy": 68.75}, "test": {"accuracy": 55.55555555555556}}, "0.3": {"reduction_in_attributes": 53.84615384615385, "time": 0.0005269050598144531, "reduction": 82.5, "validation": {"accuracy": 68.75}, "test": {"accuracy": 55.55555555555556}}, "0.4": {"reduction_in_attributes": 53.84615384615385, "time": 0.0005071163177490234, "reduction": 86.875, "validation": {"accuracy": 68.75}, "test": {"accuracy": 55.55555555555556}}, "0.5": {"reduction_in_attributes": 53.84615384615385, "time": 0.0006029605865478516, "reduction": 91.25, "validation": {"accuracy": 68.125}, "test": {"accuracy": 55.55555555555556}}, "0.6": {"reduction_in_attributes": 53.84615384615385, "time": 0.0005879402160644531, "reduction": 96.25, "validation": {"accuracy": 65.0}, "test": {"accuracy": 61.111111111111114}}, "0.7": {"reduction_in_attributes": 53.84615384615385, "time": 0.0006320476531982422, "reduction": 98.125, "validation": {"accuracy": 40.0}, "test": {"accuracy": 38.88888888888889}}, "0.8": {"reduction_in_attributes": 53.84615384615385, "time": 0.0006279945373535156, "reduction": 99.375, "validation": {"accuracy": 40.0}, "test": {"accuracy": 38.88888888888889}}, "0.9": {"reduction_in_attributes": 53.84615384615385, "time": 0.00054931640625, "reduction": 99.375, "validation": {"accuracy": 40.0}, "test": {"accuracy": 38.88888888888889}}, "1.0": {"reduction_in_attributes": 53.84615384615385, "time": 0.0005240440368652344, "reduction": 99.375, "validation": {"accuracy": 40.0}, "test": {"accuracy": 38.88888888888889}}}, "5": {"0.0": {"reduction_in_attributes": 53.84615384615385, "time": 0.0005700588226318359, "reduction": 63.125, "validation": {"accuracy": 60.62499999999999}, "test": {"accuracy": 38.88888888888889}}, "0.1": {"reduction_in_attributes": 53.84615384615385, "time": 0.0005118846893310547, "reduction": 75.0, "validation": {"accuracy": 62.5}, "test": {"accuracy": 38.88888888888889}}, "0.2": {"reduction_in_attributes": 53.84615384615385, "time": 0.0008938312530517578, "reduction": 81.25, "validation": {"accuracy": 68.75}, "test": {"accuracy": 44.44444444444444}}, "0.3": {"reduction_in_attributes": 53.84615384615385, "time": 0.0006268024444580078, "reduction": 83.75, "validation": {"accuracy": 68.75}, "test": {"accuracy": 44.44444444444444}}, "0.4": {"reduction_in_attributes": 53.84615384615385, "time": 0.0006079673767089844, "reduction": 86.875, "validation": {"accuracy": 68.75}, "test": {"accuracy": 44.44444444444444}}, "0.5": {"reduction_in_attributes": 53.84615384615385, "time": 0.0006070137023925781, "reduction": 93.125, "validation": {"accuracy": 69.375}, "test": {"accuracy": 44.44444444444444}}, "0.6": {"reduction_in_attributes": 53.84615384615385, "time": 0.0005340576171875, "reduction": 97.5, "validation": {"accuracy": 69.375}, "test": {"accuracy": 44.44444444444444}}, "0.7": {"reduction_in_attributes": 53.84615384615385, "time": 0.000553131103515625, "reduction": 99.375, "validation": {"accuracy": 40.0}, "test": {"accuracy": 38.88888888888889}}, "0.8": {"reduction_in_attributes": 53.84615384615385, "time": 0.0005047321319580078, "reduction": 99.375, "validation": {"accuracy": 40.0}, "test": {"accuracy": 38.88888888888889}}, "0.9": {"reduction_in_attributes": 53.84615384615385, "time": 0.0005550384521484375, "reduction": 99.375, "validation": {"accuracy": 40.0}, "test": {"accuracy": 38.88888888888889}}, "1.0": {"reduction_in_attributes": 53.84615384615385, "time": 0.000514984130859375, "reduction": 99.375, "validation": {"accuracy": 40.0}, "test": {"accuracy": 38.88888888888889}}}, "6": {"0.0": {"reduction_in_attributes": 61.53846153846154, "time": 0.0005009174346923828, "reduction": 62.5, "validation": {"accuracy": 58.12500000000001}, "test": {"accuracy": 66.66666666666666}}, "0.1": {"reduction_in_attributes": 61.53846153846154, "time": 0.0005519390106201172, "reduction": 66.875, "validation": {"accuracy": 59.375}, "test": {"accuracy": 66.66666666666666}}, "0.2": {"reduction_in_attributes": 61.53846153846154, "time": 0.0005080699920654297, "reduction": 81.25, "validation": {"accuracy": 68.75}, "test": {"accuracy": 72.22222222222221}}, "0.3": {"reduction_in_attributes": 61.53846153846154, "time": 0.0005681514739990234, "reduction": 83.75, "validation": {"accuracy": 68.75}, "test": {"accuracy": 72.22222222222221}}, "0.4": {"reduction_in_attributes": 61.53846153846154, "time": 0.0005776882171630859, "reduction": 85.0, "validation": {"accuracy": 68.75}, "test": {"accuracy": 72.22222222222221}}, "0.5": {"reduction_in_attributes": 61.53846153846154, "time": 0.0005757808685302734, "reduction": 89.375, "validation": {"accuracy": 68.75}, "test": {"accuracy": 72.22222222222221}}, "0.6": {"reduction_in_attributes": 61.53846153846154, "time": 0.0005650520324707031, "reduction": 96.25, "validation": {"accuracy": 67.5}, "test": {"accuracy": 72.22222222222221}}, "0.7": {"reduction_in_attributes": 61.53846153846154, "time": 0.0005750656127929688, "reduction": 98.75, "validation": {"accuracy": 40.0}, "test": {"accuracy": 38.88888888888889}}, "0.8": {"reduction_in_attributes": 61.53846153846154, "time": 0.0005550384521484375, "reduction": 99.375, "validation": {"accuracy": 40.0}, "test": {"accuracy": 38.88888888888889}}, "0.9": {"reduction_in_attributes": 61.53846153846154, "time": 0.0005199909210205078, "reduction": 99.375, "validation": {"accuracy": 40.0}, "test": {"accuracy": 38.88888888888889}}, "1.0": {"reduction_in_attributes": 61.53846153846154, "time": 0.0005278587341308594, "reduction": 99.375,