{"3": {"0.0": {"reduction_in_attributes": 72.72727272727273, "time": 0.0019659996032714844, "reduction": 13.291139240506332, "validation": {"accuracy": 72.46835443037975}, "test": {"accuracy": 77.14285714285715}}, "0.1": {"reduction_in_attributes": 72.72727272727273, "time": 0.002601146697998047, "reduction": 28.79746835443038, "validation": {"accuracy": 72.46835443037975}, "test": {"accuracy": 77.14285714285715}}, "0.2": {"reduction_in_attributes": 72.72727272727273, "time": 0.0018770694732666016, "reduction": 36.70886075949367, "validation": {"accuracy": 72.46835443037975}, "test": {"accuracy": 77.14285714285715}}, "0.3": {"reduction_in_attributes": 72.72727272727273, "time": 0.0018301010131835938, "reduction": 40.18987341772152, "validation": {"accuracy": 63.92405063291139}, "test": {"accuracy": 65.71428571428571}}, "0.4": {"reduction_in_attributes": 72.72727272727273, "time": 0.0028243064880371094, "reduction": 40.18987341772152, "validation": {"accuracy": 63.92405063291139}, "test": {"accuracy": 65.71428571428571}}, "0.5": {"reduction_in_attributes": 72.72727272727273, "time": 0.002184152603149414, "reduction": 40.18987341772152, "validation": {"accuracy": 63.92405063291139}, "test": {"accuracy": 65.71428571428571}}, "0.6": {"reduction_in_attributes": 72.72727272727273, "time": 0.0020580291748046875, "reduction": 40.18987341772152, "validation": {"accuracy": 63.92405063291139}, "test": {"accuracy": 65.71428571428571}}, "0.7": {"reduction_in_attributes": 72.72727272727273, "time": 0.0018639564514160156, "reduction": 40.18987341772152, "validation": {"accuracy": 63.92405063291139}, "test": {"accuracy": 65.71428571428571}}, "0.8": {"reduction_in_attributes": 72.72727272727273, "time": 0.0022499561309814453, "reduction": 40.50632911392405, "validation": {"accuracy": 63.92405063291139}, "test": {"accuracy": 65.71428571428571}}, "0.9": {"reduction_in_attributes": 72.72727272727273, "time": 0.0019359588623046875, "reduction": 55.37974683544304, "validation": {"accuracy": 63.92405063291139}, "test": {"accuracy": 65.71428571428571}}, "1.0": {"reduction_in_attributes": 72.72727272727273, "time": 0.0021331310272216797, "reduction": 63.29113924050633, "validation": {"accuracy": 63.92405063291139}, "test": {"accuracy": 65.71428571428571}}}, "4": {"0.0": {"reduction_in_attributes": 69.6969696969697, "time": 0.002296924591064453, "reduction": 15.189873417721522, "validation": {"accuracy": 68.9873417721519}, "test": {"accuracy": 57.14285714285714}}, "0.1": {"reduction_in_attributes": 69.6969696969697, "time": 0.0032258033752441406, "reduction": 29.11392405063291, "validation": {"accuracy": 68.9873417721519}, "test": {"accuracy": 57.14285714285714}}, "0.2": {"reduction_in_attributes": 69.6969696969697, "time": 0.0019500255584716797, "reduction": 38.92405063291139, "validation": {"accuracy": 73.73417721518987}, "test": {"accuracy": 65.71428571428571}}, "0.3": {"reduction_in_attributes": 69.6969696969697, "time": 0.0020170211791992188, "reduction": 43.9873417721519, "validation": {"accuracy": 63.92405063291139}, "test": {"accuracy": 65.71428571428571}}, "0.4": {"reduction_in_attributes": 69.6969696969697, "time": 0.0019359588623046875, "reduction": 43.9873417721519, "validation": {"accuracy": 63.92405063291139}, "test": {"accuracy": 65.71428571428571}}, "0.5": {"reduction_in_attributes": 69.6969696969697, "time": 0.0019369125366210938, "reduction": 43.9873417721519, "validation": {"accuracy": 63.92405063291139}, "test": {"accuracy": 65.71428571428571}}, "0.6": {"reduction_in_attributes": 69.6969696969697, "time": 0.0020270347595214844, "reduction": 43.9873417721519, "validation": {"accuracy": 63.92405063291139}, "test": {"accuracy": 65.71428571428571}}, "0.7": {"reduction_in_attributes": 69.6969696969697, "time": 0.0019292831420898438, "reduction": 43.9873417721519, "validation": {"accuracy": 63.92405063291139}, "test": {"accuracy": 65.71428571428571}}, "0.8": {"reduction_in_attributes": 69.6969696969697, "time": 0.0025551319122314453, "reduction": 44.30379746835443, "validation": {"accuracy": 63.92405063291139}, "test": {"accuracy": 65.71428571428571}}, "0.9": {"reduction_in_attributes": 69.6969696969697, "time": 0.0027518272399902344, "reduction": 54.11392405063291, "validation": {"accuracy": 63.92405063291139}, "test": {"accuracy": 65.71428571428571}}, "1.0": {"reduction_in_attributes": 69.6969696969697, "time": 0.0020020008087158203, "reduction": 63.9240506329114, "validation": {"accuracy": 63.92405063291139}, "test": {"accuracy": 65.71428571428571}}}, "5": {"0.0": {"reduction_in_attributes": 66.66666666666667, "time": 0.0022199153900146484, "reduction": 19.303797468354432, "validation": {"accuracy": 65.50632911392405}, "test": {"accuracy": 51.42857142857142}}, "0.1": {"reduction_in_attributes": 66.66666666666667, "time": 0.0033180713653564453, "reduction": 34.17721518987342, "validation": {"accuracy": 65.50632911392405}, "test": {"accuracy": 51.42857142857142}}, "0.2": {"reduction_in_attributes": 66.66666666666667, "time": 0.001964092254638672, "reduction": 41.13924050632911, "validation": {"accuracy": 70.56962025316456}, "test": {"accuracy": 71.42857142857143}}, "0.3": {"reduction_in_attributes": 66.66666666666667, "time": 0.002649068832397461, "reduction": 43.35443037974683, "validation": {"accuracy": 73.10126582278481}, "test": {"accuracy": 74.28571428571429}}, "0.4": {"reduction_in_attributes": 66.66666666666667, "time": 0.0019519329071044922, "reduction": 43.67088607594937, "validation": {"accuracy": 63.92405063291139}, "test": {"accuracy": 65.71428571428571}}, "0.5": {"reduction_in_attributes": 66.66666666666667, "time": 0.0019960403442382812, "reduction": 43.67088607594937, "validation": {"accuracy": 63.92405063291139}, "test": {"accuracy": 65.71428571428571}}, "0.6": {"reduction_in_attributes": 66.66666666666667, "time": 0.0019106864929199219, "reduction": 43.67088607594937, "validation": {"accuracy": 63.92405063291139}, "test": {"accuracy": 65.71428571428571}}, "0.7": {"reduction_in_attributes": 66.66666666666667, "time": 0.002273082733154297, "reduction": 43.67088607594937, "validation": {"accuracy": 63.92405063291139}, "test": {"accuracy": 65.71428571428571}}, "0.8": {"reduction_in_attributes": 66.66666666666667, "time": 0.0023040771484375, "reduction": 43.9873417721519, "validation": {"accuracy": 63.92405063291139}, "test": {"accuracy": 65.71428571428571}}, "0.9": {"reduction_in_attributes": 66.66666666666667, "time": 0.001984119415283203, "reduction": 51.58227848101266, "validation": {"accuracy": 63.92405063291139}, "test": {"accuracy": 65.71428571428571}}, "1.0": {"reduction_in_attributes": 66.66666666666667, "time": 0.002275705337524414, "reduction": 64.55696202531645, "validation": {"accuracy": 63.92405063291139}, "test": {"accuracy": 65.71428571428571}}}, "6": {"0.0": {"reduction_in_attributes": 69.6969696969697, "time": 0.0020530223846435547, "reduction": 17.405063291139243, "validation": {"accuracy": 76.58227848101265}, "test": {"accuracy": 71.42857142857143}}, "0.1": {"reduction_in_attributes": 69.6969696969697, "time": 0.0019199848175048828, "reduction": 33.54430379746836, "validation": {"accuracy": 76.58227848101265}, "test": {"accuracy": 71.42857142857143}}, "0.2": {"reduction_in_attributes": 69.6969696969697, "time": 0.0019969940185546875, "reduction": 39.87341772151899, "validation": {"accuracy": 75.0}, "test": {"accuracy": 74.28571428571429}}, "0.3": {"reduction_in_attributes": 69.6969696969697, "time": 0.0019061565399169922, "reduction": 43.9873417721519, "validation": {"accuracy": 64.24050632911393}, "test": {"accuracy": 62.857142857142854}}, "0.4": {"reduction_in_attributes": 69.6969696969697, "time": 0.0019230842590332031, "reduction": 43.9873417721519, "validation": {"accuracy": 64.24050632911393}, "test": {"accuracy": 62.857142857142854}}, "0.5": {"reduction_in_attributes": 69.6969696969697, "time": 0.0019998550415039062, "reduction": 43.9873417721519, "validation": {"accuracy": 64.24050632911393},