{"3": {"0.0": {"reduction_in_attributes": 64.28571428571428, "time": 27.505290031433105, "reduction": 50.21621621621621, "validation": {"accuracy": 69.992628992629}, "test": {"accuracy": 69.63732861565678}}, "0.1": {"reduction_in_attributes": 64.28571428571428, "time": 29.262130975723267, "reduction": 70.3022113022113, "validation": {"accuracy": 75.21375921375922}, "test": {"accuracy": 75.23219814241486}}, "0.2": {"reduction_in_attributes": 64.28571428571428, "time": 29.896602869033813, "reduction": 70.3022113022113, "validation": {"accuracy": 75.21375921375922}, "test": {"accuracy": 75.23219814241486}}, "0.3": {"reduction_in_attributes": 64.28571428571428, "time": 29.914958000183105, "reduction": 70.3022113022113, "validation": {"accuracy": 75.21375921375922}, "test": {"accuracy": 75.23219814241486}}, "0.4": {"reduction_in_attributes": 64.28571428571428, "time": 30.258227109909058, "reduction": 70.3022113022113, "validation": {"accuracy": 75.21375921375922}, "test": {"accuracy": 75.23219814241486}}, "0.5": {"reduction_in_attributes": 64.28571428571428, "time": 31.929494857788086, "reduction": 70.3022113022113, "validation": {"accuracy": 75.21375921375922}, "test": {"accuracy": 75.23219814241486}}, "0.6": {"reduction_in_attributes": 64.28571428571428, "time": 29.975534915924072, "reduction": 70.3022113022113, "validation": {"accuracy": 75.21375921375922}, "test": {"accuracy": 75.23219814241486}}, "0.7": {"reduction_in_attributes": 64.28571428571428, "time": 30.633087158203125, "reduction": 70.3022113022113, "validation": {"accuracy": 75.21375921375922}, "test": {"accuracy": 75.23219814241486}}, "0.8": {"reduction_in_attributes": 64.28571428571428, "time": 30.5297372341156, "reduction": 70.3022113022113, "validation": {"accuracy": 75.21375921375922}, "test": {"accuracy": 75.23219814241486}}, "0.9": {"reduction_in_attributes": 64.28571428571428, "time": 34.411190032958984, "reduction": 70.3022113022113, "validation": {"accuracy": 75.21375921375922}, "test": {"accuracy": 75.23219814241486}}, "1.0": {"reduction_in_attributes": 64.28571428571428, "time": 27.211947917938232, "reduction": 99.997542997543, "validation": {"accuracy": 75.21375921375922}, "test": {"accuracy": 75.23219814241486}}}, "4": {"0.0": {"reduction_in_attributes": 64.28571428571428, "time": 31.762337923049927, "reduction": 49.857493857493864, "validation": {"accuracy": 69.4054054054054}, "test": {"accuracy": 69.12870411322423}}, "0.1": {"reduction_in_attributes": 64.28571428571428, "time": 32.08668780326843, "reduction": 70.19410319410319, "validation": {"accuracy": 75.21375921375922}, "test": {"accuracy": 75.23219814241486}}, "0.2": {"reduction_in_attributes": 64.28571428571428, "time": 29.573552131652832, "reduction": 70.19410319410319, "validation": {"accuracy": 75.21375921375922}, "test": {"accuracy": 75.23219814241486}}, "0.3": {"reduction_in_attributes": 64.28571428571428, "time": 28.226804971694946, "reduction": 70.19410319410319, "validation": {"accuracy": 75.21375921375922}, "test": {"accuracy": 75.23219814241486}}, "0.4": {"reduction_in_attributes": 64.28571428571428, "time": 28.909747838974, "reduction": 70.19410319410319, "validation": {"accuracy": 75.21375921375922}, "test": {"accuracy": 75.23219814241486}}, "0.5": {"reduction_in_attributes": 64.28571428571428, "time": 30.036365032196045, "reduction": 70.19410319410319, "validation": {"accuracy": 75.21375921375922}, "test": {"accuracy": 75.23219814241486}}, "0.6": {"reduction_in_attributes": 64.28571428571428, "time": 29.81857204437256, "reduction": 70.19410319410319, "validation": {"accuracy": 75.21375921375922}, "test": {"accuracy": 75.23219814241486}}, "0.7": {"reduction_in_attributes": 64.28571428571428, "time": 29.398303985595703, "reduction": 70.19410319410319, "validation": {"accuracy": 75.21375921375922}, "test": {"accuracy": 75.23219814241486}}, "0.8": {"reduction_in_attributes": 64.28571428571428, "time": 31.49433708190918, "reduction": 70.19410319410319, "validation": {"accuracy": 75.21375921375922}, "test": {"accuracy": 75.23219814241486}}, "0.9": {"reduction_in_attributes": 64.28571428571428, "time": 29.754566192626953, "reduction": 70.19410319410319, "validation": {"accuracy": 75.21375921375922}, "test": {"accuracy": 75.23219814241486}}, "1.0": {"reduction_in_attributes": 64.28571428571428, "time": 29.26373291015625, "reduction": 99.997542997543, "validation": {"accuracy": 75.21375921375922}, "test": {"accuracy": 75.23219814241486}}}, "5": {"0.0": {"reduction_in_attributes": 64.28571428571428, "time": 30.62912678718567, "reduction": 49.972972972972975, "validation": {"accuracy": 73.74692874692875}, "test": {"accuracy": 73.97169394073418}}, "0.1": {"reduction_in_attributes": 64.28571428571428, "time": 28.938828945159912, "reduction": 70.24324324324324, "validation": {"accuracy": 75.21621621621621}, "test": {"accuracy": 75.21008403361344}}, "0.2": {"reduction_in_attributes": 64.28571428571428, "time": 28.974656105041504, "reduction": 70.24324324324324, "validation": {"accuracy": 75.21621621621621}, "test": {"accuracy": 75.21008403361344}}, "0.3": {"reduction_in_attributes": 64.28571428571428, "time": 28.298621892929077, "reduction": 70.24324324324324, "validation": {"accuracy": 75.21621621621621}, "test": {"accuracy": 75.21008403361344}}, "0.4": {"reduction_in_attributes": 64.28571428571428, "time": 27.99759602546692, "reduction": 70.24324324324324, "validation": {"accuracy": 75.21621621621621}, "test": {"accuracy": 75.21008403361344}}, "0.5": {"reduction_in_attributes": 64.28571428571428, "time": 28.880988836288452, "reduction": 70.24324324324324, "validation": {"accuracy": 75.21621621621621}, "test": {"accuracy": 75.21008403361344}}, "0.6": {"reduction_in_attributes": 64.28571428571428, "time": 28.278061151504517, "reduction": 70.24324324324324, "validation": {"accuracy": 75.21621621621621}, "test": {"accuracy": 75.21008403361344}}, "0.7": {"reduction_in_attributes": 64.28571428571428, "time": 28.947776079177856, "reduction": 70.24324324324324, "validation": {"accuracy": 75.21621621621621}, "test": {"accuracy": 75.21008403361344}}, "0.8": {"reduction_in_attributes": 64.28571428571428, "time": 29.165539979934692, "reduction": 70.24324324324324, "validation": {"accuracy": 75.21621621621621}, "test": {"accuracy": 75.21008403361344}}, "0.9": {"reduction_in_attributes": 64.28571428571428, "time": 28.43881916999817, "reduction": 70.24324324324324, "validation": {"accuracy": 75.21621621621621}, "test": {"accuracy": 75.21008403361344}}, "1.0": {"reduction_in_attributes": 64.28571428571428, "time": 27.296110153198242, "reduction": 99.997542997543, "validation": {"accuracy": 75.21621621621621}, "test": {"accuracy": 75.21008403361344}}}, "6": {"0.0": {"reduction_in_attributes": 64.28571428571428, "time": 30.331403017044067, "reduction": 49.7002457002457, "validation": {"accuracy": 67.94348894348894}, "test": {"accuracy": 68.64219371959311}}, "0.1": {"reduction_in_attributes": 64.28571428571428, "time": 29.467532873153687, "reduction": 70.03931203931204, "validation": {"accuracy": 75.21621621621621}, "test": {"accuracy": 75.21008403361344}}, "0.2": {"reduction_in_attributes": 64.28571428571428, "time": 29.13029193878174, "reduction": 70.03931203931204, "validation": {"accuracy": 75.21621621621621}, "test": {"accuracy": 75.21008403361344}}, "0.3": {"reduction_in_attributes": 64.28571428571428, "time": 29.357110023498535, "reduction": 70.03931203931204, "validation": {"accuracy": 75.21621621621621}, "test": {"accuracy": 75.21008403361344}}, "0.4": {"reduction_in_attributes": 64.28571428571428, "time": 29.973764896392822, "reduction": 70.03931203931204, "validation": {"accuracy": 75.21621621621621}, "test": {"accuracy": 75.21008403361344}}, "0.5": {"reduction_in_attributes": 64.28571428571428, "time": 29.992290019989014, "reduction": 70.03931203931204, "validation": {"accuracy": 75.21621621621621}, "test": {"accuracy": 75.21008403361344}}, "0.6": {"reduction_in_attributes": 64.28571428571428, "time": 31.81590723991394,