{"3": {"0.0": {"reduction_in_attributes": 98.88888888888889, "time": 0.003793954849243164, "reduction": 9.259259259259256, "validation": {"accuracy": 76.5432098765432}, "test": {"accuracy": 11.11111111111111}}, "0.1": {"reduction_in_attributes": 98.88888888888889, "time": 0.0040721893310546875, "reduction": 14.197530864197528, "validation": {"accuracy": 60.49382716049383}, "test": {"accuracy": 11.11111111111111}}, "0.2": {"reduction_in_attributes": 98.88888888888889, "time": 0.0036339759826660156, "reduction": 18.20987654320988, "validation": {"accuracy": 62.65432098765432}, "test": {"accuracy": 11.11111111111111}}, "0.3": {"reduction_in_attributes": 98.88888888888889, "time": 0.0035789012908935547, "reduction": 24.07407407407407, "validation": {"accuracy": 58.95061728395061}, "test": {"accuracy": 8.333333333333332}}, "0.4": {"reduction_in_attributes": 98.88888888888889, "time": 0.0035419464111328125, "reduction": 27.469135802469136, "validation": {"accuracy": 65.74074074074075}, "test": {"accuracy": 13.88888888888889}}, "0.5": {"reduction_in_attributes": 98.88888888888889, "time": 0.0035130977630615234, "reduction": 33.64197530864198, "validation": {"accuracy": 58.0246913580247}, "test": {"accuracy": 8.333333333333332}}, "0.6": {"reduction_in_attributes": 98.88888888888889, "time": 0.003545045852661133, "reduction": 39.50617283950617, "validation": {"accuracy": 51.85185185185185}, "test": {"accuracy": 13.88888888888889}}, "0.7": {"reduction_in_attributes": 98.88888888888889, "time": 0.003557920455932617, "reduction": 45.370370370370374, "validation": {"accuracy": 52.160493827160494}, "test": {"accuracy": 5.555555555555555}}, "0.8": {"reduction_in_attributes": 98.88888888888889, "time": 0.003520965576171875, "reduction": 53.395061728395056, "validation": {"accuracy": 45.98765432098765}, "test": {"accuracy": 19.444444444444446}}, "0.9": {"reduction_in_attributes": 98.88888888888889, "time": 0.003389120101928711, "reduction": 70.37037037037037, "validation": {"accuracy": 29.938271604938272}, "test": {"accuracy": 13.88888888888889}}, "1.0": {"reduction_in_attributes": 98.88888888888889, "time": 0.003374814987182617, "reduction": 94.75308641975309, "validation": {"accuracy": 17.901234567901234}, "test": {"accuracy": 8.333333333333332}}}, "4": {"0.0": {"reduction_in_attributes": 98.88888888888889, "time": 0.0036649703979492188, "reduction": 7.098765432098764, "validation": {"accuracy": 70.67901234567901}, "test": {"accuracy": 22.22222222222222}}, "0.1": {"reduction_in_attributes": 98.88888888888889, "time": 0.0040471553802490234, "reduction": 16.049382716049386, "validation": {"accuracy": 63.27160493827161}, "test": {"accuracy": 19.444444444444446}}, "0.2": {"reduction_in_attributes": 98.88888888888889, "time": 0.003507852554321289, "reduction": 25.0, "validation": {"accuracy": 60.18518518518518}, "test": {"accuracy": 2.7777777777777777}}, "0.3": {"reduction_in_attributes": 98.88888888888889, "time": 0.0035529136657714844, "reduction": 33.95061728395061, "validation": {"accuracy": 55.8641975308642}, "test": {"accuracy": 13.88888888888889}}, "0.4": {"reduction_in_attributes": 98.88888888888889, "time": 0.0035691261291503906, "reduction": 37.96296296296296, "validation": {"accuracy": 53.39506172839506}, "test": {"accuracy": 13.88888888888889}}, "0.5": {"reduction_in_attributes": 98.88888888888889, "time": 0.0036249160766601562, "reduction": 37.34567901234568, "validation": {"accuracy": 54.629629629629626}, "test": {"accuracy": 8.333333333333332}}, "0.6": {"reduction_in_attributes": 98.88888888888889, "time": 0.003612995147705078, "reduction": 42.901234567901234, "validation": {"accuracy": 44.75308641975309}, "test": {"accuracy": 5.555555555555555}}, "0.7": {"reduction_in_attributes": 98.88888888888889, "time": 0.003667116165161133, "reduction": 42.28395061728395, "validation": {"accuracy": 45.370370370370374}, "test": {"accuracy": 13.88888888888889}}, "0.8": {"reduction_in_attributes": 98.88888888888889, "time": 0.0036211013793945312, "reduction": 59.876543209876544, "validation": {"accuracy": 38.58024691358025}, "test": {"accuracy": 2.7777777777777777}}, "0.9": {"reduction_in_attributes": 98.88888888888889, "time": 0.0035588741302490234, "reduction": 69.44444444444444, "validation": {"accuracy": 33.0246913580247}, "test": {"accuracy": 8.333333333333332}}, "1.0": {"reduction_in_attributes": 98.88888888888889, "time": 0.0035147666931152344, "reduction": 95.37037037037037, "validation": {"accuracy": 17.901234567901234}, "test": {"accuracy": 13.88888888888889}}}, "5": {"0.0": {"reduction_in_attributes": 98.88888888888889, "time": 0.003840923309326172, "reduction": 6.79012345679012, "validation": {"accuracy": 69.75308641975309}, "test": {"accuracy": 5.555555555555555}}, "0.1": {"reduction_in_attributes": 98.88888888888889, "time": 0.0041887760162353516, "reduction": 14.814814814814813, "validation": {"accuracy": 54.629629629629626}, "test": {"accuracy": 11.11111111111111}}, "0.2": {"reduction_in_attributes": 98.88888888888889, "time": 0.0037469863891601562, "reduction": 16.975308641975307, "validation": {"accuracy": 57.71604938271605}, "test": {"accuracy": 13.88888888888889}}, "0.3": {"reduction_in_attributes": 98.88888888888889, "time": 0.003716707229614258, "reduction": 19.753086419753085, "validation": {"accuracy": 62.65432098765432}, "test": {"accuracy": 8.333333333333332}}, "0.4": {"reduction_in_attributes": 98.88888888888889, "time": 0.003721952438354492, "reduction": 33.0246913580247, "validation": {"accuracy": 60.802469135802475}, "test": {"accuracy": 19.444444444444446}}, "0.5": {"reduction_in_attributes": 98.88888888888889, "time": 0.0036652088165283203, "reduction": 34.876543209876544, "validation": {"accuracy": 48.45679012345679}, "test": {"accuracy": 11.11111111111111}}, "0.6": {"reduction_in_attributes": 98.88888888888889, "time": 0.0037031173706054688, "reduction": 37.03703703703704, "validation": {"accuracy": 55.55555555555556}, "test": {"accuracy": 13.88888888888889}}, "0.7": {"reduction_in_attributes": 98.88888888888889, "time": 0.0035212039947509766, "reduction": 51.23456790123457, "validation": {"accuracy": 45.06172839506173}, "test": {"accuracy": 25.0}}, "0.8": {"reduction_in_attributes": 98.88888888888889, "time": 0.003571033477783203, "reduction": 56.17283950617284, "validation": {"accuracy": 42.592592592592595}, "test": {"accuracy": 13.88888888888889}}, "0.9": {"reduction_in_attributes": 98.88888888888889, "time": 0.003542184829711914, "reduction": 66.35802469135803, "validation": {"accuracy": 37.03703703703704}, "test": {"accuracy": 11.11111111111111}}, "1.0": {"reduction_in_attributes": 98.88888888888889, "time": 0.0033638477325439453, "reduction": 94.1358024691358, "validation": {"accuracy": 23.14814814814815}, "test": {"accuracy": 5.555555555555555}}}, "6": {"0.0": {"reduction_in_attributes": 98.88888888888889, "time": 0.003704071044921875, "reduction": 4.012345679012341, "validation": {"accuracy": 60.49382716049383}, "test": {"accuracy": 13.88888888888889}}, "0.1": {"reduction_in_attributes": 98.88888888888889, "time": 0.004168033599853516, "reduction": 12.654320987654321, "validation": {"accuracy": 65.12345679012346}, "test": {"accuracy": 13.88888888888889}}, "0.2": {"reduction_in_attributes": 98.88888888888889, "time": 0.0037660598754882812, "reduction": 22.22222222222222, "validation": {"accuracy": 67.28395061728395}, "test": {"accuracy": 11.11111111111111}}, "0.3": {"reduction_in_attributes": 98.88888888888889, "time": 0.0036859512329101562, "reduction": 26.543209876543205, "validation": {"accuracy": 58.333333333333336}, "test": {"accuracy": 8.333333333333332}}, "0.4": {"reduction_in_attributes": 98.88888888888889, "time": 0.003592967987060547, "reduction": 26.851851851851848, "validation": {"accuracy": 57.098765432098766}, "test": {"accuracy": 11.11111111111111}}, "0.5": {"reduction_in_attributes": 98.88888888888889, "time": 0.0037391185760498047, "reduction": 30.246913580246915, "validation": {"accuracy": 58.95061728395061},