{"3": {"0.0": {"reduction_in_attributes": 66.66666666666667, "time": 0.0021390914916992188, "reduction": 34.193548387096776, "validation": {"accuracy": 51.29032258064517}, "test": {"accuracy": 42.857142857142854}}, "0.1": {"reduction_in_attributes": 66.66666666666667, "time": 0.002007007598876953, "reduction": 36.12903225806452, "validation": {"accuracy": 50.967741935483865}, "test": {"accuracy": 40.0}}, "0.2": {"reduction_in_attributes": 66.66666666666667, "time": 0.002084970474243164, "reduction": 42.25806451612903, "validation": {"accuracy": 50.645161290322584}, "test": {"accuracy": 45.714285714285715}}, "0.3": {"reduction_in_attributes": 66.66666666666667, "time": 0.001886129379272461, "reduction": 50.0, "validation": {"accuracy": 50.967741935483865}, "test": {"accuracy": 42.857142857142854}}, "0.4": {"reduction_in_attributes": 66.66666666666667, "time": 0.0018689632415771484, "reduction": 56.4516129032258, "validation": {"accuracy": 51.29032258064517}, "test": {"accuracy": 42.857142857142854}}, "0.5": {"reduction_in_attributes": 66.66666666666667, "time": 0.0018382072448730469, "reduction": 64.19354838709677, "validation": {"accuracy": 47.41935483870968}, "test": {"accuracy": 48.57142857142857}}, "0.6": {"reduction_in_attributes": 66.66666666666667, "time": 0.0018031597137451172, "reduction": 72.25806451612904, "validation": {"accuracy": 48.38709677419355}, "test": {"accuracy": 45.714285714285715}}, "0.7": {"reduction_in_attributes": 66.66666666666667, "time": 0.0017538070678710938, "reduction": 81.61290322580645, "validation": {"accuracy": 52.25806451612903}, "test": {"accuracy": 42.857142857142854}}, "0.8": {"reduction_in_attributes": 66.66666666666667, "time": 0.0017271041870117188, "reduction": 90.96774193548387, "validation": {"accuracy": 52.25806451612903}, "test": {"accuracy": 54.285714285714285}}, "0.9": {"reduction_in_attributes": 66.66666666666667, "time": 0.0017197132110595703, "reduction": 97.41935483870968, "validation": {"accuracy": 56.774193548387096}, "test": {"accuracy": 54.285714285714285}}, "1.0": {"reduction_in_attributes": 66.66666666666667, "time": 0.0017321109771728516, "reduction": 99.35483870967742, "validation": {"accuracy": 52.903225806451616}, "test": {"accuracy": 54.285714285714285}}}, "4": {"0.0": {"reduction_in_attributes": 66.66666666666667, "time": 0.0019838809967041016, "reduction": 34.193548387096776, "validation": {"accuracy": 53.5483870967742}, "test": {"accuracy": 48.57142857142857}}, "0.1": {"reduction_in_attributes": 66.66666666666667, "time": 0.0019161701202392578, "reduction": 37.41935483870967, "validation": {"accuracy": 54.19354838709678}, "test": {"accuracy": 40.0}}, "0.2": {"reduction_in_attributes": 66.66666666666667, "time": 0.0019228458404541016, "reduction": 44.516129032258064, "validation": {"accuracy": 55.80645161290323}, "test": {"accuracy": 40.0}}, "0.3": {"reduction_in_attributes": 66.66666666666667, "time": 0.0018801689147949219, "reduction": 51.29032258064517, "validation": {"accuracy": 54.516129032258064}, "test": {"accuracy": 40.0}}, "0.4": {"reduction_in_attributes": 66.66666666666667, "time": 0.0019042491912841797, "reduction": 58.387096774193544, "validation": {"accuracy": 54.19354838709678}, "test": {"accuracy": 42.857142857142854}}, "0.5": {"reduction_in_attributes": 66.66666666666667, "time": 0.002228975296020508, "reduction": 64.51612903225806, "validation": {"accuracy": 52.58064516129032}, "test": {"accuracy": 42.857142857142854}}, "0.6": {"reduction_in_attributes": 66.66666666666667, "time": 0.0018279552459716797, "reduction": 69.35483870967742, "validation": {"accuracy": 48.70967741935484}, "test": {"accuracy": 42.857142857142854}}, "0.7": {"reduction_in_attributes": 66.66666666666667, "time": 0.0017850399017333984, "reduction": 79.6774193548387, "validation": {"accuracy": 49.03225806451613}, "test": {"accuracy": 42.857142857142854}}, "0.8": {"reduction_in_attributes": 66.66666666666667, "time": 0.0017809867858886719, "reduction": 88.38709677419355, "validation": {"accuracy": 47.74193548387097}, "test": {"accuracy": 54.285714285714285}}, "0.9": {"reduction_in_attributes": 66.66666666666667, "time": 0.001753091812133789, "reduction": 95.16129032258065, "validation": {"accuracy": 50.0}, "test": {"accuracy": 54.285714285714285}}, "1.0": {"reduction_in_attributes": 66.66666666666667, "time": 0.0017552375793457031, "reduction": 99.35483870967742, "validation": {"accuracy": 50.0}, "test": {"accuracy": 54.285714285714285}}}, "5": {"0.0": {"reduction_in_attributes": 83.33333333333334, "time": 0.0019788742065429688, "reduction": 14.83870967741936, "validation": {"accuracy": 61.935483870967744}, "test": {"accuracy": 51.42857142857142}}, "0.1": {"reduction_in_attributes": 83.33333333333334, "time": 0.0019440650939941406, "reduction": 29.677419354838708, "validation": {"accuracy": 61.61290322580645}, "test": {"accuracy": 51.42857142857142}}, "0.2": {"reduction_in_attributes": 83.33333333333334, "time": 0.0018990039825439453, "reduction": 35.16129032258064, "validation": {"accuracy": 61.29032258064516}, "test": {"accuracy": 51.42857142857142}}, "0.3": {"reduction_in_attributes": 83.33333333333334, "time": 0.0017707347869873047, "reduction": 44.83870967741935, "validation": {"accuracy": 59.03225806451613}, "test": {"accuracy": 57.14285714285714}}, "0.4": {"reduction_in_attributes": 83.33333333333334, "time": 0.0018129348754882812, "reduction": 51.61290322580645, "validation": {"accuracy": 57.41935483870968}, "test": {"accuracy": 57.14285714285714}}, "0.5": {"reduction_in_attributes": 83.33333333333334, "time": 0.0017468929290771484, "reduction": 57.41935483870968, "validation": {"accuracy": 56.12903225806451}, "test": {"accuracy": 57.14285714285714}}, "0.6": {"reduction_in_attributes": 83.33333333333334, "time": 0.0019948482513427734, "reduction": 61.29032258064516, "validation": {"accuracy": 57.74193548387097}, "test": {"accuracy": 60.0}}, "0.7": {"reduction_in_attributes": 83.33333333333334, "time": 0.0017478466033935547, "reduction": 68.70967741935483, "validation": {"accuracy": 60.322580645161295}, "test": {"accuracy": 60.0}}, "0.8": {"reduction_in_attributes": 83.33333333333334, "time": 0.001699209213256836, "reduction": 77.09677419354838, "validation": {"accuracy": 62.25806451612903}, "test": {"accuracy": 60.0}}, "0.9": {"reduction_in_attributes": 83.33333333333334, "time": 0.0017249584197998047, "reduction": 83.87096774193549, "validation": {"accuracy": 60.64516129032258}, "test": {"accuracy": 60.0}}, "1.0": {"reduction_in_attributes": 83.33333333333334, "time": 0.001622915267944336, "reduction": 99.35483870967742, "validation": {"accuracy": 60.0}, "test": {"accuracy": 60.0}}}, "6": {"0.0": {"reduction_in_attributes": 66.66666666666667, "time": 0.002035856246948242, "reduction": 33.11897106109325, "validation": {"accuracy": 56.59163987138264}, "test": {"accuracy": 61.76470588235294}}, "0.1": {"reduction_in_attributes": 66.66666666666667, "time": 0.0019578933715820312, "reduction": 35.04823151125402, "validation": {"accuracy": 56.59163987138264}, "test": {"accuracy": 61.76470588235294}}, "0.2": {"reduction_in_attributes": 66.66666666666667, "time": 0.0019409656524658203, "reduction": 41.479099678456585, "validation": {"accuracy": 56.59163987138264}, "test": {"accuracy": 61.76470588235294}}, "0.3": {"reduction_in_attributes": 66.66666666666667, "time": 0.0019350051879882812, "reduction": 48.23151125401929, "validation": {"accuracy": 56.59163987138264}, "test": {"accuracy": 58.82352941176471}}, "0.4": {"reduction_in_attributes": 66.66666666666667, "time": 0.001833200454711914, "reduction": 55.948553054662376, "validation": {"accuracy": 55.948553054662376}, "test": {"accuracy": 58.82352941176471}}, "0.5": {"reduction_in_attributes": 66.66666666666667, "time": 0.0018277168273925781, "reduction": 65.91639871382637, "validation": {"accuracy": 56.27009646302251}, "test": {"accuracy": 55.88235294117647}}, "0.6": {"reduction_in_attributes": 66.66666666666667, "time": 0.0017809867858886719,