{"3": {"0.0": {"reduction_in_attributes": 94.73684210526316, "time": 0.06662702560424805, "reduction": 20.586820586820586, "validation": {"accuracy": 90.28379028379028}, "test": {"accuracy": 16.450216450216452}}, "0.1": {"reduction_in_attributes": 94.73684210526316, "time": 0.06529426574707031, "reduction": 25.92592592592593, "validation": {"accuracy": 65.36796536796537}, "test": {"accuracy": 35.93073593073593}}, "0.2": {"reduction_in_attributes": 94.73684210526316, "time": 0.06526994705200195, "reduction": 24.482924482924485, "validation": {"accuracy": 60.41366041366041}, "test": {"accuracy": 37.66233766233766}}, "0.3": {"reduction_in_attributes": 94.73684210526316, "time": 0.06297707557678223, "reduction": 50.64935064935065, "validation": {"accuracy": 92.88119288119289}, "test": {"accuracy": 53.246753246753244}}, "0.4": {"reduction_in_attributes": 94.73684210526316, "time": 0.054907798767089844, "reduction": 36.21933621933622, "validation": {"accuracy": 53.102453102453104}, "test": {"accuracy": 16.017316017316016}}, "0.5": {"reduction_in_attributes": 94.73684210526316, "time": 0.05776405334472656, "reduction": 25.73352573352573, "validation": {"accuracy": 45.79124579124579}, "test": {"accuracy": 24.242424242424242}}, "0.6": {"reduction_in_attributes": 94.73684210526316, "time": 0.061187028884887695, "reduction": 39.490139490139484, "validation": {"accuracy": 50.93795093795094}, "test": {"accuracy": 29.43722943722944}}, "0.7": {"reduction_in_attributes": 94.73684210526316, "time": 0.04708099365234375, "reduction": 41.65464165464166, "validation": {"accuracy": 15.96921596921597}, "test": {"accuracy": 15.584415584415584}}, "0.8": {"reduction_in_attributes": 94.73684210526316, "time": 0.05154824256896973, "reduction": 59.403559403559406, "validation": {"accuracy": 54.353054353054354}, "test": {"accuracy": 37.66233766233766}}, "0.9": {"reduction_in_attributes": 94.73684210526316, "time": 0.025198698043823242, "reduction": 100, "validation": 0.0, "test": 0.0}, "1.0": {"reduction_in_attributes": 94.73684210526316, "time": 0.0409388542175293, "reduction": 28.234728234728234, "validation": {"accuracy": 15.68061568061568}, "test": {"accuracy": 16.883116883116884}}}, "4": {"0.0": {"reduction_in_attributes": 94.73684210526316, "time": 0.07318806648254395, "reduction": 32.65993265993266, "validation": {"accuracy": 96.05579605579607}, "test": {"accuracy": 59.74025974025974}}, "0.1": {"reduction_in_attributes": 94.73684210526316, "time": 0.06405210494995117, "reduction": 25.156325156325153, "validation": {"accuracy": 64.3097643097643}, "test": {"accuracy": 39.39393939393939}}, "0.2": {"reduction_in_attributes": 94.73684210526316, "time": 0.053591012954711914, "reduction": 39.34583934583935, "validation": {"accuracy": 71.33237133237134}, "test": {"accuracy": 17.316017316017316}}, "0.3": {"reduction_in_attributes": 94.73684210526316, "time": 0.05456280708312988, "reduction": 30.11063011063011, "validation": {"accuracy": 69.5045695045695}, "test": {"accuracy": 47.18614718614719}}, "0.4": {"reduction_in_attributes": 94.73684210526316, "time": 0.05467677116394043, "reduction": 26.64742664742664, "validation": {"accuracy": 26.022126022126024}, "test": {"accuracy": 16.017316017316016}}, "0.5": {"reduction_in_attributes": 94.73684210526316, "time": 0.06140899658203125, "reduction": 48.19624819624819, "validation": {"accuracy": 78.45117845117845}, "test": {"accuracy": 57.14285714285714}}, "0.6": {"reduction_in_attributes": 94.73684210526316, "time": 0.05996394157409668, "reduction": 48.821548821548824, "validation": {"accuracy": 69.21596921596922}, "test": {"accuracy": 52.38095238095239}}, "0.7": {"reduction_in_attributes": 94.73684210526316, "time": 0.03673291206359863, "reduction": 26.83982683982684, "validation": {"accuracy": 15.921115921115922}, "test": {"accuracy": 13.852813852813853}}, "0.8": {"reduction_in_attributes": 94.73684210526316, "time": 0.050466060638427734, "reduction": 57.86435786435786, "validation": {"accuracy": 43.867243867243864}, "test": {"accuracy": 21.645021645021643}}, "0.9": {"reduction_in_attributes": 94.73684210526316, "time": 0.052567243576049805, "reduction": 71.66907166907167, "validation": {"accuracy": 35.30543530543531}, "test": {"accuracy": 15.151515151515152}}, "1.0": {"reduction_in_attributes": 94.73684210526316, "time": 0.0548100471496582, "reduction": 97.45069745069745, "validation": {"accuracy": 16.4983164983165}, "test": {"accuracy": 16.017316017316016}}}, "5": {"0.0": {"reduction_in_attributes": 94.73684210526316, "time": 0.06457901000976562, "reduction": 18.61471861471862, "validation": {"accuracy": 91.43819143819144}, "test": {"accuracy": 34.63203463203463}}, "0.1": {"reduction_in_attributes": 94.73684210526316, "time": 0.055589914321899414, "reduction": 21.98172198172198, "validation": {"accuracy": 60.12506012506012}, "test": {"accuracy": 44.15584415584416}}, "0.2": {"reduction_in_attributes": 94.73684210526316, "time": 0.05687522888183594, "reduction": 28.95622895622896, "validation": {"accuracy": 68.68686868686868}, "test": {"accuracy": 49.35064935064935}}, "0.3": {"reduction_in_attributes": 94.73684210526316, "time": 0.05264902114868164, "reduction": 40.355940355940355, "validation": {"accuracy": 70.37037037037037}, "test": {"accuracy": 32.900432900432904}}, "0.4": {"reduction_in_attributes": 94.73684210526316, "time": 0.06348013877868652, "reduction": 27.753727753727752, "validation": {"accuracy": 51.41895141895142}, "test": {"accuracy": 35.93073593073593}}, "0.5": {"reduction_in_attributes": 94.73684210526316, "time": 0.0598757266998291, "reduction": 35.930735930735935, "validation": {"accuracy": 65.46416546416548}, "test": {"accuracy": 49.78354978354979}}, "0.6": {"reduction_in_attributes": 94.73684210526316, "time": 0.05373692512512207, "reduction": 37.80663780663781, "validation": {"accuracy": 58.393458393458396}, "test": {"accuracy": 45.02164502164502}}, "0.7": {"reduction_in_attributes": 94.73684210526316, "time": 0.051239728927612305, "reduction": 56.03655603655604, "validation": {"accuracy": 65.22366522366522}, "test": {"accuracy": 50.21645021645021}}, "0.8": {"reduction_in_attributes": 94.73684210526316, "time": 0.05915093421936035, "reduction": 64.5983645983646, "validation": {"accuracy": 58.58585858585859}, "test": {"accuracy": 50.21645021645021}}, "0.9": {"reduction_in_attributes": 94.73684210526316, "time": 0.056243896484375, "reduction": 69.07166907166908, "validation": {"accuracy": 43.001443001443}, "test": {"accuracy": 32.900432900432904}}, "1.0": {"reduction_in_attributes": 94.73684210526316, "time": 0.04879307746887207, "reduction": 92.88119288119287, "validation": {"accuracy": 18.422318422318423}, "test": {"accuracy": 17.74891774891775}}}, "6": {"0.0": {"reduction_in_attributes": 94.73684210526316, "time": 0.054586172103881836, "reduction": 25.300625300625303, "validation": {"accuracy": 70.70707070707071}, "test": {"accuracy": 45.45454545454545}}, "0.1": {"reduction_in_attributes": 94.73684210526316, "time": 0.05335211753845215, "reduction": 33.76623376623377, "validation": {"accuracy": 78.01827801827802}, "test": {"accuracy": 15.584415584415584}}, "0.2": {"reduction_in_attributes": 94.73684210526316, "time": 0.06423091888427734, "reduction": 15.247715247715243, "validation": {"accuracy": 48.05194805194805}, "test": {"accuracy": 23.809523809523807}}, "0.3": {"reduction_in_attributes": 94.73684210526316, "time": 0.06420493125915527, "reduction": 24.001924001924003, "validation": {"accuracy": 50.93795093795094}, "test": {"accuracy": 26.83982683982684}}, "0.4": {"reduction_in_attributes": 94.73684210526316, "time": 0.0617830753326416, "reduction": 45.214045214045214, "validation": {"accuracy": 83.83838383838383}, "test": {"accuracy": 51.082251082251084}}, "0.5": {"reduction_in_attributes": 94.73684210526316, "time": 0.06516718864440918, "reduction": 35.54593554593555, "validation": {"accuracy": 63.01106301106301}, "test": {"accuracy": 41.125541125541126}},