{"3": {"0.0": {"reduction_in_attributes": 62.5, "time": 0.007543087005615234, "reduction": 64.68885672937772, "validation": {"accuracy": 46.30969609261939}, "test": {"accuracy": 42.857142857142854}}, "0.1": {"reduction_in_attributes": 62.5, "time": 0.0074460506439208984, "reduction": 66.57018813314038, "validation": {"accuracy": 46.164978292329955}, "test": {"accuracy": 42.857142857142854}}, "0.2": {"reduction_in_attributes": 62.5, "time": 0.007444858551025391, "reduction": 69.46454413892909, "validation": {"accuracy": 46.164978292329955}, "test": {"accuracy": 42.857142857142854}}, "0.3": {"reduction_in_attributes": 62.5, "time": 0.007372140884399414, "reduction": 73.08248914616497, "validation": {"accuracy": 50.50651230101303}, "test": {"accuracy": 46.75324675324675}}, "0.4": {"reduction_in_attributes": 62.5, "time": 0.0073299407958984375, "reduction": 76.98986975397975, "validation": {"accuracy": 49.63820549927641}, "test": {"accuracy": 46.75324675324675}}, "0.5": {"reduction_in_attributes": 62.5, "time": 0.0072710514068603516, "reduction": 81.18668596237337, "validation": {"accuracy": 49.63820549927641}, "test": {"accuracy": 46.75324675324675}}, "0.6": {"reduction_in_attributes": 62.5, "time": 0.007220029830932617, "reduction": 87.12011577424023, "validation": {"accuracy": 45.00723589001447}, "test": {"accuracy": 46.75324675324675}}, "0.7": {"reduction_in_attributes": 62.5, "time": 0.007189035415649414, "reduction": 92.76410998552822, "validation": {"accuracy": 57.16353111432706}, "test": {"accuracy": 57.14285714285714}}, "0.8": {"reduction_in_attributes": 62.5, "time": 0.007193803787231445, "reduction": 97.10564399421129, "validation": {"accuracy": 57.16353111432706}, "test": {"accuracy": 57.14285714285714}}, "0.9": {"reduction_in_attributes": 62.5, "time": 0.0071201324462890625, "reduction": 98.98697539797395, "validation": {"accuracy": 56.87409551374819}, "test": {"accuracy": 55.84415584415584}}, "1.0": {"reduction_in_attributes": 62.5, "time": 0.007110118865966797, "reduction": 99.71056439942113, "validation": {"accuracy": 71.92474674384948}, "test": {"accuracy": 72.72727272727273}}}, "4": {"0.0": {"reduction_in_attributes": 62.5, "time": 0.007539987564086914, "reduction": 61.360347322720685, "validation": {"accuracy": 59.479015918958034}, "test": {"accuracy": 58.44155844155844}}, "0.1": {"reduction_in_attributes": 62.5, "time": 0.00755620002746582, "reduction": 63.53111432706222, "validation": {"accuracy": 59.479015918958034}, "test": {"accuracy": 59.74025974025974}}, "0.2": {"reduction_in_attributes": 62.5, "time": 0.00742793083190918, "reduction": 67.00434153400869, "validation": {"accuracy": 59.62373371924746}, "test": {"accuracy": 59.74025974025974}}, "0.3": {"reduction_in_attributes": 62.5, "time": 0.007409095764160156, "reduction": 70.33285094066571, "validation": {"accuracy": 60.492040520984084}, "test": {"accuracy": 68.83116883116884}}, "0.4": {"reduction_in_attributes": 62.5, "time": 0.007070302963256836, "reduction": 74.09551374819104, "validation": {"accuracy": 60.492040520984084}, "test": {"accuracy": 68.83116883116884}}, "0.5": {"reduction_in_attributes": 62.5, "time": 0.00728607177734375, "reduction": 80.4630969609262, "validation": {"accuracy": 61.070911722141815}, "test": {"accuracy": 70.12987012987013}}, "0.6": {"reduction_in_attributes": 62.5, "time": 0.007281064987182617, "reduction": 87.12011577424023, "validation": {"accuracy": 61.070911722141815}, "test": {"accuracy": 71.42857142857143}}, "0.7": {"reduction_in_attributes": 62.5, "time": 0.007188320159912109, "reduction": 92.90882778581766, "validation": {"accuracy": 66.42547033285095}, "test": {"accuracy": 74.02597402597402}}, "0.8": {"reduction_in_attributes": 62.5, "time": 0.007155895233154297, "reduction": 97.68451519536903, "validation": {"accuracy": 66.71490593342982}, "test": {"accuracy": 74.02597402597402}}, "0.9": {"reduction_in_attributes": 62.5, "time": 0.0069849491119384766, "reduction": 99.27641099855282, "validation": {"accuracy": 60.781476121562946}, "test": {"accuracy": 70.12987012987013}}, "1.0": {"reduction_in_attributes": 62.5, "time": 0.007134914398193359, "reduction": 99.71056439942113, "validation": {"accuracy": 75.10853835021707}, "test": {"accuracy": 70.12987012987013}}}, "5": {"0.0": {"reduction_in_attributes": 62.5, "time": 0.007539987564086914, "reduction": 62.807525325615046, "validation": {"accuracy": 50.50651230101303}, "test": {"accuracy": 59.74025974025974}}, "0.1": {"reduction_in_attributes": 62.5, "time": 0.007491111755371094, "reduction": 64.97829232995657, "validation": {"accuracy": 50.50651230101303}, "test": {"accuracy": 61.038961038961034}}, "0.2": {"reduction_in_attributes": 62.5, "time": 0.007379055023193359, "reduction": 67.58321273516643, "validation": {"accuracy": 50.94066570188133}, "test": {"accuracy": 61.038961038961034}}, "0.3": {"reduction_in_attributes": 62.5, "time": 0.0073909759521484375, "reduction": 71.34587554269174, "validation": {"accuracy": 52.67727930535456}, "test": {"accuracy": 68.83116883116884}}, "0.4": {"reduction_in_attributes": 62.5, "time": 0.007302999496459961, "reduction": 76.55571635311144, "validation": {"accuracy": 51.230101302460206}, "test": {"accuracy": 68.83116883116884}}, "0.5": {"reduction_in_attributes": 62.5, "time": 0.007248878479003906, "reduction": 82.19971056439942, "validation": {"accuracy": 51.230101302460206}, "test": {"accuracy": 68.83116883116884}}, "0.6": {"reduction_in_attributes": 62.5, "time": 0.007200956344604492, "reduction": 89.14616497829233, "validation": {"accuracy": 49.34876989869754}, "test": {"accuracy": 68.83116883116884}}, "0.7": {"reduction_in_attributes": 62.5, "time": 0.007148027420043945, "reduction": 93.92185238784371, "validation": {"accuracy": 67.43849493487699}, "test": {"accuracy": 68.83116883116884}}, "0.8": {"reduction_in_attributes": 62.5, "time": 0.007158041000366211, "reduction": 97.5397973950796, "validation": {"accuracy": 67.14905933429812}, "test": {"accuracy": 68.83116883116884}}, "0.9": {"reduction_in_attributes": 62.5, "time": 0.007096052169799805, "reduction": 99.27641099855282, "validation": {"accuracy": 65.12301013024602}, "test": {"accuracy": 70.12987012987013}}, "1.0": {"reduction_in_attributes": 62.5, "time": 0.0071179866790771484, "reduction": 99.71056439942113, "validation": {"accuracy": 70.33285094066571}, "test": {"accuracy": 71.42857142857143}}}, "6": {"0.0": {"reduction_in_attributes": 62.5, "time": 0.0075151920318603516, "reduction": 61.50506512301013, "validation": {"accuracy": 54.55861070911722}, "test": {"accuracy": 58.44155844155844}}, "0.1": {"reduction_in_attributes": 62.5, "time": 0.007485151290893555, "reduction": 63.38639652677279, "validation": {"accuracy": 54.41389290882779}, "test": {"accuracy": 59.74025974025974}}, "0.2": {"reduction_in_attributes": 62.5, "time": 0.007543087005615234, "reduction": 66.85962373371925, "validation": {"accuracy": 54.26917510853835}, "test": {"accuracy": 59.74025974025974}}, "0.3": {"reduction_in_attributes": 62.5, "time": 0.007405281066894531, "reduction": 70.47756874095515, "validation": {"accuracy": 57.452966714905926}, "test": {"accuracy": 66.23376623376623}}, "0.4": {"reduction_in_attributes": 62.5, "time": 0.007342100143432617, "reduction": 74.67438494934878, "validation": {"accuracy": 56.58465991316932}, "test": {"accuracy": 66.23376623376623}}, "0.5": {"reduction_in_attributes": 62.5, "time": 0.007250070571899414, "reduction": 80.8972503617945, "validation": {"accuracy": 56.58465991316932}, "test": {"accuracy": 67.53246753246754}}, "0.6": {"reduction_in_attributes": 62.5, "time": 0.007177829742431641, "reduction": 87.26483357452966, "validation": {"accuracy": 58.17655571635311}, "test": {"accuracy": 66.23376623376623}}, "0.7": {"reduction_in_attributes": 62.5, "time": 0.007133960723876953, "reduction": 92.90882778581766, "validation": {"accuracy": 58.90014471780029}, "test": {"accuracy": 66.23376623376623}}, "0.8": {"reduction_in_attributes": 62.5, "time": 0.007119894027709961,