{"3": {"0.0": {"reduction_in_attributes": 92.3076923076923, "time": 0.6411070823669434, "reduction": 0.0, "validation": {"accuracy": 20.168067226890756}, "test": {"accuracy": 21.075581395348838}}, "0.1": {"reduction_in_attributes": 92.3076923076923, "time": 0.6139810085296631, "reduction": 12.815126050420167, "validation": {"accuracy": 22.333548804137042}, "test": {"accuracy": 22.38372093023256}}, "0.2": {"reduction_in_attributes": 92.3076923076923, "time": 0.5206961631774902, "reduction": 33.53264382676148, "validation": {"accuracy": 12.152553329023917}, "test": {"accuracy": 12.354651162790697}}, "0.3": {"reduction_in_attributes": 92.3076923076923, "time": 0.6160593032836914, "reduction": 14.932126696832581, "validation": {"accuracy": 14.3180349062702}, "test": {"accuracy": 18.313953488372093}}, "0.4": {"reduction_in_attributes": 92.3076923076923, "time": 0.6103911399841309, "reduction": 22.769877181641885, "validation": {"accuracy": 16.338073691014866}, "test": {"accuracy": 15.11627906976744}}, "0.5": {"reduction_in_attributes": 92.3076923076923, "time": 0.5997629165649414, "reduction": 29.605688429217835, "validation": {"accuracy": 13.72010342598578}, "test": {"accuracy": 13.08139534883721}}, "0.6": {"reduction_in_attributes": 92.3076923076923, "time": 0.5956847667694092, "reduction": 30.30058177117001, "validation": {"accuracy": 20.168067226890756}, "test": {"accuracy": 21.075581395348838}}, "0.7": {"reduction_in_attributes": 92.3076923076923, "time": 0.5822269916534424, "reduction": 39.01098901098901, "validation": {"accuracy": 15.336134453781513}, "test": {"accuracy": 15.69767441860465}}, "0.8": {"reduction_in_attributes": 92.3076923076923, "time": 0.5425968170166016, "reduction": 54.783451842275376, "validation": {"accuracy": 12.37879767291532}, "test": {"accuracy": 10.901162790697674}}, "0.9": {"reduction_in_attributes": 92.3076923076923, "time": 0.5732457637786865, "reduction": 49.62831286360698, "validation": {"accuracy": 9.017453135100194}, "test": {"accuracy": 8.430232558139535}}, "1.0": {"reduction_in_attributes": 92.3076923076923, "time": 0.6174042224884033, "reduction": 38.20297349709114, "validation": {"accuracy": 24.56367162249515}, "test": {"accuracy": 24.563953488372093}}}, "4": {"0.0": {"reduction_in_attributes": 92.3076923076923, "time": 0.6942970752716064, "reduction": 0.0, "validation": {"accuracy": 17.243051066580477}, "test": {"accuracy": 16.27906976744186}}, "0.1": {"reduction_in_attributes": 92.3076923076923, "time": 0.5974359512329102, "reduction": 23.38396897220426, "validation": {"accuracy": 15.255332902391727}, "test": {"accuracy": 15.261627906976743}}, "0.2": {"reduction_in_attributes": 92.3076923076923, "time": 0.3687169551849365, "reduction": 31.43180349062702, "validation": {"accuracy": 13.041370394311572}, "test": {"accuracy": 13.08139534883721}}, "0.3": {"reduction_in_attributes": 92.3076923076923, "time": 0.610137939453125, "reduction": 17.824822236586947, "validation": {"accuracy": 16.30575307045895}, "test": {"accuracy": 14.680232558139537}}, "0.4": {"reduction_in_attributes": 92.3076923076923, "time": 0.5972399711608887, "reduction": 28.28054298642534, "validation": {"accuracy": 16.32191338073691}, "test": {"accuracy": 13.517441860465116}}, "0.5": {"reduction_in_attributes": 92.3076923076923, "time": 0.5908348560333252, "reduction": 31.30252100840336, "validation": {"accuracy": 21.17000646412411}, "test": {"accuracy": 20.49418604651163}}, "0.6": {"reduction_in_attributes": 92.3076923076923, "time": 0.5930221080780029, "reduction": 28.054298642533936, "validation": {"accuracy": 14.463477698771818}, "test": {"accuracy": 16.71511627906977}}, "0.7": {"reduction_in_attributes": 92.3076923076923, "time": 0.5821540355682373, "reduction": 38.849385908209435, "validation": {"accuracy": 15.255332902391727}, "test": {"accuracy": 15.261627906976743}}, "0.8": {"reduction_in_attributes": 92.3076923076923, "time": 0.6272811889648438, "reduction": 30.542986425339368, "validation": {"accuracy": 22.64059469941823}, "test": {"accuracy": 22.96511627906977}}, "0.9": {"reduction_in_attributes": 92.3076923076923, "time": 0.4913618564605713, "reduction": 56.72268907563025, "validation": {"accuracy": 12.976729153199743}, "test": {"accuracy": 12.063953488372094}}, "1.0": {"reduction_in_attributes": 92.3076923076923, "time": 0.5278198719024658, "reduction": 71.52553329023917, "validation": {"accuracy": 10.843568196509374}, "test": {"accuracy": 11.482558139534884}}}, "5": {"0.0": {"reduction_in_attributes": 92.3076923076923, "time": 0.6136269569396973, "reduction": 0.0, "validation": {"accuracy": 12.265675500969618}, "test": {"accuracy": 11.918604651162791}}, "0.1": {"reduction_in_attributes": 92.3076923076923, "time": 0.6146340370178223, "reduction": 13.073691014867483, "validation": {"accuracy": 21.41241111829347}, "test": {"accuracy": 21.947674418604652}}, "0.2": {"reduction_in_attributes": 92.3076923076923, "time": 0.5085141658782959, "reduction": 39.33419521654816, "validation": {"accuracy": 13.154492566257273}, "test": {"accuracy": 12.5}}, "0.3": {"reduction_in_attributes": 92.3076923076923, "time": 0.5989322662353516, "reduction": 28.425985778926954, "validation": {"accuracy": 24.64447317388494}, "test": {"accuracy": 24.563953488372093}}, "0.4": {"reduction_in_attributes": 92.3076923076923, "time": 0.36830902099609375, "reduction": 32.22365869424693, "validation": {"accuracy": 12.9928894634777}, "test": {"accuracy": 13.517441860465116}}, "0.5": {"reduction_in_attributes": 92.3076923076923, "time": 0.5984640121459961, "reduction": 29.654169360051707, "validation": {"accuracy": 24.64447317388494}, "test": {"accuracy": 24.563953488372093}}, "0.6": {"reduction_in_attributes": 92.3076923076923, "time": 0.5947849750518799, "reduction": 28.668390433096313, "validation": {"accuracy": 14.107950872656755}, "test": {"accuracy": 14.825581395348838}}, "0.7": {"reduction_in_attributes": 92.3076923076923, "time": 0.5650320053100586, "reduction": 50.06464124111183, "validation": {"accuracy": 15.35229476405947}, "test": {"accuracy": 14.38953488372093}}, "0.8": {"reduction_in_attributes": 92.3076923076923, "time": 0.4993278980255127, "reduction": 51.454427925016155, "validation": {"accuracy": 13.154492566257273}, "test": {"accuracy": 12.5}}, "0.9": {"reduction_in_attributes": 92.3076923076923, "time": 0.5598099231719971, "reduction": 64.18875242404654, "validation": {"accuracy": 16.774402068519713}, "test": {"accuracy": 17.732558139534884}}, "1.0": {"reduction_in_attributes": 92.3076923076923, "time": 0.6153359413146973, "reduction": 46.864899806076274, "validation": {"accuracy": 17.129928894634777}, "test": {"accuracy": 17.296511627906977}}}, "6": {"0.0": {"reduction_in_attributes": 92.3076923076923, "time": 0.6408030986785889, "reduction": 0.0, "validation": {"accuracy": 24.062702003878474}, "test": {"accuracy": 23.25581395348837}}, "0.1": {"reduction_in_attributes": 92.3076923076923, "time": 0.653296709060669, "reduction": 4.46024563671622, "validation": {"accuracy": 14.124111182934712}, "test": {"accuracy": 15.11627906976744}}, "0.2": {"reduction_in_attributes": 92.3076923076923, "time": 0.6475341320037842, "reduction": 6.415643180349062, "validation": {"accuracy": 14.124111182934712}, "test": {"accuracy": 15.11627906976744}}, "0.3": {"reduction_in_attributes": 92.3076923076923, "time": 0.5421168804168701, "reduction": 51.00193923723335, "validation": {"accuracy": 11.40917905623788}, "test": {"accuracy": 10.755813953488373}}, "0.4": {"reduction_in_attributes": 92.3076923076923, "time": 0.6365180015563965, "reduction": 22.963800904977372, "validation": {"accuracy": 27.61797026502909}, "test": {"accuracy": 27.906976744186046}}, "0.5": {"reduction_in_attributes": 92.3076923076923, "time": 0.573584794998169, "reduction": 46.41241111829347, "validation": {"accuracy": 13.009049773755658}, "test": {"accuracy": 11.337209302325581}}, "0.6": {"reduction_in_attributes": 92.3076923076923, "time": 0.37371230125427246, "reduction": 33.11247575953459,