{"3": {"0.0": {"reduction_in_attributes": 92.3076923076923, "time": 0.011939048767089844, "reduction": 7.4074074074074066, "validation": {"accuracy": 85.18518518518519}, "test": {"accuracy": 18.181818181818183}}, "0.1": {"reduction_in_attributes": 92.3076923076923, "time": 0.0077779293060302734, "reduction": 6.846240179573515, "validation": {"accuracy": 9.090909090909092}, "test": {"accuracy": 9.090909090909092}}, "0.2": {"reduction_in_attributes": 92.3076923076923, "time": 0.012612104415893555, "reduction": 21.54882154882155, "validation": {"accuracy": 82.60381593714928}, "test": {"accuracy": 21.21212121212121}}, "0.3": {"reduction_in_attributes": 92.3076923076923, "time": 0.008185148239135742, "reduction": 49.046015712682376, "validation": {"accuracy": 9.20314253647587}, "test": {"accuracy": 8.080808080808081}}, "0.4": {"reduction_in_attributes": 92.3076923076923, "time": 0.011295080184936523, "reduction": 31.313131313131315, "validation": {"accuracy": 81.14478114478115}, "test": {"accuracy": 26.262626262626267}}, "0.5": {"reduction_in_attributes": 92.3076923076923, "time": 0.010505914688110352, "reduction": 39.8428731762065, "validation": {"accuracy": 56.34118967452301}, "test": {"accuracy": 10.1010101010101}}, "0.6": {"reduction_in_attributes": 92.3076923076923, "time": 0.007901906967163086, "reduction": 49.046015712682376, "validation": {"accuracy": 9.20314253647587}, "test": {"accuracy": 8.080808080808081}}, "0.7": {"reduction_in_attributes": 92.3076923076923, "time": 0.011512041091918945, "reduction": 58.69809203142536, "validation": {"accuracy": 45.11784511784512}, "test": {"accuracy": 10.1010101010101}}, "0.8": {"reduction_in_attributes": 92.3076923076923, "time": 0.011600971221923828, "reduction": 69.58473625140292, "validation": {"accuracy": 34.34343434343434}, "test": {"accuracy": 10.1010101010101}}, "0.9": {"reduction_in_attributes": 92.3076923076923, "time": 0.010462045669555664, "reduction": 78.45117845117845, "validation": {"accuracy": 27.160493827160494}, "test": {"accuracy": 7.07070707070707}}, "1.0": {"reduction_in_attributes": 92.3076923076923, "time": 0.008162975311279297, "reduction": 6.846240179573515, "validation": {"accuracy": 9.090909090909092}, "test": {"accuracy": 9.090909090909092}}}, "4": {"0.0": {"reduction_in_attributes": 92.3076923076923, "time": 0.009778022766113281, "reduction": 0.0, "validation": {"accuracy": 9.20314253647587}, "test": {"accuracy": 8.080808080808081}}, "0.1": {"reduction_in_attributes": 92.3076923076923, "time": 0.011857986450195312, "reduction": 15.375982042648706, "validation": {"accuracy": 74.85970819304153}, "test": {"accuracy": 12.121212121212121}}, "0.2": {"reduction_in_attributes": 92.3076923076923, "time": 0.012491941452026367, "reduction": 14.814814814814813, "validation": {"accuracy": 79.57351290684625}, "test": {"accuracy": 8.080808080808081}}, "0.3": {"reduction_in_attributes": 92.3076923076923, "time": 0.011646032333374023, "reduction": 21.43658810325477, "validation": {"accuracy": 75.75757575757575}, "test": {"accuracy": 14.14141414141414}}, "0.4": {"reduction_in_attributes": 92.3076923076923, "time": 0.010586023330688477, "reduction": 39.8428731762065, "validation": {"accuracy": 58.24915824915825}, "test": {"accuracy": 12.121212121212121}}, "0.5": {"reduction_in_attributes": 92.3076923076923, "time": 0.011451959609985352, "reduction": 37.03703703703704, "validation": {"accuracy": 59.25925925925925}, "test": {"accuracy": 14.14141414141414}}, "0.6": {"reduction_in_attributes": 92.3076923076923, "time": 0.010804891586303711, "reduction": 55.331088664422, "validation": {"accuracy": 46.464646464646464}, "test": {"accuracy": 11.11111111111111}}, "0.7": {"reduction_in_attributes": 92.3076923076923, "time": 0.010169029235839844, "reduction": 56.11672278338945, "validation": {"accuracy": 43.20987654320987}, "test": {"accuracy": 6.0606060606060606}}, "0.8": {"reduction_in_attributes": 92.3076923076923, "time": 0.010249137878417969, "reduction": 57.35129068462401, "validation": {"accuracy": 51.85185185185185}, "test": {"accuracy": 28.28282828282828}}, "0.9": {"reduction_in_attributes": 92.3076923076923, "time": 0.010593891143798828, "reduction": 68.01346801346801, "validation": {"accuracy": 41.30190796857464}, "test": {"accuracy": 29.292929292929294}}, "1.0": {"reduction_in_attributes": 92.3076923076923, "time": 0.008163928985595703, "reduction": 50.953984287317624, "validation": {"accuracy": 9.20314253647587}, "test": {"accuracy": 8.080808080808081}}}, "5": {"0.0": {"reduction_in_attributes": 92.3076923076923, "time": 0.013847112655639648, "reduction": 17.84511784511784, "validation": {"accuracy": 92.48035914702581}, "test": {"accuracy": 20.2020202020202}}, "0.1": {"reduction_in_attributes": 92.3076923076923, "time": 0.01210784912109375, "reduction": 22.446689113355777, "validation": {"accuracy": 89.00112233445566}, "test": {"accuracy": 22.22222222222222}}, "0.2": {"reduction_in_attributes": 92.3076923076923, "time": 0.012212991714477539, "reduction": 13.69248035914703, "validation": {"accuracy": 79.2368125701459}, "test": {"accuracy": 19.19191919191919}}, "0.3": {"reduction_in_attributes": 92.3076923076923, "time": 0.008424043655395508, "reduction": 48.372615039281705, "validation": {"accuracy": 9.31537598204265}, "test": {"accuracy": 7.07070707070707}}, "0.4": {"reduction_in_attributes": 92.3076923076923, "time": 0.011026859283447266, "reduction": 33.670033670033675, "validation": {"accuracy": 60.71829405162739}, "test": {"accuracy": 9.090909090909092}}, "0.5": {"reduction_in_attributes": 92.3076923076923, "time": 0.010876893997192383, "reduction": 33.557800224466895, "validation": {"accuracy": 74.41077441077442}, "test": {"accuracy": 23.232323232323232}}, "0.6": {"reduction_in_attributes": 92.3076923076923, "time": 0.010743141174316406, "reduction": 40.40404040404041, "validation": {"accuracy": 59.25925925925925}, "test": {"accuracy": 16.161616161616163}}, "0.7": {"reduction_in_attributes": 92.3076923076923, "time": 0.01023721694946289, "reduction": 60.26936026936027, "validation": {"accuracy": 40.9652076318743}, "test": {"accuracy": 17.17171717171717}}, "0.8": {"reduction_in_attributes": 92.3076923076923, "time": 0.011002063751220703, "reduction": 58.69809203142536, "validation": {"accuracy": 51.290684624017956}, "test": {"accuracy": 27.27272727272727}}, "0.9": {"reduction_in_attributes": 92.3076923076923, "time": 0.010658025741577148, "reduction": 71.38047138047139, "validation": {"accuracy": 33.221099887766556}, "test": {"accuracy": 12.121212121212121}}, "1.0": {"reduction_in_attributes": 92.3076923076923, "time": 0.010151863098144531, "reduction": 98.76543209876543, "validation": {"accuracy": 14.029180695847362}, "test": {"accuracy": 16.161616161616163}}}, "6": {"0.0": {"reduction_in_attributes": 92.3076923076923, "time": 0.011606216430664062, "reduction": 6.958473625140293, "validation": {"accuracy": 84.84848484848484}, "test": {"accuracy": 15.151515151515152}}, "0.1": {"reduction_in_attributes": 92.3076923076923, "time": 0.008792877197265625, "reduction": 48.26038159371493, "validation": {"accuracy": 9.427609427609427}, "test": {"accuracy": 6.0606060606060606}}, "0.2": {"reduction_in_attributes": 92.3076923076923, "time": 0.009106874465942383, "reduction": 49.158249158249156, "validation": {"accuracy": 9.20314253647587}, "test": {"accuracy": 8.080808080808081}}, "0.3": {"reduction_in_attributes": 92.3076923076923, "time": 0.008941888809204102, "reduction": 49.158249158249156, "validation": {"accuracy": 9.20314253647587}, "test": {"accuracy": 8.080808080808081}}, "0.4": {"reduction_in_attributes": 92.3076923076923, "time": 0.012411832809448242, "reduction": 29.854096520763186, "validation": {"accuracy": 65.65656565656566}, "test": {"accuracy": 15.151515151515152}}, "0.5": {"reduction_in_attributes": 92.3076923076923, "time": 0.01123666763305664, "reduction": 37.14927048260381, "validation": {"accuracy": 59.59595959595959}, "test": {"accuracy": 16.161616161616163}},