{"3": {"0.0": {"reduction_in_attributes": 53.84615384615385, "time": 0.0011839866638183594, "reduction": 62.5, "validation": {"accuracy": 68.75}, "test": {"accuracy": 38.88888888888889}}, "0.1": {"reduction_in_attributes": 53.84615384615385, "time": 0.0011849403381347656, "reduction": 65.0, "validation": {"accuracy": 68.75}, "test": {"accuracy": 38.88888888888889}}, "0.2": {"reduction_in_attributes": 53.84615384615385, "time": 0.0011789798736572266, "reduction": 66.875, "validation": {"accuracy": 68.75}, "test": {"accuracy": 38.88888888888889}}, "0.3": {"reduction_in_attributes": 53.84615384615385, "time": 0.0011680126190185547, "reduction": 68.75, "validation": {"accuracy": 68.75}, "test": {"accuracy": 38.88888888888889}}, "0.4": {"reduction_in_attributes": 53.84615384615385, "time": 0.0011870861053466797, "reduction": 73.125, "validation": {"accuracy": 65.625}, "test": {"accuracy": 33.33333333333333}}, "0.5": {"reduction_in_attributes": 53.84615384615385, "time": 0.0011670589447021484, "reduction": 75.0, "validation": {"accuracy": 65.625}, "test": {"accuracy": 33.33333333333333}}, "0.6": {"reduction_in_attributes": 53.84615384615385, "time": 0.0012159347534179688, "reduction": 78.75, "validation": {"accuracy": 65.625}, "test": {"accuracy": 33.33333333333333}}, "0.7": {"reduction_in_attributes": 53.84615384615385, "time": 0.0011241436004638672, "reduction": 81.875, "validation": {"accuracy": 65.625}, "test": {"accuracy": 38.88888888888889}}, "0.8": {"reduction_in_attributes": 53.84615384615385, "time": 0.001138925552368164, "reduction": 90.625, "validation": {"accuracy": 66.875}, "test": {"accuracy": 38.88888888888889}}, "0.9": {"reduction_in_attributes": 53.84615384615385, "time": 0.0011339187622070312, "reduction": 95.625, "validation": {"accuracy": 67.5}, "test": {"accuracy": 38.88888888888889}}, "1.0": {"reduction_in_attributes": 53.84615384615385, "time": 0.0011370182037353516, "reduction": 98.125, "validation": {"accuracy": 67.5}, "test": {"accuracy": 38.88888888888889}}}, "4": {"0.0": {"reduction_in_attributes": 53.84615384615385, "time": 0.0011739730834960938, "reduction": 61.875, "validation": {"accuracy": 66.875}, "test": {"accuracy": 50.0}}, "0.1": {"reduction_in_attributes": 53.84615384615385, "time": 0.0012121200561523438, "reduction": 64.375, "validation": {"accuracy": 66.875}, "test": {"accuracy": 50.0}}, "0.2": {"reduction_in_attributes": 53.84615384615385, "time": 0.0012221336364746094, "reduction": 66.25, "validation": {"accuracy": 66.25}, "test": {"accuracy": 50.0}}, "0.3": {"reduction_in_attributes": 53.84615384615385, "time": 0.0012118816375732422, "reduction": 68.75, "validation": {"accuracy": 66.25}, "test": {"accuracy": 50.0}}, "0.4": {"reduction_in_attributes": 53.84615384615385, "time": 0.0012049674987792969, "reduction": 73.75, "validation": {"accuracy": 66.875}, "test": {"accuracy": 50.0}}, "0.5": {"reduction_in_attributes": 53.84615384615385, "time": 0.0011892318725585938, "reduction": 75.625, "validation": {"accuracy": 66.875}, "test": {"accuracy": 50.0}}, "0.6": {"reduction_in_attributes": 53.84615384615385, "time": 0.0012040138244628906, "reduction": 77.5, "validation": {"accuracy": 67.5}, "test": {"accuracy": 50.0}}, "0.7": {"reduction_in_attributes": 53.84615384615385, "time": 0.001194000244140625, "reduction": 81.25, "validation": {"accuracy": 68.75}, "test": {"accuracy": 50.0}}, "0.8": {"reduction_in_attributes": 53.84615384615385, "time": 0.001161336898803711, "reduction": 88.75, "validation": {"accuracy": 69.375}, "test": {"accuracy": 50.0}}, "0.9": {"reduction_in_attributes": 53.84615384615385, "time": 0.00125885009765625, "reduction": 93.75, "validation": {"accuracy": 71.875}, "test": {"accuracy": 50.0}}, "1.0": {"reduction_in_attributes": 53.84615384615385, "time": 0.0011599063873291016, "reduction": 98.125, "validation": {"accuracy": 70.0}, "test": {"accuracy": 44.44444444444444}}}, "5": {"0.0": {"reduction_in_attributes": 53.84615384615385, "time": 0.0012001991271972656, "reduction": 63.74999999999999, "validation": {"accuracy": 63.74999999999999}, "test": {"accuracy": 61.111111111111114}}, "0.1": {"reduction_in_attributes": 53.84615384615385, "time": 0.001230001449584961, "reduction": 66.25, "validation": {"accuracy": 63.74999999999999}, "test": {"accuracy": 61.111111111111114}}, "0.2": {"reduction_in_attributes": 53.84615384615385, "time": 0.0012001991271972656, "reduction": 68.125, "validation": {"accuracy": 63.125}, "test": {"accuracy": 61.111111111111114}}, "0.3": {"reduction_in_attributes": 53.84615384615385, "time": 0.001216888427734375, "reduction": 69.375, "validation": {"accuracy": 56.25}, "test": {"accuracy": 61.111111111111114}}, "0.4": {"reduction_in_attributes": 53.84615384615385, "time": 0.001199960708618164, "reduction": 71.25, "validation": {"accuracy": 56.25}, "test": {"accuracy": 61.111111111111114}}, "0.5": {"reduction_in_attributes": 53.84615384615385, "time": 0.0011661052703857422, "reduction": 73.75, "validation": {"accuracy": 56.25}, "test": {"accuracy": 55.55555555555556}}, "0.6": {"reduction_in_attributes": 53.84615384615385, "time": 0.0012111663818359375, "reduction": 77.5, "validation": {"accuracy": 56.25}, "test": {"accuracy": 55.55555555555556}}, "0.7": {"reduction_in_attributes": 53.84615384615385, "time": 0.0011768341064453125, "reduction": 79.375, "validation": {"accuracy": 56.25}, "test": {"accuracy": 55.55555555555556}}, "0.8": {"reduction_in_attributes": 53.84615384615385, "time": 0.0011820793151855469, "reduction": 86.875, "validation": {"accuracy": 59.375}, "test": {"accuracy": 55.55555555555556}}, "0.9": {"reduction_in_attributes": 53.84615384615385, "time": 0.001190185546875, "reduction": 94.375, "validation": {"accuracy": 65.0}, "test": {"accuracy": 61.111111111111114}}, "1.0": {"reduction_in_attributes": 53.84615384615385, "time": 0.0014660358428955078, "reduction": 98.125, "validation": {"accuracy": 71.25}, "test": {"accuracy": 66.66666666666666}}}, "6": {"0.0": {"reduction_in_attributes": 53.84615384615385, "time": 0.0012848377227783203, "reduction": 67.5, "validation": {"accuracy": 63.74999999999999}, "test": {"accuracy": 55.55555555555556}}, "0.1": {"reduction_in_attributes": 53.84615384615385, "time": 0.001196146011352539, "reduction": 70.0, "validation": {"accuracy": 63.74999999999999}, "test": {"accuracy": 55.55555555555556}}, "0.2": {"reduction_in_attributes": 53.84615384615385, "time": 0.0011830329895019531, "reduction": 71.875, "validation": {"accuracy": 63.74999999999999}, "test": {"accuracy": 55.55555555555556}}, "0.3": {"reduction_in_attributes": 53.84615384615385, "time": 0.001194000244140625, "reduction": 73.125, "validation": {"accuracy": 54.37499999999999}, "test": {"accuracy": 50.0}}, "0.4": {"reduction_in_attributes": 53.84615384615385, "time": 0.0011870861053466797, "reduction": 76.875, "validation": {"accuracy": 53.125}, "test": {"accuracy": 50.0}}, "0.5": {"reduction_in_attributes": 53.84615384615385, "time": 0.0011830329895019531, "reduction": 78.125, "validation": {"accuracy": 53.125}, "test": {"accuracy": 50.0}}, "0.6": {"reduction_in_attributes": 53.84615384615385, "time": 0.001210927963256836, "reduction": 81.875, "validation": {"accuracy": 53.125}, "test": {"accuracy": 50.0}}, "0.7": {"reduction_in_attributes": 53.84615384615385, "time": 0.0012538433074951172, "reduction": 83.125, "validation": {"accuracy": 53.75}, "test": {"accuracy": 50.0}}, "0.8": {"reduction_in_attributes": 53.84615384615385, "time": 0.0011959075927734375, "reduction": 87.5, "validation": {"accuracy": 61.25000000000001}, "test": {"accuracy": 55.55555555555556}}, "0.9": {"reduction_in_attributes": 53.84615384615385, "time": 0.0011630058288574219, "reduction": 93.125, "validation": {"accuracy": 66.25}, "test": {"accuracy": 61.111111111111114}}, "1.0": {"reduction_in_attributes": 53.84615384615385, "time": 0.0011739730834960938, "reduction": 98.125, "validation": {"accuracy": 67.5}, "test": {"accuracy": 61.111111111111114}}},