{"3": {"0.0": {"reduction_in_attributes": 88.88888888888889, "time": 0.03441810607910156, "reduction": 0.0, "validation": {"accuracy": 35.54716981132076}, "test": {"accuracy": 35.13513513513514}}, "0.1": {"reduction_in_attributes": 88.88888888888889, "time": 0.03464508056640625, "reduction": 25.358490566037737, "validation": {"accuracy": 35.77358490566038}, "test": {"accuracy": 36.486486486486484}}, "0.2": {"reduction_in_attributes": 88.88888888888889, "time": 0.034256935119628906, "reduction": 17.886792452830193, "validation": {"accuracy": 43.54716981132076}, "test": {"accuracy": 43.24324324324324}}, "0.3": {"reduction_in_attributes": 88.88888888888889, "time": 0.01764678955078125, "reduction": 40.226415094339615, "validation": {"accuracy": 37.81132075471698}, "test": {"accuracy": 39.86486486486486}}, "0.4": {"reduction_in_attributes": 88.88888888888889, "time": 0.030440807342529297, "reduction": 33.20754716981133, "validation": {"accuracy": 44.83018867924528}, "test": {"accuracy": 42.567567567567565}}, "0.5": {"reduction_in_attributes": 88.88888888888889, "time": 0.01762986183166504, "reduction": 40.226415094339615, "validation": {"accuracy": 37.81132075471698}, "test": {"accuracy": 39.86486486486486}}, "0.6": {"reduction_in_attributes": 88.88888888888889, "time": 0.021435022354125977, "reduction": 27.094339622641506, "validation": {"accuracy": 35.24528301886792}, "test": {"accuracy": 34.45945945945946}}, "0.7": {"reduction_in_attributes": 88.88888888888889, "time": 0.028998136520385742, "reduction": 56.0754716981132, "validation": {"accuracy": 39.0188679245283}, "test": {"accuracy": 36.486486486486484}}, "0.8": {"reduction_in_attributes": 88.88888888888889, "time": 0.023339033126831055, "reduction": 27.094339622641506, "validation": {"accuracy": 35.24528301886792}, "test": {"accuracy": 34.45945945945946}}, "0.9": {"reduction_in_attributes": 88.88888888888889, "time": 0.022122859954833984, "reduction": 27.094339622641506, "validation": {"accuracy": 35.24528301886792}, "test": {"accuracy": 34.45945945945946}}, "1.0": {"reduction_in_attributes": 88.88888888888889, "time": 0.028113842010498047, "reduction": 70.9433962264151, "validation": {"accuracy": 35.77358490566038}, "test": {"accuracy": 36.486486486486484}}}, "4": {"0.0": {"reduction_in_attributes": 88.88888888888889, "time": 0.024235010147094727, "reduction": 0.0, "validation": {"accuracy": 35.52036199095023}, "test": {"accuracy": 31.97278911564626}}, "0.1": {"reduction_in_attributes": 88.88888888888889, "time": 0.018047809600830078, "reduction": 39.743589743589745, "validation": {"accuracy": 38.23529411764706}, "test": {"accuracy": 36.054421768707485}}, "0.2": {"reduction_in_attributes": 88.88888888888889, "time": 0.03342890739440918, "reduction": 19.909502262443436, "validation": {"accuracy": 38.989441930618405}, "test": {"accuracy": 27.89115646258503}}, "0.3": {"reduction_in_attributes": 88.88888888888889, "time": 0.021932125091552734, "reduction": 26.696832579185525, "validation": {"accuracy": 35.52036199095023}, "test": {"accuracy": 31.97278911564626}}, "0.4": {"reduction_in_attributes": 88.88888888888889, "time": 0.03288078308105469, "reduction": 30.3921568627451, "validation": {"accuracy": 41.704374057315235}, "test": {"accuracy": 34.01360544217687}}, "0.5": {"reduction_in_attributes": 88.88888888888889, "time": 0.029971837997436523, "reduction": 38.9894419306184, "validation": {"accuracy": 36.199095022624434}, "test": {"accuracy": 32.6530612244898}}, "0.6": {"reduction_in_attributes": 88.88888888888889, "time": 0.029848098754882812, "reduction": 38.9894419306184, "validation": {"accuracy": 36.199095022624434}, "test": {"accuracy": 32.6530612244898}}, "0.7": {"reduction_in_attributes": 88.88888888888889, "time": 0.031394004821777344, "reduction": 48.0392156862745, "validation": {"accuracy": 40.120663650075414}, "test": {"accuracy": 36.734693877551024}}, "0.8": {"reduction_in_attributes": 88.88888888888889, "time": 0.0219268798828125, "reduction": 26.696832579185525, "validation": {"accuracy": 35.52036199095023}, "test": {"accuracy": 31.97278911564626}}, "0.9": {"reduction_in_attributes": 88.88888888888889, "time": 0.030575037002563477, "reduction": 68.02413273001508, "validation": {"accuracy": 43.81598793363499}, "test": {"accuracy": 40.816326530612244}}, "1.0": {"reduction_in_attributes": 88.88888888888889, "time": 0.024745941162109375, "reduction": 55.12820512820513, "validation": {"accuracy": 38.83861236802414}, "test": {"accuracy": 38.095238095238095}}}, "5": {"0.0": {"reduction_in_attributes": 88.88888888888889, "time": 0.021422147750854492, "reduction": 0.0, "validation": {"accuracy": 37.254901960784316}, "test": {"accuracy": 44.89795918367347}}, "0.1": {"reduction_in_attributes": 88.88888888888889, "time": 0.03304409980773926, "reduction": 14.027149321266963, "validation": {"accuracy": 45.399698340874814}, "test": {"accuracy": 43.53741496598639}}, "0.2": {"reduction_in_attributes": 88.88888888888889, "time": 0.03189396858215332, "reduction": 21.644042232277528, "validation": {"accuracy": 45.17345399698341}, "test": {"accuracy": 38.775510204081634}}, "0.3": {"reduction_in_attributes": 88.88888888888889, "time": 0.03199410438537598, "reduction": 25.49019607843137, "validation": {"accuracy": 45.17345399698341}, "test": {"accuracy": 38.775510204081634}}, "0.4": {"reduction_in_attributes": 88.88888888888889, "time": 0.025065183639526367, "reduction": 54.97737556561086, "validation": {"accuracy": 38.91402714932127}, "test": {"accuracy": 37.41496598639456}}, "0.5": {"reduction_in_attributes": 88.88888888888889, "time": 0.0217740535736084, "reduction": 26.470588235294112, "validation": {"accuracy": 35.36953242835596}, "test": {"accuracy": 33.33333333333333}}, "0.6": {"reduction_in_attributes": 88.88888888888889, "time": 0.032648324966430664, "reduction": 40.497737556561084, "validation": {"accuracy": 41.251885369532424}, "test": {"accuracy": 38.095238095238095}}, "0.7": {"reduction_in_attributes": 88.88888888888889, "time": 0.028614044189453125, "reduction": 64.02714932126696, "validation": {"accuracy": 35.97285067873303}, "test": {"accuracy": 34.69387755102041}}, "0.8": {"reduction_in_attributes": 88.88888888888889, "time": 0.0307009220123291, "reduction": 64.1025641025641, "validation": {"accuracy": 35.8974358974359}, "test": {"accuracy": 31.97278911564626}}, "0.9": {"reduction_in_attributes": 88.88888888888889, "time": 0.031118154525756836, "reduction": 60.93514328808447, "validation": {"accuracy": 39.06485671191554}, "test": {"accuracy": 46.25850340136054}}, "1.0": {"reduction_in_attributes": 88.88888888888889, "time": 0.02518773078918457, "reduction": 54.97737556561086, "validation": {"accuracy": 38.91402714932127}, "test": {"accuracy": 37.41496598639456}}}, "6": {"0.0": {"reduction_in_attributes": 88.88888888888889, "time": 0.0355219841003418, "reduction": 0.0, "validation": {"accuracy": 38.38612368024133}, "test": {"accuracy": 40.816326530612244}}, "0.1": {"reduction_in_attributes": 88.88888888888889, "time": 0.03136324882507324, "reduction": 24.73604826546003, "validation": {"accuracy": 35.671191553544496}, "test": {"accuracy": 37.41496598639456}}, "0.2": {"reduction_in_attributes": 88.88888888888889, "time": 0.021650075912475586, "reduction": 27.7526395173454, "validation": {"accuracy": 34.61538461538461}, "test": {"accuracy": 40.136054421768705}}, "0.3": {"reduction_in_attributes": 88.88888888888889, "time": 0.031562089920043945, "reduction": 31.598793363499244, "validation": {"accuracy": 45.47511312217195}, "test": {"accuracy": 42.17687074829932}}, "0.4": {"reduction_in_attributes": 88.88888888888889, "time": 0.031064987182617188, "reduction": 28.205128205128204, "validation": {"accuracy": 35.671191553544496}, "test": {"accuracy": 37.41496598639456}}, "0.5": {"reduction_in_attributes": 88.88888888888889, "time": 0.029896974563598633, "reduction": 39.366515837104075, "validation": {"accuracy": 35.671191553544496}, "test": {"accuracy": 37.41496598639456}},