{"3": {"0.0": {"reduction_in_attributes": 72.72727272727273, "time": 0.0020759105682373047, "reduction": 13.291139240506332, "validation": {"accuracy": 46.835443037974684}, "test": {"accuracy": 62.857142857142854}}, "0.1": {"reduction_in_attributes": 72.72727272727273, "time": 0.002063274383544922, "reduction": 24.68354430379747, "validation": {"accuracy": 46.835443037974684}, "test": {"accuracy": 62.857142857142854}}, "0.2": {"reduction_in_attributes": 72.72727272727273, "time": 0.0034232139587402344, "reduction": 25.632911392405067, "validation": {"accuracy": 46.835443037974684}, "test": {"accuracy": 62.857142857142854}}, "0.3": {"reduction_in_attributes": 72.72727272727273, "time": 0.002132892608642578, "reduction": 26.582278481012654, "validation": {"accuracy": 46.835443037974684}, "test": {"accuracy": 62.857142857142854}}, "0.4": {"reduction_in_attributes": 72.72727272727273, "time": 0.001961231231689453, "reduction": 34.81012658227848, "validation": {"accuracy": 47.46835443037975}, "test": {"accuracy": 62.857142857142854}}, "0.5": {"reduction_in_attributes": 72.72727272727273, "time": 0.002101898193359375, "reduction": 46.20253164556962, "validation": {"accuracy": 69.9367088607595}, "test": {"accuracy": 74.28571428571429}}, "0.6": {"reduction_in_attributes": 72.72727272727273, "time": 0.002026081085205078, "reduction": 53.16455696202531, "validation": {"accuracy": 65.82278481012658}, "test": {"accuracy": 71.42857142857143}}, "0.7": {"reduction_in_attributes": 72.72727272727273, "time": 0.0019180774688720703, "reduction": 56.96202531645569, "validation": {"accuracy": 66.13924050632912}, "test": {"accuracy": 65.71428571428571}}, "0.8": {"reduction_in_attributes": 72.72727272727273, "time": 0.0018429756164550781, "reduction": 58.54430379746836, "validation": {"accuracy": 66.13924050632912}, "test": {"accuracy": 65.71428571428571}}, "0.9": {"reduction_in_attributes": 72.72727272727273, "time": 0.002380847930908203, "reduction": 61.0759493670886, "validation": {"accuracy": 36.075949367088604}, "test": {"accuracy": 34.285714285714285}}, "1.0": {"reduction_in_attributes": 72.72727272727273, "time": 0.0018172264099121094, "reduction": 62.9746835443038, "validation": {"accuracy": 36.075949367088604}, "test": {"accuracy": 34.285714285714285}}}, "4": {"0.0": {"reduction_in_attributes": 69.6969696969697, "time": 0.0027990341186523438, "reduction": 15.189873417721522, "validation": {"accuracy": 68.67088607594937}, "test": {"accuracy": 57.14285714285714}}, "0.1": {"reduction_in_attributes": 69.6969696969697, "time": 0.002093076705932617, "reduction": 25.632911392405067, "validation": {"accuracy": 42.721518987341774}, "test": {"accuracy": 40.0}}, "0.2": {"reduction_in_attributes": 69.6969696969697, "time": 0.0020782947540283203, "reduction": 28.79746835443038, "validation": {"accuracy": 42.405063291139236}, "test": {"accuracy": 40.0}}, "0.3": {"reduction_in_attributes": 69.6969696969697, "time": 0.002062082290649414, "reduction": 31.645569620253166, "validation": {"accuracy": 42.405063291139236}, "test": {"accuracy": 40.0}}, "0.4": {"reduction_in_attributes": 69.6969696969697, "time": 0.0020461082458496094, "reduction": 35.44303797468354, "validation": {"accuracy": 38.291139240506325}, "test": {"accuracy": 45.714285714285715}}, "0.5": {"reduction_in_attributes": 69.6969696969697, "time": 0.001979827880859375, "reduction": 41.45569620253164, "validation": {"accuracy": 38.291139240506325}, "test": {"accuracy": 45.714285714285715}}, "0.6": {"reduction_in_attributes": 69.6969696969697, "time": 0.0020720958709716797, "reduction": 50.31645569620253, "validation": {"accuracy": 37.34177215189873}, "test": {"accuracy": 34.285714285714285}}, "0.7": {"reduction_in_attributes": 69.6969696969697, "time": 0.002045869827270508, "reduction": 55.37974683544304, "validation": {"accuracy": 63.92405063291139}, "test": {"accuracy": 65.71428571428571}}, "0.8": {"reduction_in_attributes": 69.6969696969697, "time": 0.001893758773803711, "reduction": 60.44303797468354, "validation": {"accuracy": 36.075949367088604}, "test": {"accuracy": 34.285714285714285}}, "0.9": {"reduction_in_attributes": 69.6969696969697, "time": 0.001977205276489258, "reduction": 62.0253164556962, "validation": {"accuracy": 36.075949367088604}, "test": {"accuracy": 34.285714285714285}}, "1.0": {"reduction_in_attributes": 69.6969696969697, "time": 0.0018849372863769531, "reduction": 63.607594936708864, "validation": {"accuracy": 36.075949367088604}, "test": {"accuracy": 34.285714285714285}}}, "5": {"0.0": {"reduction_in_attributes": 66.66666666666667, "time": 0.002805948257446289, "reduction": 19.303797468354432, "validation": {"accuracy": 65.50632911392405}, "test": {"accuracy": 51.42857142857142}}, "0.1": {"reduction_in_attributes": 66.66666666666667, "time": 0.003238201141357422, "reduction": 30.379746835443033, "validation": {"accuracy": 62.34177215189873}, "test": {"accuracy": 51.42857142857142}}, "0.2": {"reduction_in_attributes": 66.66666666666667, "time": 0.0021810531616210938, "reduction": 31.9620253164557, "validation": {"accuracy": 62.34177215189873}, "test": {"accuracy": 51.42857142857142}}, "0.3": {"reduction_in_attributes": 66.66666666666667, "time": 0.002131938934326172, "reduction": 37.0253164556962, "validation": {"accuracy": 62.34177215189873}, "test": {"accuracy": 51.42857142857142}}, "0.4": {"reduction_in_attributes": 66.66666666666667, "time": 0.002681732177734375, "reduction": 40.18987341772152, "validation": {"accuracy": 62.9746835443038}, "test": {"accuracy": 51.42857142857142}}, "0.5": {"reduction_in_attributes": 66.66666666666667, "time": 0.0020608901977539062, "reduction": 47.15189873417721, "validation": {"accuracy": 65.82278481012658}, "test": {"accuracy": 68.57142857142857}}, "0.6": {"reduction_in_attributes": 66.66666666666667, "time": 0.0021970272064208984, "reduction": 53.48101265822785, "validation": {"accuracy": 68.67088607594937}, "test": {"accuracy": 71.42857142857143}}, "0.7": {"reduction_in_attributes": 66.66666666666667, "time": 0.002046823501586914, "reduction": 60.75949367088608, "validation": {"accuracy": 36.075949367088604}, "test": {"accuracy": 34.285714285714285}}, "0.8": {"reduction_in_attributes": 66.66666666666667, "time": 0.002454042434692383, "reduction": 62.34177215189873, "validation": {"accuracy": 63.92405063291139}, "test": {"accuracy": 37.142857142857146}}, "0.9": {"reduction_in_attributes": 66.66666666666667, "time": 0.002231121063232422, "reduction": 63.29113924050633, "validation": {"accuracy": 36.075949367088604}, "test": {"accuracy": 34.285714285714285}}, "1.0": {"reduction_in_attributes": 66.66666666666667, "time": 0.0019550323486328125, "reduction": 64.24050632911393, "validation": {"accuracy": 36.075949367088604}, "test": {"accuracy": 34.285714285714285}}}, "6": {"0.0": {"reduction_in_attributes": 69.6969696969697, "time": 0.0020830631256103516, "reduction": 17.405063291139243, "validation": {"accuracy": 75.0}, "test": {"accuracy": 71.42857142857143}}, "0.1": {"reduction_in_attributes": 69.6969696969697, "time": 0.002140045166015625, "reduction": 29.11392405063291, "validation": {"accuracy": 75.0}, "test": {"accuracy": 71.42857142857143}}, "0.2": {"reduction_in_attributes": 69.6969696969697, "time": 0.0022857189178466797, "reduction": 29.430379746835445, "validation": {"accuracy": 75.0}, "test": {"accuracy": 71.42857142857143}}, "0.3": {"reduction_in_attributes": 69.6969696969697, "time": 0.0034842491149902344, "reduction": 32.59493670886076, "validation": {"accuracy": 75.0}, "test": {"accuracy": 71.42857142857143}}, "0.4": {"reduction_in_attributes": 69.6969696969697, "time": 0.0022399425506591797, "reduction": 37.65822784810127, "validation": {"accuracy": 75.0}, "test": {"accuracy": 71.42857142857143}}, "0.5": {"reduction_in_attributes": 69.6969696969697, "time": 0.002254962921142578, "reduction": 39.87341772151899, "validation": {"accuracy": 74.36708860759494}, "test": {"accuracy": 71.42857142857143}},