{"3": {"0.0": {"time": 7.546588897705078, "reduction": 28.608597285067873, "validation": {"accuracy": 91.56108597285068}, "test": {"accuracy": 91.44602851323829}}, "0.1": {"time": 7.111782789230347, "reduction": 29.28733031674208, "validation": {"accuracy": 91.56108597285068}, "test": {"accuracy": 91.44602851323829}}, "0.2": {"time": 7.38896107673645, "reduction": 30.73529411764706, "validation": {"accuracy": 91.56108597285068}, "test": {"accuracy": 91.44602851323829}}, "0.3": {"time": 6.890215158462524, "reduction": 35.893665158371036, "validation": {"accuracy": 91.49321266968326}, "test": {"accuracy": 91.44602851323829}}, "0.4": {"time": 6.520707130432129, "reduction": 46.64027149321267, "validation": {"accuracy": 89.97737556561086}, "test": {"accuracy": 89.30753564154786}}, "0.5": {"time": 6.107702016830444, "reduction": 62.217194570135746, "validation": {"accuracy": 90.9502262443439}, "test": {"accuracy": 90.4276985743381}}, "0.6": {"time": 5.830291032791138, "reduction": 78.99321266968326, "validation": {"accuracy": 24.852941176470587}, "test": {"accuracy": 24.54175152749491}}, "0.7": {"time": 5.751928091049194, "reduction": 88.83484162895927, "validation": {"accuracy": 17.104072398190045}, "test": {"accuracy": 14.969450101832994}}, "0.8": {"time": 5.736768007278442, "reduction": 92.05882352941177, "validation": {"accuracy": 15.05656108597285}, "test": {"accuracy": 12.118126272912424}}, "0.9": {"time": 5.708055257797241, "reduction": 93.12217194570135, "validation": {"accuracy": 14.98868778280543}, "test": {"accuracy": 12.016293279022404}}, "1.0": {"time": 5.767108917236328, "reduction": 99.97737556561086, "validation": {"accuracy": 12.194570135746606}, "test": {"accuracy": 6.924643584521386}}}, "4": {"0.0": {"time": 7.265492916107178, "reduction": 24.558823529411768, "validation": {"accuracy": 91.69683257918551}, "test": {"accuracy": 91.95519348268839}}, "0.1": {"time": 7.2648468017578125, "reduction": 25.237556561085974, "validation": {"accuracy": 91.69683257918551}, "test": {"accuracy": 91.95519348268839}}, "0.2": {"time": 7.118330955505371, "reduction": 28.13348416289593, "validation": {"accuracy": 91.68552036199095}, "test": {"accuracy": 91.95519348268839}}, "0.3": {"time": 6.7289488315582275, "reduction": 38.80090497737556, "validation": {"accuracy": 91.59502262443439}, "test": {"accuracy": 91.85336048879837}}, "0.4": {"time": 6.177441120147705, "reduction": 58.00904977375565, "validation": {"accuracy": 27.669683257918553}, "test": {"accuracy": 32.68839103869654}}, "0.5": {"time": 5.838741064071655, "reduction": 77.36425339366517, "validation": {"accuracy": 17.918552036199095}, "test": {"accuracy": 23.116089613034625}}, "0.6": {"time": 5.7420032024383545, "reduction": 88.20135746606334, "validation": {"accuracy": 15.158371040723981}, "test": {"accuracy": 19.653767820773933}}, "0.7": {"time": 5.73105788230896, "reduction": 91.64027149321267, "validation": {"accuracy": 14.841628959276019}, "test": {"accuracy": 19.24643584521385}}, "0.8": {"time": 5.7051520347595215, "reduction": 93.03167420814479, "validation": {"accuracy": 14.841628959276019}, "test": {"accuracy": 19.24643584521385}}, "0.9": {"time": 5.713892698287964, "reduction": 93.82352941176471, "validation": {"accuracy": 14.841628959276019}, "test": {"accuracy": 19.24643584521385}}, "1.0": {"time": 5.727963209152222, "reduction": 93.97058823529412, "validation": {"accuracy": 14.841628959276019}, "test": {"accuracy": 19.24643584521385}}}, "5": {"0.0": {"time": 7.280289888381958, "reduction": 22.81674208144796, "validation": {"accuracy": 91.30090497737557}, "test": {"accuracy": 89.81670061099797}}, "0.1": {"time": 7.3390960693359375, "reduction": 23.156108597285062, "validation": {"accuracy": 91.30090497737557}, "test": {"accuracy": 89.81670061099797}}, "0.2": {"time": 7.266651153564453, "reduction": 23.73303167420815, "validation": {"accuracy": 91.30090497737557}, "test": {"accuracy": 89.81670061099797}}, "0.3": {"time": 7.193703889846802, "reduction": 27.511312217194572, "validation": {"accuracy": 48.042986425339365}, "test": {"accuracy": 45.41751527494908}}, "0.4": {"time": 6.683393716812134, "reduction": 39.78506787330317, "validation": {"accuracy": 31.90045248868778}, "test": {"accuracy": 29.22606924643584}}, "0.5": {"time": 6.115884780883789, "reduction": 61.4027149321267, "validation": {"accuracy": 22.714932126696834}, "test": {"accuracy": 19.24643584521385}}, "0.6": {"time": 5.799767017364502, "reduction": 81.93438914027149, "validation": {"accuracy": 16.855203619909503}, "test": {"accuracy": 12.219959266802444}}, "0.7": {"time": 5.735658645629883, "reduction": 91.7420814479638, "validation": {"accuracy": 15.248868778280544}, "test": {"accuracy": 10.183299389002038}}, "0.8": {"time": 5.72278904914856, "reduction": 93.74434389140272, "validation": {"accuracy": 15.04524886877828}, "test": {"accuracy": 9.979633401221996}}, "0.9": {"time": 5.710017204284668, "reduction": 93.98190045248869, "validation": {"accuracy": 15.04524886877828}, "test": {"accuracy": 9.979633401221996}}, "1.0": {"time": 5.7171008586883545, "reduction": 94.0158371040724, "validation": {"accuracy": 15.04524886877828}, "test": {"accuracy": 9.979633401221996}}}, "6": {"0.0": {"time": 7.199608087539673, "reduction": 29.004524886877824, "validation": {"accuracy": 93.29185520361992}, "test": {"accuracy": 93.9918533604888}}, "0.1": {"time": 7.2008137702941895, "reduction": 29.63800904977375, "validation": {"accuracy": 93.29185520361992}, "test": {"accuracy": 93.9918533604888}}, "0.2": {"time": 7.115103006362915, "reduction": 30.56561085972851, "validation": {"accuracy": 93.29185520361992}, "test": {"accuracy": 93.9918533604888}}, "0.3": {"time": 6.979318141937256, "reduction": 34.51357466063348, "validation": {"accuracy": 93.29185520361992}, "test": {"accuracy": 93.9918533604888}}, "0.4": {"time": 6.640977144241333, "reduction": 44.21945701357466, "validation": {"accuracy": 93.28054298642535}, "test": {"accuracy": 94.09368635437882}}, "0.5": {"time": 6.196969032287598, "reduction": 59.21945701357466, "validation": {"accuracy": 92.59049773755656}, "test": {"accuracy": 93.38085539714868}}, "0.6": {"time": 5.9024879932403564, "reduction": 75.10180995475113, "validation": {"accuracy": 42.44343891402715}, "test": {"accuracy": 37.983706720977594}}, "0.7": {"time": 5.792979955673218, "reduction": 85.97285067873304, "validation": {"accuracy": 25.02262443438914}, "test": {"accuracy": 17.718940936863543}}, "0.8": {"time": 5.785183906555176, "reduction": 89.68325791855204, "validation": {"accuracy": 18.065610859728505}, "test": {"accuracy": 8.655804480651732}}, "0.9": {"time": 5.736548900604248, "reduction": 90.71266968325791, "validation": {"accuracy": 17.873303167420815}, "test": {"accuracy": 8.45213849287169}}, "1.0": {"time": 5.731642723083496, "reduction": 90.96153846153847, "validation": {"accuracy": 17.861990950226243}, "test": {"accuracy": 8.45213849287169}}}, "7": {"0.0": {"time": 7.20704197883606, "reduction": 25.622171945701353, "validation": {"accuracy": 92.2737556561086}, "test": {"accuracy": 92.15885947046843}}, "0.1": {"time": 7.162085771560669, "reduction": 26.00678733031674, "validation": {"accuracy": 92.2737556561086}, "test": {"accuracy": 92.15885947046843}}, "0.2": {"time": 7.108987092971802, "reduction": 27.986425339366516, "validation": {"accuracy": 92.23981900452489}, "test": {"accuracy": 92.15885947046843}}, "0.3": {"time": 6.899814128875732, "reduction": 35.57692307692307, "validation": {"accuracy": 91.83257918552036}, "test": {"accuracy": 91.54786150712832}}, "0.4": {"time": 6.361862897872925, "reduction": 52.29638009049773, "validation": {"accuracy": 89.7737556561086}, "test": {"accuracy": 89.10386965376782}}, "0.5": {"time": 6.027001142501831, "reduction": 71.0180995475113, "validation": {"accuracy": 23.257918552036198}, "test": {"accuracy": 21.079429735234214}}, "0.6": {"time": 5.888427972793579, "reduction": 85.13574660633483, "validation": {"accuracy": 17.217194570135746},