{"3": {"0.0": {"reduction_in_attributes": 75.0, "time": 0.0010271072387695312, "reduction": 0.0, "validation": {"accuracy": 31.25}, "test": {"accuracy": 31.25}}, "0.1": {"reduction_in_attributes": 75.0, "time": 0.0008280277252197266, "reduction": 38.19444444444444, "validation": {"accuracy": 31.25}, "test": {"accuracy": 31.25}}, "0.2": {"reduction_in_attributes": 75.0, "time": 0.0009851455688476562, "reduction": 54.16666666666667, "validation": {"accuracy": 54.166666666666664}, "test": {"accuracy": 37.5}}, "0.3": {"reduction_in_attributes": 75.0, "time": 0.0009016990661621094, "reduction": 38.19444444444444, "validation": {"accuracy": 31.25}, "test": {"accuracy": 31.25}}, "0.4": {"reduction_in_attributes": 75.0, "time": 0.0008668899536132812, "reduction": 49.30555555555556, "validation": {"accuracy": 31.25}, "test": {"accuracy": 31.25}}, "0.5": {"reduction_in_attributes": 75.0, "time": 0.0007460117340087891, "reduction": 47.22222222222222, "validation": {"accuracy": 59.72222222222222}, "test": {"accuracy": 68.75}}, "0.6": {"reduction_in_attributes": 75.0, "time": 0.0008320808410644531, "reduction": 49.30555555555556, "validation": {"accuracy": 31.25}, "test": {"accuracy": 31.25}}, "0.7": {"reduction_in_attributes": 75.0, "time": 0.0008840560913085938, "reduction": 55.55555555555556, "validation": {"accuracy": 54.861111111111114}, "test": {"accuracy": 50.0}}, "0.8": {"reduction_in_attributes": 75.0, "time": 0.0007739067077636719, "reduction": 55.55555555555556, "validation": {"accuracy": 54.861111111111114}, "test": {"accuracy": 50.0}}, "0.9": {"reduction_in_attributes": 75.0, "time": 0.0009310245513916016, "reduction": 56.25, "validation": {"accuracy": 54.166666666666664}, "test": {"accuracy": 37.5}}, "1.0": {"reduction_in_attributes": 75.0, "time": 0.0008215904235839844, "reduction": 56.25, "validation": {"accuracy": 54.166666666666664}, "test": {"accuracy": 37.5}}}, "4": {"0.0": {"reduction_in_attributes": 75.0, "time": 0.0011680126190185547, "reduction": 0.0, "validation": {"accuracy": 36.80555555555556}, "test": {"accuracy": 31.25}}, "0.1": {"reduction_in_attributes": 75.0, "time": 0.0012900829315185547, "reduction": 27.77777777777778, "validation": {"accuracy": 36.80555555555556}, "test": {"accuracy": 31.25}}, "0.2": {"reduction_in_attributes": 75.0, "time": 0.0009598731994628906, "reduction": 46.52777777777778, "validation": {"accuracy": 54.166666666666664}, "test": {"accuracy": 56.25}}, "0.3": {"reduction_in_attributes": 75.0, "time": 0.0009760856628417969, "reduction": 38.19444444444444, "validation": {"accuracy": 36.80555555555556}, "test": {"accuracy": 31.25}}, "0.4": {"reduction_in_attributes": 75.0, "time": 0.0007402896881103516, "reduction": 38.19444444444444, "validation": {"accuracy": 36.80555555555556}, "test": {"accuracy": 31.25}}, "0.5": {"reduction_in_attributes": 75.0, "time": 0.0008327960968017578, "reduction": 55.55555555555556, "validation": {"accuracy": 54.166666666666664}, "test": {"accuracy": 56.25}}, "0.6": {"reduction_in_attributes": 75.0, "time": 0.0007648468017578125, "reduction": 55.55555555555556, "validation": {"accuracy": 54.166666666666664}, "test": {"accuracy": 62.5}}, "0.7": {"reduction_in_attributes": 75.0, "time": 0.001110076904296875, "reduction": 55.55555555555556, "validation": {"accuracy": 54.166666666666664}, "test": {"accuracy": 62.5}}, "0.8": {"reduction_in_attributes": 75.0, "time": 0.0007469654083251953, "reduction": 56.25, "validation": {"accuracy": 53.47222222222222}, "test": {"accuracy": 56.25}}, "0.9": {"reduction_in_attributes": 75.0, "time": 0.0007488727569580078, "reduction": 55.55555555555556, "validation": {"accuracy": 54.166666666666664}, "test": {"accuracy": 56.25}}, "1.0": {"reduction_in_attributes": 75.0, "time": 0.001010894775390625, "reduction": 56.25, "validation": {"accuracy": 53.47222222222222}, "test": {"accuracy": 56.25}}}, "5": {"0.0": {"reduction_in_attributes": 75.0, "time": 0.0010759830474853516, "reduction": 0.0, "validation": {"accuracy": 32.63888888888889}, "test": {"accuracy": 18.75}}, "0.1": {"reduction_in_attributes": 75.0, "time": 0.0010590553283691406, "reduction": 40.27777777777778, "validation": {"accuracy": 52.77777777777778}, "test": {"accuracy": 62.5}}, "0.2": {"reduction_in_attributes": 75.0, "time": 0.0010478496551513672, "reduction": 36.80555555555556, "validation": {"accuracy": 32.63888888888889}, "test": {"accuracy": 18.75}}, "0.3": {"reduction_in_attributes": 75.0, "time": 0.0010509490966796875, "reduction": 54.16666666666667, "validation": {"accuracy": 52.77777777777778}, "test": {"accuracy": 62.5}}, "0.4": {"reduction_in_attributes": 75.0, "time": 0.0011067390441894531, "reduction": 47.916666666666664, "validation": {"accuracy": 32.63888888888889}, "test": {"accuracy": 18.75}}, "0.5": {"reduction_in_attributes": 75.0, "time": 0.0012140274047851562, "reduction": 53.47222222222222, "validation": {"accuracy": 56.94444444444444}, "test": {"accuracy": 31.25}}, "0.6": {"reduction_in_attributes": 75.0, "time": 0.0008409023284912109, "reduction": 47.22222222222222, "validation": {"accuracy": 61.111111111111114}, "test": {"accuracy": 43.75}}, "0.7": {"reduction_in_attributes": 75.0, "time": 0.0009658336639404297, "reduction": 47.916666666666664, "validation": {"accuracy": 32.63888888888889}, "test": {"accuracy": 18.75}}, "0.8": {"reduction_in_attributes": 75.0, "time": 0.0007560253143310547, "reduction": 53.47222222222222, "validation": {"accuracy": 56.94444444444444}, "test": {"accuracy": 31.25}}, "0.9": {"reduction_in_attributes": 75.0, "time": 0.0010221004486083984, "reduction": 56.94444444444444, "validation": {"accuracy": 52.77777777777778}, "test": {"accuracy": 62.5}}, "1.0": {"reduction_in_attributes": 75.0, "time": 0.0007920265197753906, "reduction": 53.47222222222222, "validation": {"accuracy": 56.94444444444444}, "test": {"accuracy": 31.25}}}, "6": {"0.0": {"reduction_in_attributes": 75.0, "time": 0.0008819103240966797, "reduction": 0.0, "validation": {"accuracy": 30.555555555555557}, "test": {"accuracy": 37.5}}, "0.1": {"reduction_in_attributes": 75.0, "time": 0.0009629726409912109, "reduction": 30.555555555555557, "validation": {"accuracy": 52.77777777777778}, "test": {"accuracy": 75.0}}, "0.2": {"reduction_in_attributes": 75.0, "time": 0.0008146762847900391, "reduction": 27.083333333333336, "validation": {"accuracy": 30.555555555555557}, "test": {"accuracy": 37.5}}, "0.3": {"reduction_in_attributes": 75.0, "time": 0.0009307861328125, "reduction": 27.083333333333336, "validation": {"accuracy": 30.555555555555557}, "test": {"accuracy": 37.5}}, "0.4": {"reduction_in_attributes": 75.0, "time": 0.0009188652038574219, "reduction": 52.08333333333333, "validation": {"accuracy": 55.55555555555556}, "test": {"accuracy": 37.5}}, "0.5": {"reduction_in_attributes": 75.0, "time": 0.001432180404663086, "reduction": 27.083333333333336, "validation": {"accuracy": 30.555555555555557}, "test": {"accuracy": 37.5}}, "0.6": {"reduction_in_attributes": 75.0, "time": 0.001405954360961914, "reduction": 27.083333333333336, "validation": {"accuracy": 30.555555555555557}, "test": {"accuracy": 37.5}}, "0.7": {"reduction_in_attributes": 75.0, "time": 0.0009930133819580078, "reduction": 56.94444444444444, "validation": {"accuracy": 52.77777777777778}, "test": {"accuracy": 75.0}}, "0.8": {"reduction_in_attributes": 75.0, "time": 0.0008318424224853516, "reduction": 54.861111111111114, "validation": {"accuracy": 55.55555555555556}, "test": {"accuracy": 37.5}}, "0.9": {"reduction_in_attributes": 75.0, "time": 0.0007469654083251953, "reduction": 54.861111111111114, "validation": {"accuracy": 55.55555555555556}, "test": {"accuracy": 37.5}}, "1.0": {"reduction_in_attributes": 75.0, "time": 0.0008337497711181641, "reduction": 55.55555555555556, "validation": {"accuracy": 54.861111111111114}, "test": {"accuracy": 50.0}}}, "7": {"0.0": {"reduction_in_attributes": 75.0, "time": 0.0008211135864257812, "reduction": 6.944444444444442, "validation": {"accuracy": 59.02777777777778},