{"3": {"0.0": {"reduction_in_attributes": 46.15384615384615, "time": 0.00179290771484375, "reduction": 36.62551440329218, "validation": {"accuracy": 50.20576131687243}, "test": {"accuracy": 44.44444444444444}}, "0.1": {"reduction_in_attributes": 46.15384615384615, "time": 0.0018041133880615234, "reduction": 38.68312757201646, "validation": {"accuracy": 50.20576131687243}, "test": {"accuracy": 48.148148148148145}}, "0.2": {"reduction_in_attributes": 46.15384615384615, "time": 0.0017268657684326172, "reduction": 43.62139917695473, "validation": {"accuracy": 50.20576131687243}, "test": {"accuracy": 48.148148148148145}}, "0.3": {"reduction_in_attributes": 46.15384615384615, "time": 0.0017502307891845703, "reduction": 48.14814814814815, "validation": {"accuracy": 50.20576131687243}, "test": {"accuracy": 48.148148148148145}}, "0.4": {"reduction_in_attributes": 46.15384615384615, "time": 0.001728057861328125, "reduction": 52.2633744855967, "validation": {"accuracy": 50.20576131687243}, "test": {"accuracy": 48.148148148148145}}, "0.5": {"reduction_in_attributes": 46.15384615384615, "time": 0.001692056655883789, "reduction": 60.08230452674896, "validation": {"accuracy": 51.440329218106996}, "test": {"accuracy": 51.85185185185185}}, "0.6": {"reduction_in_attributes": 46.15384615384615, "time": 0.0016560554504394531, "reduction": 65.02057613168724, "validation": {"accuracy": 51.028806584362144}, "test": {"accuracy": 51.85185185185185}}, "0.7": {"reduction_in_attributes": 46.15384615384615, "time": 0.0016388893127441406, "reduction": 73.25102880658436, "validation": {"accuracy": 53.49794238683128}, "test": {"accuracy": 55.55555555555556}}, "0.8": {"reduction_in_attributes": 46.15384615384615, "time": 0.0016329288482666016, "reduction": 84.36213991769547, "validation": {"accuracy": 55.96707818930041}, "test": {"accuracy": 62.96296296296296}}, "0.9": {"reduction_in_attributes": 46.15384615384615, "time": 0.0016438961029052734, "reduction": 94.65020576131687, "validation": {"accuracy": 54.32098765432099}, "test": {"accuracy": 51.85185185185185}}, "1.0": {"reduction_in_attributes": 46.15384615384615, "time": 0.0016021728515625, "reduction": 99.1769547325103, "validation": {"accuracy": 60.90534979423868}, "test": {"accuracy": 59.25925925925925}}}, "4": {"0.0": {"reduction_in_attributes": 53.84615384615385, "time": 0.0017058849334716797, "reduction": 35.802469135802475, "validation": {"accuracy": 54.73251028806584}, "test": {"accuracy": 70.37037037037037}}, "0.1": {"reduction_in_attributes": 53.84615384615385, "time": 0.001714944839477539, "reduction": 38.27160493827161, "validation": {"accuracy": 55.144032921810705}, "test": {"accuracy": 70.37037037037037}}, "0.2": {"reduction_in_attributes": 53.84615384615385, "time": 0.0017206668853759766, "reduction": 44.03292181069959, "validation": {"accuracy": 55.96707818930041}, "test": {"accuracy": 70.37037037037037}}, "0.3": {"reduction_in_attributes": 53.84615384615385, "time": 0.0016720294952392578, "reduction": 49.79423868312757, "validation": {"accuracy": 55.96707818930041}, "test": {"accuracy": 70.37037037037037}}, "0.4": {"reduction_in_attributes": 53.84615384615385, "time": 0.0016551017761230469, "reduction": 53.49794238683128, "validation": {"accuracy": 55.144032921810705}, "test": {"accuracy": 70.37037037037037}}, "0.5": {"reduction_in_attributes": 53.84615384615385, "time": 0.0016307830810546875, "reduction": 59.25925925925925, "validation": {"accuracy": 54.32098765432099}, "test": {"accuracy": 70.37037037037037}}, "0.6": {"reduction_in_attributes": 53.84615384615385, "time": 0.0016298294067382812, "reduction": 66.2551440329218, "validation": {"accuracy": 54.32098765432099}, "test": {"accuracy": 66.66666666666666}}, "0.7": {"reduction_in_attributes": 53.84615384615385, "time": 0.0016388893127441406, "reduction": 72.42798353909465, "validation": {"accuracy": 53.49794238683128}, "test": {"accuracy": 70.37037037037037}}, "0.8": {"reduction_in_attributes": 53.84615384615385, "time": 0.0017049312591552734, "reduction": 83.53909465020575, "validation": {"accuracy": 53.49794238683128}, "test": {"accuracy": 77.77777777777779}}, "0.9": {"reduction_in_attributes": 53.84615384615385, "time": 0.0015900135040283203, "reduction": 92.5925925925926, "validation": {"accuracy": 62.139917695473244}, "test": {"accuracy": 70.37037037037037}}, "1.0": {"reduction_in_attributes": 53.84615384615385, "time": 0.0015769004821777344, "reduction": 99.1769547325103, "validation": {"accuracy": 62.139917695473244}, "test": {"accuracy": 70.37037037037037}}}, "5": {"0.0": {"reduction_in_attributes": 53.84615384615385, "time": 0.001756906509399414, "reduction": 34.15637860082305, "validation": {"accuracy": 54.73251028806584}, "test": {"accuracy": 59.25925925925925}}, "0.1": {"reduction_in_attributes": 53.84615384615385, "time": 0.0017359256744384766, "reduction": 39.09465020576132, "validation": {"accuracy": 54.73251028806584}, "test": {"accuracy": 59.25925925925925}}, "0.2": {"reduction_in_attributes": 53.84615384615385, "time": 0.0017137527465820312, "reduction": 44.855967078189295, "validation": {"accuracy": 53.49794238683128}, "test": {"accuracy": 59.25925925925925}}, "0.3": {"reduction_in_attributes": 53.84615384615385, "time": 0.0016961097717285156, "reduction": 48.14814814814815, "validation": {"accuracy": 53.49794238683128}, "test": {"accuracy": 59.25925925925925}}, "0.4": {"reduction_in_attributes": 53.84615384615385, "time": 0.0016891956329345703, "reduction": 51.440329218106996, "validation": {"accuracy": 53.49794238683128}, "test": {"accuracy": 59.25925925925925}}, "0.5": {"reduction_in_attributes": 53.84615384615385, "time": 0.001672983169555664, "reduction": 59.25925925925925, "validation": {"accuracy": 55.144032921810705}, "test": {"accuracy": 55.55555555555556}}, "0.6": {"reduction_in_attributes": 53.84615384615385, "time": 0.0016338825225830078, "reduction": 65.4320987654321, "validation": {"accuracy": 53.90946502057613}, "test": {"accuracy": 51.85185185185185}}, "0.7": {"reduction_in_attributes": 53.84615384615385, "time": 0.0016469955444335938, "reduction": 69.1358024691358, "validation": {"accuracy": 56.79012345679012}, "test": {"accuracy": 55.55555555555556}}, "0.8": {"reduction_in_attributes": 53.84615384615385, "time": 0.0015878677368164062, "reduction": 78.18930041152264, "validation": {"accuracy": 60.08230452674898}, "test": {"accuracy": 62.96296296296296}}, "0.9": {"reduction_in_attributes": 53.84615384615385, "time": 0.0015740394592285156, "reduction": 90.12345679012346, "validation": {"accuracy": 55.96707818930041}, "test": {"accuracy": 55.55555555555556}}, "1.0": {"reduction_in_attributes": 53.84615384615385, "time": 0.0015311241149902344, "reduction": 99.1769547325103, "validation": {"accuracy": 60.08230452674898}, "test": {"accuracy": 59.25925925925925}}}, "6": {"0.0": {"reduction_in_attributes": 53.84615384615385, "time": 0.001737356185913086, "reduction": 35.802469135802475, "validation": {"accuracy": 49.382716049382715}, "test": {"accuracy": 48.148148148148145}}, "0.1": {"reduction_in_attributes": 53.84615384615385, "time": 0.001728057861328125, "reduction": 40.74074074074075, "validation": {"accuracy": 49.794238683127574}, "test": {"accuracy": 48.148148148148145}}, "0.2": {"reduction_in_attributes": 53.84615384615385, "time": 0.0017621517181396484, "reduction": 46.913580246913575, "validation": {"accuracy": 52.674897119341566}, "test": {"accuracy": 55.55555555555556}}, "0.3": {"reduction_in_attributes": 53.84615384615385, "time": 0.001676797866821289, "reduction": 49.382716049382715, "validation": {"accuracy": 52.674897119341566}, "test": {"accuracy": 55.55555555555556}}, "0.4": {"reduction_in_attributes": 53.84615384615385, "time": 0.0018770694732666016, "reduction": 55.55555555555556, "validation": {"accuracy": 56.37860082304527}, "test": {"accuracy": 66.66666666666666}}, "0.5": {"reduction_in_attributes": 53.84615384615385, "time": 0.0016641616821289062, "reduction": 61.728395061728406,