{"3": {"0.0": {"reduction_in_attributes": 92.3076923076923, "time": 0.012096881866455078, "reduction": 0.0, "validation": {"accuracy": 9.31537598204265}, "test": {"accuracy": 7.07070707070707}}, "0.1": {"reduction_in_attributes": 92.3076923076923, "time": 0.01452779769897461, "reduction": 17.059483726150393, "validation": {"accuracy": 86.41975308641975}, "test": {"accuracy": 25.252525252525253}}, "0.2": {"reduction_in_attributes": 92.3076923076923, "time": 0.013431072235107422, "reduction": 22.895622895622893, "validation": {"accuracy": 9.876543209876543}, "test": {"accuracy": 2.0202020202020203}}, "0.3": {"reduction_in_attributes": 92.3076923076923, "time": 0.013192892074584961, "reduction": 31.762065095398427, "validation": {"accuracy": 9.876543209876543}, "test": {"accuracy": 2.0202020202020203}}, "0.4": {"reduction_in_attributes": 92.3076923076923, "time": 0.01305389404296875, "reduction": 39.73063973063973, "validation": {"accuracy": 9.876543209876543}, "test": {"accuracy": 2.0202020202020203}}, "0.5": {"reduction_in_attributes": 92.3076923076923, "time": 0.02029585838317871, "reduction": 45.34231200897868, "validation": {"accuracy": 9.876543209876543}, "test": {"accuracy": 2.0202020202020203}}, "0.6": {"reduction_in_attributes": 92.3076923076923, "time": 0.013370990753173828, "reduction": 41.63860830527497, "validation": {"accuracy": 55.892255892255896}, "test": {"accuracy": 8.080808080808081}}, "0.7": {"reduction_in_attributes": 92.3076923076923, "time": 0.013357162475585938, "reduction": 49.046015712682376, "validation": {"accuracy": 64.19753086419753}, "test": {"accuracy": 16.161616161616163}}, "0.8": {"reduction_in_attributes": 92.3076923076923, "time": 0.012959957122802734, "reduction": 64.53423120089788, "validation": {"accuracy": 37.2615039281706}, "test": {"accuracy": 24.242424242424242}}, "0.9": {"reduction_in_attributes": 92.3076923076923, "time": 0.012739181518554688, "reduction": 78.56341189674522, "validation": {"accuracy": 26.71156004489338}, "test": {"accuracy": 11.11111111111111}}, "1.0": {"reduction_in_attributes": 92.3076923076923, "time": 0.012434959411621094, "reduction": 92.5925925925926, "validation": {"accuracy": 9.988776655443322}, "test": {"accuracy": 1.0101010101010102}}}, "4": {"0.0": {"reduction_in_attributes": 92.3076923076923, "time": 0.014374971389770508, "reduction": 0.0, "validation": {"accuracy": 9.764309764309765}, "test": {"accuracy": 3.0303030303030303}}, "0.1": {"reduction_in_attributes": 92.3076923076923, "time": 0.014519214630126953, "reduction": 16.610549943883278, "validation": {"accuracy": 77.21661054994388}, "test": {"accuracy": 15.151515151515152}}, "0.2": {"reduction_in_attributes": 92.3076923076923, "time": 0.010110855102539062, "reduction": 49.158249158249156, "validation": {"accuracy": 9.31537598204265}, "test": {"accuracy": 7.07070707070707}}, "0.3": {"reduction_in_attributes": 92.3076923076923, "time": 0.013367176055908203, "reduction": 25.476992143658805, "validation": {"accuracy": 9.764309764309765}, "test": {"accuracy": 3.0303030303030303}}, "0.4": {"reduction_in_attributes": 92.3076923076923, "time": 0.01387333869934082, "reduction": 31.200897867564535, "validation": {"accuracy": 81.25701459034792}, "test": {"accuracy": 23.232323232323232}}, "0.5": {"reduction_in_attributes": 92.3076923076923, "time": 0.01009988784790039, "reduction": 49.158249158249156, "validation": {"accuracy": 9.31537598204265}, "test": {"accuracy": 7.07070707070707}}, "0.6": {"reduction_in_attributes": 92.3076923076923, "time": 0.01008915901184082, "reduction": 48.9337822671156, "validation": {"accuracy": 9.20314253647587}, "test": {"accuracy": 8.080808080808081}}, "0.7": {"reduction_in_attributes": 92.3076923076923, "time": 0.013310909271240234, "reduction": 49.83164983164983, "validation": {"accuracy": 50.505050505050505}, "test": {"accuracy": 15.151515151515152}}, "0.8": {"reduction_in_attributes": 92.3076923076923, "time": 0.013149023056030273, "reduction": 57.80022446689112, "validation": {"accuracy": 50.953984287317624}, "test": {"accuracy": 35.35353535353536}}, "0.9": {"reduction_in_attributes": 92.3076923076923, "time": 0.012585878372192383, "reduction": 66.10549943883277, "validation": {"accuracy": 37.2615039281706}, "test": {"accuracy": 19.19191919191919}}, "1.0": {"reduction_in_attributes": 92.3076923076923, "time": 0.012318134307861328, "reduction": 92.5925925925926, "validation": {"accuracy": 9.876543209876543}, "test": {"accuracy": 2.0202020202020203}}}, "5": {"0.0": {"reduction_in_attributes": 92.3076923076923, "time": 0.014614105224609375, "reduction": 12.682379349046013, "validation": {"accuracy": 91.02132435465768}, "test": {"accuracy": 27.27272727272727}}, "0.1": {"reduction_in_attributes": 92.3076923076923, "time": 0.01001429557800293, "reduction": 48.484848484848484, "validation": {"accuracy": 9.31537598204265}, "test": {"accuracy": 7.07070707070707}}, "0.2": {"reduction_in_attributes": 92.3076923076923, "time": 0.009962081909179688, "reduction": 48.484848484848484, "validation": {"accuracy": 9.31537598204265}, "test": {"accuracy": 7.07070707070707}}, "0.3": {"reduction_in_attributes": 92.3076923076923, "time": 0.014042854309082031, "reduction": 25.92592592592593, "validation": {"accuracy": 84.84848484848484}, "test": {"accuracy": 22.22222222222222}}, "0.4": {"reduction_in_attributes": 92.3076923076923, "time": 0.013947010040283203, "reduction": 29.629629629629626, "validation": {"accuracy": 81.9304152637486}, "test": {"accuracy": 23.232323232323232}}, "0.5": {"reduction_in_attributes": 92.3076923076923, "time": 0.013175010681152344, "reduction": 55.331088664422, "validation": {"accuracy": 45.90347923681257}, "test": {"accuracy": 6.0606060606060606}}, "0.6": {"reduction_in_attributes": 92.3076923076923, "time": 0.012810945510864258, "reduction": 62.96296296296296, "validation": {"accuracy": 39.50617283950617}, "test": {"accuracy": 6.0606060606060606}}, "0.7": {"reduction_in_attributes": 92.3076923076923, "time": 0.010056018829345703, "reduction": 48.484848484848484, "validation": {"accuracy": 9.31537598204265}, "test": {"accuracy": 7.07070707070707}}, "0.8": {"reduction_in_attributes": 92.3076923076923, "time": 0.012569904327392578, "reduction": 65.31986531986533, "validation": {"accuracy": 38.72053872053872}, "test": {"accuracy": 15.151515151515152}}, "0.9": {"reduction_in_attributes": 92.3076923076923, "time": 0.012881994247436523, "reduction": 74.74747474747474, "validation": {"accuracy": 32.659932659932664}, "test": {"accuracy": 16.161616161616163}}, "1.0": {"reduction_in_attributes": 92.3076923076923, "time": 0.012643814086914062, "reduction": 98.76543209876543, "validation": {"accuracy": 12.008978675645341}, "test": {"accuracy": 13.131313131313133}}}, "6": {"0.0": {"reduction_in_attributes": 92.3076923076923, "time": 0.011945009231567383, "reduction": 0.0, "validation": {"accuracy": 9.427609427609427}, "test": {"accuracy": 6.0606060606060606}}, "0.1": {"reduction_in_attributes": 92.3076923076923, "time": 0.014616012573242188, "reduction": 17.620650953984285, "validation": {"accuracy": 86.86868686868688}, "test": {"accuracy": 20.2020202020202}}, "0.2": {"reduction_in_attributes": 92.3076923076923, "time": 0.010225296020507812, "reduction": 46.801346801346796, "validation": {"accuracy": 9.539842873176205}, "test": {"accuracy": 5.05050505050505}}, "0.3": {"reduction_in_attributes": 92.3076923076923, "time": 0.014061927795410156, "reduction": 23.905723905723907, "validation": {"accuracy": 65.993265993266}, "test": {"accuracy": 9.090909090909092}}, "0.4": {"reduction_in_attributes": 92.3076923076923, "time": 0.013620138168334961, "reduction": 36.47586980920315, "validation": {"accuracy": 62.62626262626263}, "test": {"accuracy": 17.17171717171717}}, "0.5": {"reduction_in_attributes": 92.3076923076923, "time": 0.01345372200012207, "reduction": 36.92480359147026, "validation": {"accuracy": 60.94276094276094}, "test": {"accuracy": 15.151515151515152}},