{"3": {"0.0": {"reduction_in_attributes": 14.28571428571429, "time": 0.0007109642028808594, "reduction": 82.10526315789474, "validation": {"accuracy": 78.94736842105263}, "test": {"accuracy": 90.9090909090909}}, "0.1": {"reduction_in_attributes": 14.28571428571429, "time": 0.0006148815155029297, "reduction": 83.15789473684211, "validation": {"accuracy": 78.94736842105263}, "test": {"accuracy": 90.9090909090909}}, "0.2": {"reduction_in_attributes": 14.28571428571429, "time": 0.0006220340728759766, "reduction": 84.21052631578947, "validation": {"accuracy": 78.94736842105263}, "test": {"accuracy": 90.9090909090909}}, "0.3": {"reduction_in_attributes": 14.28571428571429, "time": 0.0007221698760986328, "reduction": 86.31578947368422, "validation": {"accuracy": 77.89473684210526}, "test": {"accuracy": 90.9090909090909}}, "0.4": {"reduction_in_attributes": 14.28571428571429, "time": 0.0006220340728759766, "reduction": 90.52631578947368, "validation": {"accuracy": 88.42105263157895}, "test": {"accuracy": 90.9090909090909}}, "0.5": {"reduction_in_attributes": 14.28571428571429, "time": 0.0006399154663085938, "reduction": 93.6842105263158, "validation": {"accuracy": 86.31578947368422}, "test": {"accuracy": 81.81818181818183}}, "0.6": {"reduction_in_attributes": 14.28571428571429, "time": 0.0006420612335205078, "reduction": 93.6842105263158, "validation": {"accuracy": 86.31578947368422}, "test": {"accuracy": 81.81818181818183}}, "0.7": {"reduction_in_attributes": 14.28571428571429, "time": 0.0005860328674316406, "reduction": 97.89473684210527, "validation": {"accuracy": 77.89473684210526}, "test": {"accuracy": 72.72727272727273}}, "0.8": {"reduction_in_attributes": 14.28571428571429, "time": 0.0006361007690429688, "reduction": 97.89473684210527, "validation": {"accuracy": 77.89473684210526}, "test": {"accuracy": 72.72727272727273}}, "0.9": {"reduction_in_attributes": 14.28571428571429, "time": 0.0006730556488037109, "reduction": 97.89473684210527, "validation": {"accuracy": 77.89473684210526}, "test": {"accuracy": 72.72727272727273}}, "1.0": {"reduction_in_attributes": 14.28571428571429, "time": 0.0006279945373535156, "reduction": 97.89473684210527, "validation": {"accuracy": 77.89473684210526}, "test": {"accuracy": 72.72727272727273}}}, "4": {"0.0": {"reduction_in_attributes": 14.28571428571429, "time": 0.0005919933319091797, "reduction": 80.0, "validation": {"accuracy": 66.3157894736842}, "test": {"accuracy": 81.81818181818183}}, "0.1": {"reduction_in_attributes": 14.28571428571429, "time": 0.0007376670837402344, "reduction": 83.15789473684211, "validation": {"accuracy": 66.3157894736842}, "test": {"accuracy": 81.81818181818183}}, "0.2": {"reduction_in_attributes": 14.28571428571429, "time": 0.0006730556488037109, "reduction": 84.21052631578947, "validation": {"accuracy": 66.3157894736842}, "test": {"accuracy": 81.81818181818183}}, "0.3": {"reduction_in_attributes": 14.28571428571429, "time": 0.0005810260772705078, "reduction": 86.31578947368422, "validation": {"accuracy": 66.3157894736842}, "test": {"accuracy": 81.81818181818183}}, "0.4": {"reduction_in_attributes": 14.28571428571429, "time": 0.0005640983581542969, "reduction": 92.63157894736842, "validation": {"accuracy": 86.31578947368422}, "test": {"accuracy": 81.81818181818183}}, "0.5": {"reduction_in_attributes": 14.28571428571429, "time": 0.0005612373352050781, "reduction": 94.73684210526316, "validation": {"accuracy": 88.42105263157895}, "test": {"accuracy": 81.81818181818183}}, "0.6": {"reduction_in_attributes": 14.28571428571429, "time": 0.0005578994750976562, "reduction": 97.89473684210527, "validation": {"accuracy": 83.15789473684211}, "test": {"accuracy": 81.81818181818183}}, "0.7": {"reduction_in_attributes": 14.28571428571429, "time": 0.00080108642578125, "reduction": 97.89473684210527, "validation": {"accuracy": 83.15789473684211}, "test": {"accuracy": 81.81818181818183}}, "0.8": {"reduction_in_attributes": 14.28571428571429, "time": 0.0006380081176757812, "reduction": 97.89473684210527, "validation": {"accuracy": 83.15789473684211}, "test": {"accuracy": 81.81818181818183}}, "0.9": {"reduction_in_attributes": 14.28571428571429, "time": 0.0005307197570800781, "reduction": 97.89473684210527, "validation": {"accuracy": 83.15789473684211}, "test": {"accuracy": 81.81818181818183}}, "1.0": {"reduction_in_attributes": 14.28571428571429, "time": 0.0005590915679931641, "reduction": 97.89473684210527, "validation": {"accuracy": 83.15789473684211}, "test": {"accuracy": 81.81818181818183}}}, "5": {"0.0": {"reduction_in_attributes": 14.28571428571429, "time": 0.0005838871002197266, "reduction": 81.05263157894737, "validation": {"accuracy": 75.78947368421053}, "test": {"accuracy": 90.9090909090909}}, "0.1": {"reduction_in_attributes": 14.28571428571429, "time": 0.0007410049438476562, "reduction": 85.26315789473684, "validation": {"accuracy": 75.78947368421053}, "test": {"accuracy": 90.9090909090909}}, "0.2": {"reduction_in_attributes": 14.28571428571429, "time": 0.0007309913635253906, "reduction": 87.36842105263159, "validation": {"accuracy": 75.78947368421053}, "test": {"accuracy": 90.9090909090909}}, "0.3": {"reduction_in_attributes": 14.28571428571429, "time": 0.0005691051483154297, "reduction": 89.47368421052632, "validation": {"accuracy": 75.78947368421053}, "test": {"accuracy": 90.9090909090909}}, "0.4": {"reduction_in_attributes": 14.28571428571429, "time": 0.0005631446838378906, "reduction": 91.57894736842105, "validation": {"accuracy": 85.26315789473684}, "test": {"accuracy": 90.9090909090909}}, "0.5": {"reduction_in_attributes": 14.28571428571429, "time": 0.0005676746368408203, "reduction": 92.63157894736842, "validation": {"accuracy": 82.10526315789474}, "test": {"accuracy": 90.9090909090909}}, "0.6": {"reduction_in_attributes": 14.28571428571429, "time": 0.0006492137908935547, "reduction": 93.6842105263158, "validation": {"accuracy": 81.05263157894737}, "test": {"accuracy": 81.81818181818183}}, "0.7": {"reduction_in_attributes": 14.28571428571429, "time": 0.0005860328674316406, "reduction": 94.73684210526316, "validation": {"accuracy": 88.42105263157895}, "test": {"accuracy": 63.63636363636363}}, "0.8": {"reduction_in_attributes": 14.28571428571429, "time": 0.0005681514739990234, "reduction": 94.73684210526316, "validation": {"accuracy": 88.42105263157895}, "test": {"accuracy": 63.63636363636363}}, "0.9": {"reduction_in_attributes": 14.28571428571429, "time": 0.0005571842193603516, "reduction": 97.89473684210527, "validation": {"accuracy": 88.42105263157895}, "test": {"accuracy": 54.54545454545454}}, "1.0": {"reduction_in_attributes": 14.28571428571429, "time": 0.0005629062652587891, "reduction": 97.89473684210527, "validation": {"accuracy": 88.42105263157895}, "test": {"accuracy": 54.54545454545454}}}, "6": {"0.0": {"reduction_in_attributes": 14.28571428571429, "time": 0.0007348060607910156, "reduction": 81.05263157894737, "validation": {"accuracy": 47.368421052631575}, "test": {"accuracy": 36.36363636363637}}, "0.1": {"reduction_in_attributes": 14.28571428571429, "time": 0.0005888938903808594, "reduction": 83.15789473684211, "validation": {"accuracy": 47.368421052631575}, "test": {"accuracy": 36.36363636363637}}, "0.2": {"reduction_in_attributes": 14.28571428571429, "time": 0.0007469654083251953, "reduction": 85.26315789473684, "validation": {"accuracy": 47.368421052631575}, "test": {"accuracy": 36.36363636363637}}, "0.3": {"reduction_in_attributes": 14.28571428571429, "time": 0.0005700588226318359, "reduction": 86.31578947368422, "validation": {"accuracy": 47.368421052631575}, "test": {"accuracy": 36.36363636363637}}, "0.4": {"reduction_in_attributes": 14.28571428571429, "time": 0.000621795654296875, "reduction": 88.42105263157895, "validation": {"accuracy": 47.368421052631575}, "test": {"accuracy": 36.36363636363637}}, "0.5": {"reduction_in_attributes": 14.28571428571429, "time": 0.0008988380432128906, "reduction": 91.57894736842105, "validation": {"accuracy": 93.6842105263158},