{"3": {"0.0": {"reduction_in_attributes": 90.9090909090909, "time": 0.04117703437805176, "reduction": 0.4169562195969423, "validation": {"accuracy": 44.3363446838082}, "test": {"accuracy": 31.874999999999996}}, "0.1": {"reduction_in_attributes": 90.9090909090909, "time": 0.03813791275024414, "reduction": 19.527449617790126, "validation": {"accuracy": 46.62960389159138}, "test": {"accuracy": 41.875}}, "0.2": {"reduction_in_attributes": 90.9090909090909, "time": 0.03780794143676758, "reduction": 26.893676164002777, "validation": {"accuracy": 46.62960389159138}, "test": {"accuracy": 41.875}}, "0.3": {"reduction_in_attributes": 90.9090909090909, "time": 0.03671598434448242, "reduction": 40.16678248783878, "validation": {"accuracy": 43.71091035441278}, "test": {"accuracy": 30.625000000000004}}, "0.4": {"reduction_in_attributes": 90.9090909090909, "time": 0.03810286521911621, "reduction": 25.36483669214733, "validation": {"accuracy": 38.707435719249474}, "test": {"accuracy": 35.0}}, "0.5": {"reduction_in_attributes": 90.9090909090909, "time": 0.03712821006774902, "reduction": 33.773453787352324, "validation": {"accuracy": 47.533009034051425}, "test": {"accuracy": 26.875}}, "0.6": {"reduction_in_attributes": 90.9090909090909, "time": 0.03575301170349121, "reduction": 45.72619874913134, "validation": {"accuracy": 43.08547602501737}, "test": {"accuracy": 14.374999999999998}}, "0.7": {"reduction_in_attributes": 90.9090909090909, "time": 0.0354001522064209, "reduction": 54.204308547602494, "validation": {"accuracy": 35.371785962473936}, "test": {"accuracy": 41.875}}, "0.8": {"reduction_in_attributes": 90.9090909090909, "time": 0.034628868103027344, "reduction": 70.3961084086171, "validation": {"accuracy": 32.105628908964555}, "test": {"accuracy": 42.5}}, "0.9": {"reduction_in_attributes": 90.9090909090909, "time": 0.03395199775695801, "reduction": 74.98262682418346, "validation": {"accuracy": 19.38846421125782}, "test": {"accuracy": 17.5}}, "1.0": {"reduction_in_attributes": 90.9090909090909, "time": 0.033901214599609375, "reduction": 97.15079916608757, "validation": {"accuracy": 39.680333564975676}, "test": {"accuracy": 42.5}}}, "4": {"0.0": {"reduction_in_attributes": 90.9090909090909, "time": 0.04018402099609375, "reduction": 5.628908964558721, "validation": {"accuracy": 48.22793606671299}, "test": {"accuracy": 21.25}}, "0.1": {"reduction_in_attributes": 90.9090909090909, "time": 0.04016613960266113, "reduction": 5.837387074357192, "validation": {"accuracy": 48.99235580264072}, "test": {"accuracy": 26.875}}, "0.2": {"reduction_in_attributes": 90.9090909090909, "time": 0.03682994842529297, "reduction": 37.10910354412786, "validation": {"accuracy": 51.494093120222374}, "test": {"accuracy": 36.25}}, "0.3": {"reduction_in_attributes": 90.9090909090909, "time": 0.037338972091674805, "reduction": 31.13273106323836, "validation": {"accuracy": 47.741487143849895}, "test": {"accuracy": 43.125}}, "0.4": {"reduction_in_attributes": 90.9090909090909, "time": 0.0392613410949707, "reduction": 22.02918693537178, "validation": {"accuracy": 45.37873523280055}, "test": {"accuracy": 45.625}}, "0.5": {"reduction_in_attributes": 90.9090909090909, "time": 0.04003620147705078, "reduction": 18.20708825573315, "validation": {"accuracy": 42.946490618485065}, "test": {"accuracy": 42.5}}, "0.6": {"reduction_in_attributes": 90.9090909090909, "time": 0.03500485420227051, "reduction": 56.35858234885337, "validation": {"accuracy": 39.054899235580265}, "test": {"accuracy": 17.5}}, "0.7": {"reduction_in_attributes": 90.9090909090909, "time": 0.036511898040771484, "reduction": 49.27032661570535, "validation": {"accuracy": 36.55316191799861}, "test": {"accuracy": 16.875}}, "0.8": {"reduction_in_attributes": 90.9090909090909, "time": 0.033802032470703125, "reduction": 67.89437109103544, "validation": {"accuracy": 33.14801945795691}, "test": {"accuracy": 39.375}}, "0.9": {"reduction_in_attributes": 90.9090909090909, "time": 0.03442692756652832, "reduction": 62.89089645587214, "validation": {"accuracy": 53.16191799861014}, "test": {"accuracy": 40.0}}, "1.0": {"reduction_in_attributes": 90.9090909090909, "time": 0.033113956451416016, "reduction": 98.95760945100764, "validation": {"accuracy": 4.308547602501737}, "test": {"accuracy": 3.125}}}, "5": {"0.0": {"reduction_in_attributes": 90.9090909090909, "time": 0.04227900505065918, "reduction": 1.3898540653231373, "validation": {"accuracy": 45.031271716469774}, "test": {"accuracy": 33.125}}, "0.1": {"reduction_in_attributes": 90.9090909090909, "time": 0.03816819190979004, "reduction": 18.902015288394715, "validation": {"accuracy": 40.58373870743572}, "test": {"accuracy": 36.875}}, "0.2": {"reduction_in_attributes": 90.9090909090909, "time": 0.03785109519958496, "reduction": 25.156358582348858, "validation": {"accuracy": 40.58373870743572}, "test": {"accuracy": 36.875}}, "0.3": {"reduction_in_attributes": 90.9090909090909, "time": 0.03858304023742676, "reduction": 17.234190410006946, "validation": {"accuracy": 40.375260597637244}, "test": {"accuracy": 40.0}}, "0.4": {"reduction_in_attributes": 90.9090909090909, "time": 0.03750491142272949, "reduction": 25.990271021542743, "validation": {"accuracy": 48.78387769284225}, "test": {"accuracy": 26.875}}, "0.5": {"reduction_in_attributes": 90.9090909090909, "time": 0.03576397895812988, "reduction": 43.224461431549685, "validation": {"accuracy": 38.98540653231411}, "test": {"accuracy": 38.125}}, "0.6": {"reduction_in_attributes": 90.9090909090909, "time": 0.034609317779541016, "reduction": 54.76025017373176, "validation": {"accuracy": 49.33981931897151}, "test": {"accuracy": 50.0}}, "0.7": {"reduction_in_attributes": 90.9090909090909, "time": 0.03472399711608887, "reduction": 62.68241834607367, "validation": {"accuracy": 29.673384294649065}, "test": {"accuracy": 42.5}}, "0.8": {"reduction_in_attributes": 90.9090909090909, "time": 0.03434419631958008, "reduction": 70.67407922168172, "validation": {"accuracy": 27.38012508686588}, "test": {"accuracy": 15.0}}, "0.9": {"reduction_in_attributes": 90.9090909090909, "time": 0.03386878967285156, "reduction": 79.15218902015289, "validation": {"accuracy": 43.571924947880476}, "test": {"accuracy": 50.625}}, "1.0": {"reduction_in_attributes": 90.9090909090909, "time": 0.03378605842590332, "reduction": 95.69145239749827, "validation": {"accuracy": 52.119527449617784}, "test": {"accuracy": 41.25}}}, "6": {"0.0": {"reduction_in_attributes": 90.9090909090909, "time": 0.040866851806640625, "reduction": 2.0847810979847115, "validation": {"accuracy": 47.88047255038221}, "test": {"accuracy": 40.625}}, "0.1": {"reduction_in_attributes": 90.9090909090909, "time": 0.03999805450439453, "reduction": 6.045865184155663, "validation": {"accuracy": 47.741487143849895}, "test": {"accuracy": 40.625}}, "0.2": {"reduction_in_attributes": 90.9090909090909, "time": 0.03933000564575195, "reduction": 12.022237665045166, "validation": {"accuracy": 40.58373870743572}, "test": {"accuracy": 16.25}}, "0.3": {"reduction_in_attributes": 90.9090909090909, "time": 0.03916287422180176, "reduction": 18.2765809589993, "validation": {"accuracy": 39.471855455177206}, "test": {"accuracy": 35.625}}, "0.4": {"reduction_in_attributes": 90.9090909090909, "time": 0.04655718803405762, "reduction": 31.271716469770674, "validation": {"accuracy": 43.363446838082005}, "test": {"accuracy": 40.0}}, "0.5": {"reduction_in_attributes": 90.9090909090909, "time": 0.03764224052429199, "reduction": 29.11744266851981, "validation": {"accuracy": 40.58373870743572}, "test": {"accuracy": 16.25}}, "0.6": {"reduction_in_attributes": 90.9090909090909, "time": 0.03505587577819824, "reduction": 60.528144544822794, "validation": {"accuracy": 29.117442668519804}, "test": {"accuracy": 42.5}}, "0.7": {"reduction_in_attributes": 90.9090909090909, "time": 0.0347137451171875, "reduction": 64.90618485059069, "validation": {"accuracy": 31.966643502432245}, "test": {"accuracy": 15.0}}, "0.8": {"reduction_in_attributes": 90.9090909090909,