{"3": {"0.0": {"reduction_in_attributes": 94.73684210526316, "time": 0.06864309310913086, "reduction": 17.412217412217412, "validation": {"accuracy": 50.93795093795094}, "test": {"accuracy": 23.376623376623375}}, "0.1": {"reduction_in_attributes": 94.73684210526316, "time": 0.06644892692565918, "reduction": 48.96584896584897, "validation": {"accuracy": 94.17989417989418}, "test": {"accuracy": 48.917748917748916}}, "0.2": {"reduction_in_attributes": 94.73684210526316, "time": 0.06726598739624023, "reduction": 40.01924001924002, "validation": {"accuracy": 73.78547378547378}, "test": {"accuracy": 19.913419913419915}}, "0.3": {"reduction_in_attributes": 94.73684210526316, "time": 0.06911706924438477, "reduction": 30.399230399230404, "validation": {"accuracy": 67.53246753246754}, "test": {"accuracy": 44.58874458874459}}, "0.4": {"reduction_in_attributes": 94.73684210526316, "time": 0.06595611572265625, "reduction": 51.274651274651276, "validation": {"accuracy": 91.1014911014911}, "test": {"accuracy": 48.05194805194805}}, "0.5": {"reduction_in_attributes": 94.73684210526316, "time": 0.06702804565429688, "reduction": 39.58633958633959, "validation": {"accuracy": 65.94516594516594}, "test": {"accuracy": 51.082251082251084}}, "0.6": {"reduction_in_attributes": 94.73684210526316, "time": 0.06577301025390625, "reduction": 54.40115440115441, "validation": {"accuracy": 85.52188552188552}, "test": {"accuracy": 46.75324675324675}}, "0.7": {"reduction_in_attributes": 94.73684210526316, "time": 0.03079390525817871, "reduction": 100, "validation": 0.0, "test": 0.0}, "0.8": {"reduction_in_attributes": 94.73684210526316, "time": 0.030985116958618164, "reduction": 100, "validation": 0.0, "test": 0.0}, "0.9": {"reduction_in_attributes": 94.73684210526316, "time": 0.06289219856262207, "reduction": 71.04377104377105, "validation": {"accuracy": 63.155363155363155}, "test": {"accuracy": 29.43722943722944}}, "1.0": {"reduction_in_attributes": 94.73684210526316, "time": 0.0603640079498291, "reduction": 97.45069745069745, "validation": {"accuracy": 30.158730158730158}, "test": {"accuracy": 29.87012987012987}}}, "4": {"0.0": {"reduction_in_attributes": 94.73684210526316, "time": 0.06906700134277344, "reduction": 28.13852813852814, "validation": {"accuracy": 70.65897065897066}, "test": {"accuracy": 50.649350649350644}}, "0.1": {"reduction_in_attributes": 94.73684210526316, "time": 0.06868290901184082, "reduction": 24.098124098124096, "validation": {"accuracy": 56.03655603655604}, "test": {"accuracy": 19.480519480519483}}, "0.2": {"reduction_in_attributes": 94.73684210526316, "time": 0.06833314895629883, "reduction": 38.287638287638295, "validation": {"accuracy": 92.20779220779221}, "test": {"accuracy": 62.77056277056276}}, "0.3": {"reduction_in_attributes": 94.73684210526316, "time": 0.06637907028198242, "reduction": 35.83453583453583, "validation": {"accuracy": 52.95815295815296}, "test": {"accuracy": 22.07792207792208}}, "0.4": {"reduction_in_attributes": 94.73684210526316, "time": 0.06940889358520508, "reduction": 21.260221260221257, "validation": {"accuracy": 46.224146224146224}, "test": {"accuracy": 26.83982683982684}}, "0.5": {"reduction_in_attributes": 94.73684210526316, "time": 0.06723165512084961, "reduction": 35.54593554593555, "validation": {"accuracy": 62.818662818662816}, "test": {"accuracy": 43.290043290043286}}, "0.6": {"reduction_in_attributes": 94.73684210526316, "time": 0.06579303741455078, "reduction": 49.25444925444925, "validation": {"accuracy": 63.347763347763355}, "test": {"accuracy": 18.181818181818183}}, "0.7": {"reduction_in_attributes": 94.73684210526316, "time": 0.06551790237426758, "reduction": 46.07984607984608, "validation": {"accuracy": 58.92255892255892}, "test": {"accuracy": 38.961038961038966}}, "0.8": {"reduction_in_attributes": 94.73684210526316, "time": 0.030970096588134766, "reduction": 100, "validation": 0.0, "test": 0.0}, "0.9": {"reduction_in_attributes": 94.73684210526316, "time": 0.030659198760986328, "reduction": 100, "validation": 0.0, "test": 0.0}, "1.0": {"reduction_in_attributes": 94.73684210526316, "time": 0.05888009071350098, "reduction": 95.81529581529583, "validation": {"accuracy": 17.26791726791727}, "test": {"accuracy": 16.450216450216452}}}, "5": {"0.0": {"reduction_in_attributes": 94.73684210526316, "time": 0.06906914710998535, "reduction": 8.898508898508894, "validation": {"accuracy": 47.81144781144781}, "test": {"accuracy": 25.541125541125542}}, "0.1": {"reduction_in_attributes": 94.73684210526316, "time": 0.06647610664367676, "reduction": 25.108225108225113, "validation": {"accuracy": 55.94035594035594}, "test": {"accuracy": 13.852813852813853}}, "0.2": {"reduction_in_attributes": 94.73684210526316, "time": 0.06697702407836914, "reduction": 21.596921596921593, "validation": {"accuracy": 52.23665223665223}, "test": {"accuracy": 25.97402597402597}}, "0.3": {"reduction_in_attributes": 94.73684210526316, "time": 0.06675505638122559, "reduction": 29.24482924482924, "validation": {"accuracy": 63.68446368446369}, "test": {"accuracy": 41.99134199134199}}, "0.4": {"reduction_in_attributes": 94.73684210526316, "time": 0.06423592567443848, "reduction": 45.16594516594517, "validation": {"accuracy": 67.77296777296777}, "test": {"accuracy": 15.151515151515152}}, "0.5": {"reduction_in_attributes": 94.73684210526316, "time": 0.06627893447875977, "reduction": 35.88263588263588, "validation": {"accuracy": 62.86676286676287}, "test": {"accuracy": 41.125541125541126}}, "0.6": {"reduction_in_attributes": 94.73684210526316, "time": 0.06286215782165527, "reduction": 46.27224627224628, "validation": {"accuracy": 62.72246272246272}, "test": {"accuracy": 45.02164502164502}}, "0.7": {"reduction_in_attributes": 94.73684210526316, "time": 0.06241178512573242, "reduction": 42.472342472342476, "validation": {"accuracy": 63.68446368446369}, "test": {"accuracy": 39.82683982683983}}, "0.8": {"reduction_in_attributes": 94.73684210526316, "time": 0.06061220169067383, "reduction": 53.583453583453576, "validation": {"accuracy": 52.52525252525253}, "test": {"accuracy": 37.22943722943723}}, "0.9": {"reduction_in_attributes": 94.73684210526316, "time": 0.05992412567138672, "reduction": 61.71236171236172, "validation": {"accuracy": 47.28234728234728}, "test": {"accuracy": 31.16883116883117}}, "1.0": {"reduction_in_attributes": 94.73684210526316, "time": 0.03976917266845703, "reduction": 27.94612794612794, "validation": {"accuracy": 15.824915824915825}, "test": {"accuracy": 14.71861471861472}}}, "6": {"0.0": {"reduction_in_attributes": 94.73684210526316, "time": 0.06574702262878418, "reduction": 19.76911976911977, "validation": {"accuracy": 90.76479076479076}, "test": {"accuracy": 19.047619047619047}}, "0.1": {"reduction_in_attributes": 94.73684210526316, "time": 0.06397294998168945, "reduction": 27.46512746512747, "validation": {"accuracy": 68.87926887926888}, "test": {"accuracy": 42.42424242424242}}, "0.2": {"reduction_in_attributes": 94.73684210526316, "time": 0.06381893157958984, "reduction": 25.781625781625785, "validation": {"accuracy": 65.993265993266}, "test": {"accuracy": 45.887445887445885}}, "0.3": {"reduction_in_attributes": 94.73684210526316, "time": 0.0617070198059082, "reduction": 32.32323232323232, "validation": {"accuracy": 54.3049543049543}, "test": {"accuracy": 20.346320346320347}}, "0.4": {"reduction_in_attributes": 94.73684210526316, "time": 0.06586813926696777, "reduction": 26.55122655122655, "validation": {"accuracy": 25.97402597402597}, "test": {"accuracy": 14.285714285714285}}, "0.5": {"reduction_in_attributes": 94.73684210526316, "time": 0.06357669830322266, "reduction": 39.490139490139484, "validation": {"accuracy": 66.76286676286676}, "test": {"accuracy": 47.61904761904761}}, "0.6": {"reduction_in_attributes": 94.73684210526316, "time": 0.06393170356750488, "reduction": 38.72053872053872, "validation": {"accuracy": 59.45165945165945}, "test": {"accuracy": 42.42424242424242}}, "0.7": {"reduction_in_attributes": 94.73684210526316,