{"3": {"0.0": {"reduction_in_attributes": 66.66666666666667, "time": 0.0025801658630371094, "reduction": 1.0282776349614386, "validation": {"accuracy": 80.20565552699229}, "test": {"accuracy": 79.06976744186046}}, "0.1": {"reduction_in_attributes": 66.66666666666667, "time": 0.0022318363189697266, "reduction": 20.565552699228796, "validation": {"accuracy": 80.20565552699229}, "test": {"accuracy": 79.06976744186046}}, "0.2": {"reduction_in_attributes": 66.66666666666667, "time": 0.0023009777069091797, "reduction": 20.565552699228796, "validation": {"accuracy": 80.20565552699229}, "test": {"accuracy": 79.06976744186046}}, "0.3": {"reduction_in_attributes": 66.66666666666667, "time": 0.0023250579833984375, "reduction": 20.565552699228796, "validation": {"accuracy": 80.20565552699229}, "test": {"accuracy": 79.06976744186046}}, "0.4": {"reduction_in_attributes": 66.66666666666667, "time": 0.002286195755004883, "reduction": 20.565552699228796, "validation": {"accuracy": 80.20565552699229}, "test": {"accuracy": 79.06976744186046}}, "0.5": {"reduction_in_attributes": 66.66666666666667, "time": 0.002260923385620117, "reduction": 21.850899742930597, "validation": {"accuracy": 79.43444730077121}, "test": {"accuracy": 90.69767441860465}}, "0.6": {"reduction_in_attributes": 66.66666666666667, "time": 0.0022439956665039062, "reduction": 22.107969151670947, "validation": {"accuracy": 79.43444730077121}, "test": {"accuracy": 90.69767441860465}}, "0.7": {"reduction_in_attributes": 66.66666666666667, "time": 0.0022771358489990234, "reduction": 22.107969151670947, "validation": {"accuracy": 79.43444730077121}, "test": {"accuracy": 90.69767441860465}}, "0.8": {"reduction_in_attributes": 66.66666666666667, "time": 0.0022749900817871094, "reduction": 22.107969151670947, "validation": {"accuracy": 79.43444730077121}, "test": {"accuracy": 90.69767441860465}}, "0.9": {"reduction_in_attributes": 66.66666666666667, "time": 0.002235889434814453, "reduction": 22.107969151670947, "validation": {"accuracy": 79.43444730077121}, "test": {"accuracy": 90.69767441860465}}, "1.0": {"reduction_in_attributes": 66.66666666666667, "time": 0.002377033233642578, "reduction": 22.107969151670947, "validation": {"accuracy": 79.43444730077121}, "test": {"accuracy": 90.69767441860465}}}, "4": {"0.0": {"reduction_in_attributes": 66.66666666666667, "time": 0.0024979114532470703, "reduction": 1.285347043701801, "validation": {"accuracy": 81.49100257069408}, "test": {"accuracy": 72.09302325581395}}, "0.1": {"reduction_in_attributes": 66.66666666666667, "time": 0.0022301673889160156, "reduction": 19.537275064267355, "validation": {"accuracy": 81.49100257069408}, "test": {"accuracy": 72.09302325581395}}, "0.2": {"reduction_in_attributes": 66.66666666666667, "time": 0.0022950172424316406, "reduction": 19.537275064267355, "validation": {"accuracy": 81.49100257069408}, "test": {"accuracy": 72.09302325581395}}, "0.3": {"reduction_in_attributes": 66.66666666666667, "time": 0.002390146255493164, "reduction": 19.537275064267355, "validation": {"accuracy": 81.49100257069408}, "test": {"accuracy": 72.09302325581395}}, "0.4": {"reduction_in_attributes": 66.66666666666667, "time": 0.0022683143615722656, "reduction": 19.537275064267355, "validation": {"accuracy": 81.49100257069408}, "test": {"accuracy": 72.09302325581395}}, "0.5": {"reduction_in_attributes": 66.66666666666667, "time": 0.0022559165954589844, "reduction": 21.07969151670951, "validation": {"accuracy": 80.46272493573264}, "test": {"accuracy": 81.3953488372093}}, "0.6": {"reduction_in_attributes": 66.66666666666667, "time": 0.0023758411407470703, "reduction": 21.336760925449873, "validation": {"accuracy": 80.46272493573264}, "test": {"accuracy": 81.3953488372093}}, "0.7": {"reduction_in_attributes": 66.66666666666667, "time": 0.002299785614013672, "reduction": 21.336760925449873, "validation": {"accuracy": 80.46272493573264}, "test": {"accuracy": 81.3953488372093}}, "0.8": {"reduction_in_attributes": 66.66666666666667, "time": 0.002260923385620117, "reduction": 21.336760925449873, "validation": {"accuracy": 80.46272493573264}, "test": {"accuracy": 81.3953488372093}}, "0.9": {"reduction_in_attributes": 66.66666666666667, "time": 0.0023179054260253906, "reduction": 21.336760925449873, "validation": {"accuracy": 80.46272493573264}, "test": {"accuracy": 81.3953488372093}}, "1.0": {"reduction_in_attributes": 66.66666666666667, "time": 0.0022230148315429688, "reduction": 21.336760925449873, "validation": {"accuracy": 80.46272493573264}, "test": {"accuracy": 81.3953488372093}}}, "5": {"0.0": {"reduction_in_attributes": 66.66666666666667, "time": 0.002482891082763672, "reduction": 1.285347043701801, "validation": {"accuracy": 81.49100257069408}, "test": {"accuracy": 74.4186046511628}}, "0.1": {"reduction_in_attributes": 66.66666666666667, "time": 0.0022830963134765625, "reduction": 19.537275064267355, "validation": {"accuracy": 81.49100257069408}, "test": {"accuracy": 74.4186046511628}}, "0.2": {"reduction_in_attributes": 66.66666666666667, "time": 0.0022940635681152344, "reduction": 19.537275064267355, "validation": {"accuracy": 81.49100257069408}, "test": {"accuracy": 74.4186046511628}}, "0.3": {"reduction_in_attributes": 66.66666666666667, "time": 0.002301931381225586, "reduction": 19.537275064267355, "validation": {"accuracy": 81.49100257069408}, "test": {"accuracy": 74.4186046511628}}, "0.4": {"reduction_in_attributes": 66.66666666666667, "time": 0.0023190975189208984, "reduction": 19.537275064267355, "validation": {"accuracy": 81.49100257069408}, "test": {"accuracy": 74.4186046511628}}, "0.5": {"reduction_in_attributes": 66.66666666666667, "time": 0.0022962093353271484, "reduction": 21.07969151670951, "validation": {"accuracy": 81.49100257069408}, "test": {"accuracy": 74.4186046511628}}, "0.6": {"reduction_in_attributes": 66.66666666666667, "time": 0.0022749900817871094, "reduction": 21.336760925449873, "validation": {"accuracy": 81.49100257069408}, "test": {"accuracy": 74.4186046511628}}, "0.7": {"reduction_in_attributes": 66.66666666666667, "time": 0.0022420883178710938, "reduction": 21.336760925449873, "validation": {"accuracy": 81.49100257069408}, "test": {"accuracy": 74.4186046511628}}, "0.8": {"reduction_in_attributes": 66.66666666666667, "time": 0.002262115478515625, "reduction": 21.336760925449873, "validation": {"accuracy": 81.49100257069408}, "test": {"accuracy": 74.4186046511628}}, "0.9": {"reduction_in_attributes": 66.66666666666667, "time": 0.0023038387298583984, "reduction": 21.336760925449873, "validation": {"accuracy": 81.49100257069408}, "test": {"accuracy": 74.4186046511628}}, "1.0": {"reduction_in_attributes": 66.66666666666667, "time": 0.0022797584533691406, "reduction": 21.336760925449873, "validation": {"accuracy": 81.49100257069408}, "test": {"accuracy": 74.4186046511628}}}, "6": {"0.0": {"reduction_in_attributes": 66.66666666666667, "time": 0.0025358200073242188, "reduction": 1.285347043701801, "validation": {"accuracy": 80.97686375321337}, "test": {"accuracy": 86.04651162790698}}, "0.1": {"reduction_in_attributes": 66.66666666666667, "time": 0.0022840499877929688, "reduction": 19.79434447300771, "validation": {"accuracy": 80.97686375321337}, "test": {"accuracy": 86.04651162790698}}, "0.2": {"reduction_in_attributes": 66.66666666666667, "time": 0.002353191375732422, "reduction": 19.79434447300771, "validation": {"accuracy": 80.97686375321337}, "test": {"accuracy": 86.04651162790698}}, "0.3": {"reduction_in_attributes": 66.66666666666667, "time": 0.002318859100341797, "reduction": 19.79434447300771, "validation": {"accuracy": 80.97686375321337}, "test": {"accuracy": 86.04651162790698}}, "0.4": {"reduction_in_attributes": 66.66666666666667, "time": 0.002260923385620117, "reduction": 19.79434447300771, "validation": {"accuracy": 80.97686375321337}, "test": {"accuracy": 86.04651162790698}}, "0.5": {"reduction_in_attributes": 66.66666666666667, "time": 0.002254962921142578, "reduction": 21.07969151670951,