{"3": {"0.0": {"reduction_in_attributes": 87.5, "time": 0.017400026321411133, "reduction": 0.0, "validation": {"accuracy": 16.928838951310862}, "test": {"accuracy": 16.778523489932887}}, "0.1": {"reduction_in_attributes": 87.5, "time": 0.012990951538085938, "reduction": 51.760299625468164, "validation": {"accuracy": 16.928838951310862}, "test": {"accuracy": 16.778523489932887}}, "0.2": {"reduction_in_attributes": 87.5, "time": 0.025228023529052734, "reduction": 4.269662921348316, "validation": {"accuracy": 19.475655430711612}, "test": {"accuracy": 39.59731543624161}}, "0.3": {"reduction_in_attributes": 87.5, "time": 0.02456378936767578, "reduction": 29.812734082397007, "validation": {"accuracy": 17.153558052434455}, "test": {"accuracy": 33.557046979865774}}, "0.4": {"reduction_in_attributes": 87.5, "time": 0.01281118392944336, "reduction": 51.760299625468164, "validation": {"accuracy": 16.928838951310862}, "test": {"accuracy": 16.778523489932887}}, "0.5": {"reduction_in_attributes": 87.5, "time": 0.0249178409576416, "reduction": 16.104868913857672, "validation": {"accuracy": 19.475655430711612}, "test": {"accuracy": 39.59731543624161}}, "0.6": {"reduction_in_attributes": 87.5, "time": 0.02484607696533203, "reduction": 26.14232209737828, "validation": {"accuracy": 15.880149812734082}, "test": {"accuracy": 30.87248322147651}}, "0.7": {"reduction_in_attributes": 87.5, "time": 0.025229930877685547, "reduction": 43.67041198501873, "validation": {"accuracy": 15.805243445692884}, "test": {"accuracy": 37.58389261744966}}, "0.8": {"reduction_in_attributes": 87.5, "time": 0.014474868774414062, "reduction": 26.067415730337075, "validation": {"accuracy": 3.445692883895131}, "test": {"accuracy": 3.3557046979865772}}, "0.9": {"reduction_in_attributes": 87.5, "time": 0.01306915283203125, "reduction": 51.98501872659176, "validation": {"accuracy": 17.00374531835206}, "test": {"accuracy": 16.778523489932887}}, "1.0": {"reduction_in_attributes": 87.5, "time": 0.023582935333251953, "reduction": 98.35205992509364, "validation": {"accuracy": 31.53558052434457}, "test": {"accuracy": 36.241610738255034}}}, "4": {"0.0": {"reduction_in_attributes": 87.5, "time": 0.02617502212524414, "reduction": 0.9737827715355807, "validation": {"accuracy": 22.92134831460674}, "test": {"accuracy": 34.22818791946309}}, "0.1": {"reduction_in_attributes": 87.5, "time": 0.02574300765991211, "reduction": 11.835205992509367, "validation": {"accuracy": 15.355805243445692}, "test": {"accuracy": 32.88590604026846}}, "0.2": {"reduction_in_attributes": 87.5, "time": 0.027901887893676758, "reduction": 23.146067415730343, "validation": {"accuracy": 18.202247191011235}, "test": {"accuracy": 26.845637583892618}}, "0.3": {"reduction_in_attributes": 87.5, "time": 0.027904987335205078, "reduction": 20.74906367041198, "validation": {"accuracy": 15.355805243445692}, "test": {"accuracy": 32.88590604026846}}, "0.4": {"reduction_in_attributes": 87.5, "time": 0.026742935180664062, "reduction": 9.737827715355806, "validation": {"accuracy": 22.92134831460674}, "test": {"accuracy": 34.22818791946309}}, "0.5": {"reduction_in_attributes": 87.5, "time": 0.024919986724853516, "reduction": 14.831460674157304, "validation": {"accuracy": 22.92134831460674}, "test": {"accuracy": 34.22818791946309}}, "0.6": {"reduction_in_attributes": 87.5, "time": 0.025275230407714844, "reduction": 32.883895131086135, "validation": {"accuracy": 29.812734082397004}, "test": {"accuracy": 20.13422818791946}}, "0.7": {"reduction_in_attributes": 87.5, "time": 0.02286696434020996, "reduction": 63.59550561797753, "validation": {"accuracy": 17.902621722846444}, "test": {"accuracy": 26.174496644295303}}, "0.8": {"reduction_in_attributes": 87.5, "time": 0.02358222007751465, "reduction": 63.59550561797753, "validation": {"accuracy": 15.280898876404494}, "test": {"accuracy": 32.88590604026846}}, "0.9": {"reduction_in_attributes": 87.5, "time": 0.022427797317504883, "reduction": 68.16479400749064, "validation": {"accuracy": 30.861423220973784}, "test": {"accuracy": 16.10738255033557}}, "1.0": {"reduction_in_attributes": 87.5, "time": 0.020446062088012695, "reduction": 26.067415730337075, "validation": {"accuracy": 3.445692883895131}, "test": {"accuracy": 3.3557046979865772}}}, "5": {"0.0": {"reduction_in_attributes": 87.5, "time": 0.02591705322265625, "reduction": 1.3473053892215536, "validation": {"accuracy": 16.766467065868262}, "test": {"accuracy": 33.108108108108105}}, "0.1": {"reduction_in_attributes": 87.5, "time": 0.02833700180053711, "reduction": 11.751497005988021, "validation": {"accuracy": 14.820359281437126}, "test": {"accuracy": 27.7027027027027}}, "0.2": {"reduction_in_attributes": 87.5, "time": 0.014798879623413086, "reduction": 26.122754491017965, "validation": {"accuracy": 3.44311377245509}, "test": {"accuracy": 3.3783783783783785}}, "0.3": {"reduction_in_attributes": 87.5, "time": 0.012622833251953125, "reduction": 51.87125748502994, "validation": {"accuracy": 17.065868263473057}, "test": {"accuracy": 16.216216216216218}}, "0.4": {"reduction_in_attributes": 87.5, "time": 0.024189233779907227, "reduction": 32.48502994011976, "validation": {"accuracy": 18.937125748502996}, "test": {"accuracy": 27.7027027027027}}, "0.5": {"reduction_in_attributes": 87.5, "time": 0.026836872100830078, "reduction": 20.50898203592815, "validation": {"accuracy": 30.239520958083833}, "test": {"accuracy": 27.027027027027028}}, "0.6": {"reduction_in_attributes": 87.5, "time": 0.026701927185058594, "reduction": 25.823353293413177, "validation": {"accuracy": 16.017964071856287}, "test": {"accuracy": 32.432432432432435}}, "0.7": {"reduction_in_attributes": 87.5, "time": 0.01605081558227539, "reduction": 26.122754491017965, "validation": {"accuracy": 3.44311377245509}, "test": {"accuracy": 3.3783783783783785}}, "0.8": {"reduction_in_attributes": 87.5, "time": 0.024714946746826172, "reduction": 44.91017964071856, "validation": {"accuracy": 30.91317365269461}, "test": {"accuracy": 18.243243243243242}}, "0.9": {"reduction_in_attributes": 87.5, "time": 0.024742841720581055, "reduction": 67.66467065868264, "validation": {"accuracy": 18.263473053892216}, "test": {"accuracy": 28.37837837837838}}, "1.0": {"reduction_in_attributes": 87.5, "time": 0.015583038330078125, "reduction": 26.122754491017965, "validation": {"accuracy": 3.44311377245509}, "test": {"accuracy": 3.3783783783783785}}}, "6": {"0.0": {"reduction_in_attributes": 87.5, "time": 0.026242733001708984, "reduction": 0.8982035928143728, "validation": {"accuracy": 21.25748502994012}, "test": {"accuracy": 40.54054054054054}}, "0.1": {"reduction_in_attributes": 87.5, "time": 0.02943897247314453, "reduction": 6.886227544910184, "validation": {"accuracy": 17.81437125748503}, "test": {"accuracy": 31.756756756756754}}, "0.2": {"reduction_in_attributes": 87.5, "time": 0.014875173568725586, "reduction": 26.19760479041916, "validation": {"accuracy": 3.3682634730538923}, "test": {"accuracy": 4.054054054054054}}, "0.3": {"reduction_in_attributes": 87.5, "time": 0.024964094161987305, "reduction": 8.832335329341312, "validation": {"accuracy": 28.74251497005988}, "test": {"accuracy": 28.37837837837838}}, "0.4": {"reduction_in_attributes": 87.5, "time": 0.025837182998657227, "reduction": 9.281437125748504, "validation": {"accuracy": 32.634730538922156}, "test": {"accuracy": 29.72972972972973}}, "0.5": {"reduction_in_attributes": 87.5, "time": 0.030273914337158203, "reduction": 28.81736526946108, "validation": {"accuracy": 15.119760479041917}, "test": {"accuracy": 31.756756756756754}}, "0.6": {"reduction_in_attributes": 87.5, "time": 0.024962902069091797, "reduction": 26.19760479041916, "validation": {"accuracy": 17.514970059880238}, "test": {"accuracy": 31.756756756756754}}, "0.7": {"reduction_in_attributes": 87.5, "time": 0.02388620376586914, "reduction": 40.34431137724551, "validation": {"accuracy": 28.74251497005988}, "test": {"accuracy": 28.37837837837838}}, "0.8": {"reduction_in_attributes": 87.5, "time": 0.01329493522644043,