{"3": {"0.0": {"reduction_in_attributes": 90.9090909090909, "time": 0.36597490310668945, "reduction": 2.404718693284935, "validation": {"accuracy": 33.1442831215971}, "test": {"accuracy": 38.9795918367347}}, "0.1": {"reduction_in_attributes": 90.9090909090909, "time": 0.3663148880004883, "reduction": 12.568058076225041, "validation": {"accuracy": 45.16787658802178}, "test": {"accuracy": 36.3265306122449}}, "0.2": {"reduction_in_attributes": 90.9090909090909, "time": 0.34819912910461426, "reduction": 19.26043557168784, "validation": {"accuracy": 25.499092558983666}, "test": {"accuracy": 6.530612244897959}}, "0.3": {"reduction_in_attributes": 90.9090909090909, "time": 0.34394383430480957, "reduction": 23.933756805807626, "validation": {"accuracy": 27.49546279491833}, "test": {"accuracy": 16.122448979591837}}, "0.4": {"reduction_in_attributes": 90.9090909090909, "time": 0.3450930118560791, "reduction": 26.565335753176043, "validation": {"accuracy": 43.62522686025409}, "test": {"accuracy": 35.51020408163265}}, "0.5": {"reduction_in_attributes": 90.9090909090909, "time": 0.33520007133483887, "reduction": 36.50181488203267, "validation": {"accuracy": 45.71234119782214}, "test": {"accuracy": 32.6530612244898}}, "0.6": {"reduction_in_attributes": 90.9090909090909, "time": 0.32343006134033203, "reduction": 47.028130671506354, "validation": {"accuracy": 23.95644283121597}, "test": {"accuracy": 5.510204081632653}}, "0.7": {"reduction_in_attributes": 90.9090909090909, "time": 0.31592297554016113, "reduction": 61.7513611615245, "validation": {"accuracy": 26.202359346642467}, "test": {"accuracy": 3.6734693877551026}}, "0.8": {"reduction_in_attributes": 90.9090909090909, "time": 0.32143402099609375, "reduction": 47.8448275862069, "validation": {"accuracy": 26.156987295825772}, "test": {"accuracy": 7.142857142857142}}, "0.9": {"reduction_in_attributes": 90.9090909090909, "time": 0.30321717262268066, "reduction": 62.295825771324864, "validation": {"accuracy": 22.277676950998185}, "test": {"accuracy": 4.489795918367347}}, "1.0": {"reduction_in_attributes": 90.9090909090909, "time": 0.2931861877441406, "reduction": 98.61615245009074, "validation": {"accuracy": 29.786751361161524}, "test": {"accuracy": 29.795918367346943}}}, "4": {"0.0": {"reduction_in_attributes": 90.9090909090909, "time": 0.35649776458740234, "reduction": 0.45372050816696596, "validation": {"accuracy": 42.17332123411978}, "test": {"accuracy": 25.71428571428571}}, "0.1": {"reduction_in_attributes": 90.9090909090909, "time": 0.3412492275238037, "reduction": 11.705989110707804, "validation": {"accuracy": 29.87749546279492}, "test": {"accuracy": 13.26530612244898}}, "0.2": {"reduction_in_attributes": 90.9090909090909, "time": 0.3491020202636719, "reduction": 7.304900181488206, "validation": {"accuracy": 29.673321234119783}, "test": {"accuracy": 15.714285714285714}}, "0.3": {"reduction_in_attributes": 90.9090909090909, "time": 0.31613612174987793, "reduction": 37.68148820326679, "validation": {"accuracy": 33.189655172413794}, "test": {"accuracy": 38.9795918367347}}, "0.4": {"reduction_in_attributes": 90.9090909090909, "time": 0.3326683044433594, "reduction": 25.31760435571688, "validation": {"accuracy": 44.691470054446455}, "test": {"accuracy": 31.83673469387755}}, "0.5": {"reduction_in_attributes": 90.9090909090909, "time": 0.3277721405029297, "reduction": 28.811252268602537, "validation": {"accuracy": 27.336660617059895}, "test": {"accuracy": 45.714285714285715}}, "0.6": {"reduction_in_attributes": 90.9090909090909, "time": 0.31028223037719727, "reduction": 35.59437386569873, "validation": {"accuracy": 29.58257713248639}, "test": {"accuracy": 12.244897959183673}}, "0.7": {"reduction_in_attributes": 90.9090909090909, "time": 0.30766892433166504, "reduction": 46.27949183303085, "validation": {"accuracy": 41.78765880217786}, "test": {"accuracy": 28.57142857142857}}, "0.8": {"reduction_in_attributes": 90.9090909090909, "time": 0.30072593688964844, "reduction": 53.76588021778584, "validation": {"accuracy": 40.29038112522686}, "test": {"accuracy": 31.22448979591837}}, "0.9": {"reduction_in_attributes": 90.9090909090909, "time": 0.29377293586730957, "reduction": 63.70235934664247, "validation": {"accuracy": 40.063520871143375}, "test": {"accuracy": 34.89795918367347}}, "1.0": {"reduction_in_attributes": 90.9090909090909, "time": 0.28450894355773926, "reduction": 98.4573502722323, "validation": {"accuracy": 18.489110707803995}, "test": {"accuracy": 18.16326530612245}}}, "5": {"0.0": {"reduction_in_attributes": 90.9090909090909, "time": 0.34610676765441895, "reduction": 0.8393829401088904, "validation": {"accuracy": 41.47005444646098}, "test": {"accuracy": 29.795918367346943}}, "0.1": {"reduction_in_attributes": 90.9090909090909, "time": 0.34324216842651367, "reduction": 3.743194192377497, "validation": {"accuracy": 32.23684210526316}, "test": {"accuracy": 3.4693877551020407}}, "0.2": {"reduction_in_attributes": 90.9090909090909, "time": 0.31852221488952637, "reduction": 25.43103448275862, "validation": {"accuracy": 31.556261343012704}, "test": {"accuracy": 17.959183673469386}}, "0.3": {"reduction_in_attributes": 90.9090909090909, "time": 0.3073577880859375, "reduction": 41.084392014519054, "validation": {"accuracy": 31.556261343012704}, "test": {"accuracy": 17.959183673469386}}, "0.4": {"reduction_in_attributes": 90.9090909090909, "time": 0.3237729072570801, "reduction": 25.68058076225045, "validation": {"accuracy": 44.283121597096184}, "test": {"accuracy": 31.22448979591837}}, "0.5": {"reduction_in_attributes": 90.9090909090909, "time": 0.3097951412200928, "reduction": 40.471869328493646, "validation": {"accuracy": 32.14609800362977}, "test": {"accuracy": 1.0204081632653061}}, "0.6": {"reduction_in_attributes": 90.9090909090909, "time": 0.3063168525695801, "reduction": 45.23593466424683, "validation": {"accuracy": 41.243194192377494}, "test": {"accuracy": 21.020408163265305}}, "0.7": {"reduction_in_attributes": 90.9090909090909, "time": 0.3005549907684326, "reduction": 54.242286751361156, "validation": {"accuracy": 38.33938294010889}, "test": {"accuracy": 21.020408163265305}}, "0.8": {"reduction_in_attributes": 90.9090909090909, "time": 0.3016369342803955, "reduction": 49.06987295825771, "validation": {"accuracy": 26.678765880217785}, "test": {"accuracy": 10.0}}, "0.9": {"reduction_in_attributes": 90.9090909090909, "time": 0.289470911026001, "reduction": 72.25499092558984, "validation": {"accuracy": 13.021778584392015}, "test": {"accuracy": 11.224489795918368}}, "1.0": {"reduction_in_attributes": 90.9090909090909, "time": 0.2879607677459717, "reduction": 99.72776769509983, "validation": {"accuracy": 3.6751361161524496}, "test": {"accuracy": 4.8979591836734695}}}, "6": {"0.0": {"reduction_in_attributes": 90.9090909090909, "time": 0.34259796142578125, "reduction": 0.045372050816694376, "validation": {"accuracy": 31.32940108892922}, "test": {"accuracy": 44.08163265306123}}, "0.1": {"reduction_in_attributes": 90.9090909090909, "time": 0.34023404121398926, "reduction": 5.217785843920142, "validation": {"accuracy": 45.75771324863884}, "test": {"accuracy": 28.57142857142857}}, "0.2": {"reduction_in_attributes": 90.9090909090909, "time": 0.3354470729827881, "reduction": 15.494555353901996, "validation": {"accuracy": 45.62159709618875}, "test": {"accuracy": 30.612244897959183}}, "0.3": {"reduction_in_attributes": 90.9090909090909, "time": 0.32292866706848145, "reduction": 19.66878402903811, "validation": {"accuracy": 24.06987295825771}, "test": {"accuracy": 42.244897959183675}}, "0.4": {"reduction_in_attributes": 90.9090909090909, "time": 0.3209710121154785, "reduction": 25.045372050816695, "validation": {"accuracy": 32.327586206896555}, "test": {"accuracy": 40.0}}, "0.5": {"reduction_in_attributes": 90.9090909090909, "time": 0.3096029758453369, "reduction": 37.43194192377496, "validation": {"accuracy": 29.650635208711435}, "test": {"accuracy": 15.10204081632653}}, "0.6": {"reduction_in_attributes": 90.9090909090909,