{"3": {"0.0": {"reduction_in_attributes": 75.0, "time": 0.005079030990600586, "reduction": 0.0, "validation": {"accuracy": 46.619217081850536}, "test": {"accuracy": 33.33333333333333}}, "0.1": {"reduction_in_attributes": 75.0, "time": 0.004964113235473633, "reduction": 7.473309608540923, "validation": {"accuracy": 46.619217081850536}, "test": {"accuracy": 33.33333333333333}}, "0.2": {"reduction_in_attributes": 75.0, "time": 0.005025148391723633, "reduction": 14.056939501779365, "validation": {"accuracy": 46.619217081850536}, "test": {"accuracy": 33.33333333333333}}, "0.3": {"reduction_in_attributes": 75.0, "time": 0.004683017730712891, "reduction": 22.064056939501775, "validation": {"accuracy": 46.619217081850536}, "test": {"accuracy": 33.33333333333333}}, "0.4": {"reduction_in_attributes": 75.0, "time": 0.0047070980072021484, "reduction": 22.064056939501775, "validation": {"accuracy": 46.619217081850536}, "test": {"accuracy": 33.33333333333333}}, "0.5": {"reduction_in_attributes": 75.0, "time": 0.004603862762451172, "reduction": 30.2491103202847, "validation": {"accuracy": 46.619217081850536}, "test": {"accuracy": 33.33333333333333}}, "0.6": {"reduction_in_attributes": 75.0, "time": 0.004523038864135742, "reduction": 40.39145907473309, "validation": {"accuracy": 46.619217081850536}, "test": {"accuracy": 33.33333333333333}}, "0.7": {"reduction_in_attributes": 75.0, "time": 0.004517078399658203, "reduction": 41.99288256227758, "validation": {"accuracy": 46.619217081850536}, "test": {"accuracy": 33.33333333333333}}, "0.8": {"reduction_in_attributes": 75.0, "time": 0.0043756961822509766, "reduction": 53.20284697508897, "validation": {"accuracy": 46.619217081850536}, "test": {"accuracy": 33.33333333333333}}, "0.9": {"reduction_in_attributes": 75.0, "time": 0.00423121452331543, "reduction": 65.30249110320285, "validation": {"accuracy": 46.619217081850536}, "test": {"accuracy": 33.33333333333333}}, "1.0": {"reduction_in_attributes": 75.0, "time": 0.004273891448974609, "reduction": 67.08185053380782, "validation": {"accuracy": 64.59074733096085}, "test": {"accuracy": 53.96825396825397}}}, "4": {"0.0": {"reduction_in_attributes": 75.0, "time": 0.005162954330444336, "reduction": 0.0, "validation": {"accuracy": 45.55160142348754}, "test": {"accuracy": 42.857142857142854}}, "0.1": {"reduction_in_attributes": 75.0, "time": 0.004823207855224609, "reduction": 8.896797153024917, "validation": {"accuracy": 45.55160142348754}, "test": {"accuracy": 42.857142857142854}}, "0.2": {"reduction_in_attributes": 75.0, "time": 0.0048389434814453125, "reduction": 14.412811387900359, "validation": {"accuracy": 45.55160142348754}, "test": {"accuracy": 42.857142857142854}}, "0.3": {"reduction_in_attributes": 75.0, "time": 0.004788875579833984, "reduction": 21.174377224199294, "validation": {"accuracy": 45.55160142348754}, "test": {"accuracy": 42.857142857142854}}, "0.4": {"reduction_in_attributes": 75.0, "time": 0.0045549869537353516, "reduction": 21.174377224199294, "validation": {"accuracy": 45.55160142348754}, "test": {"accuracy": 42.857142857142854}}, "0.5": {"reduction_in_attributes": 75.0, "time": 0.004415035247802734, "reduction": 30.782918149466187, "validation": {"accuracy": 45.55160142348754}, "test": {"accuracy": 42.857142857142854}}, "0.6": {"reduction_in_attributes": 75.0, "time": 0.0044019222259521484, "reduction": 42.52669039145908, "validation": {"accuracy": 45.55160142348754}, "test": {"accuracy": 42.857142857142854}}, "0.7": {"reduction_in_attributes": 75.0, "time": 0.004423379898071289, "reduction": 42.52669039145908, "validation": {"accuracy": 45.55160142348754}, "test": {"accuracy": 42.857142857142854}}, "0.8": {"reduction_in_attributes": 75.0, "time": 0.004297971725463867, "reduction": 54.270462633451956, "validation": {"accuracy": 45.55160142348754}, "test": {"accuracy": 42.857142857142854}}, "0.9": {"reduction_in_attributes": 75.0, "time": 0.004066944122314453, "reduction": 68.32740213523132, "validation": {"accuracy": 45.55160142348754}, "test": {"accuracy": 42.857142857142854}}, "1.0": {"reduction_in_attributes": 75.0, "time": 0.004265785217285156, "reduction": 68.32740213523132, "validation": {"accuracy": 45.55160142348754}, "test": {"accuracy": 42.857142857142854}}}, "5": {"0.0": {"reduction_in_attributes": 75.0, "time": 0.004971027374267578, "reduction": 0.0, "validation": {"accuracy": 54.270462633451956}, "test": {"accuracy": 50.79365079365079}}, "0.1": {"reduction_in_attributes": 75.0, "time": 0.004948854446411133, "reduction": 7.829181494661919, "validation": {"accuracy": 54.270462633451956}, "test": {"accuracy": 50.79365079365079}}, "0.2": {"reduction_in_attributes": 75.0, "time": 0.004698991775512695, "reduction": 15.302491103202842, "validation": {"accuracy": 54.270462633451956}, "test": {"accuracy": 50.79365079365079}}, "0.3": {"reduction_in_attributes": 75.0, "time": 0.00462794303894043, "reduction": 22.064056939501775, "validation": {"accuracy": 54.270462633451956}, "test": {"accuracy": 50.79365079365079}}, "0.4": {"reduction_in_attributes": 75.0, "time": 0.004656076431274414, "reduction": 22.064056939501775, "validation": {"accuracy": 54.270462633451956}, "test": {"accuracy": 50.79365079365079}}, "0.5": {"reduction_in_attributes": 75.0, "time": 0.004524946212768555, "reduction": 32.02846975088968, "validation": {"accuracy": 54.270462633451956}, "test": {"accuracy": 50.79365079365079}}, "0.6": {"reduction_in_attributes": 75.0, "time": 0.004423856735229492, "reduction": 41.637010676156585, "validation": {"accuracy": 46.08540925266904}, "test": {"accuracy": 38.095238095238095}}, "0.7": {"reduction_in_attributes": 75.0, "time": 0.004539012908935547, "reduction": 41.637010676156585, "validation": {"accuracy": 46.08540925266904}, "test": {"accuracy": 38.095238095238095}}, "0.8": {"reduction_in_attributes": 75.0, "time": 0.004326820373535156, "reduction": 53.55871886120996, "validation": {"accuracy": 46.08540925266904}, "test": {"accuracy": 38.095238095238095}}, "0.9": {"reduction_in_attributes": 75.0, "time": 0.004151821136474609, "reduction": 67.61565836298932, "validation": {"accuracy": 64.41281138790036}, "test": {"accuracy": 55.55555555555556}}, "1.0": {"reduction_in_attributes": 75.0, "time": 0.004164934158325195, "reduction": 67.61565836298932, "validation": {"accuracy": 64.41281138790036}, "test": {"accuracy": 55.55555555555556}}}, "6": {"0.0": {"reduction_in_attributes": 75.0, "time": 0.005039215087890625, "reduction": 0.0, "validation": {"accuracy": 46.00355239786856}, "test": {"accuracy": 38.70967741935484}}, "0.1": {"reduction_in_attributes": 75.0, "time": 0.005013942718505859, "reduction": 8.170515097690945, "validation": {"accuracy": 54.52930728241563}, "test": {"accuracy": 48.38709677419355}}, "0.2": {"reduction_in_attributes": 75.0, "time": 0.005075931549072266, "reduction": 14.387211367673181, "validation": {"accuracy": 46.181172291296626}, "test": {"accuracy": 37.096774193548384}}, "0.3": {"reduction_in_attributes": 75.0, "time": 0.005166053771972656, "reduction": 21.31438721136767, "validation": {"accuracy": 32.149200710479576}, "test": {"accuracy": 22.58064516129032}}, "0.4": {"reduction_in_attributes": 75.0, "time": 0.005193948745727539, "reduction": 22.912966252220247, "validation": {"accuracy": 32.149200710479576}, "test": {"accuracy": 22.58064516129032}}, "0.5": {"reduction_in_attributes": 75.0, "time": 0.005125284194946289, "reduction": 31.616341030195382, "validation": {"accuracy": 32.149200710479576}, "test": {"accuracy": 22.58064516129032}}, "0.6": {"reduction_in_attributes": 75.0, "time": 0.004355907440185547, "reduction": 41.03019538188277, "validation": {"accuracy": 46.181172291296626}, "test": {"accuracy": 37.096774193548384}}, "0.7": {"reduction_in_attributes": 75.0, "time": 0.00446319580078125, "reduction": 42.451154529307274, "validation": {"accuracy": 46.181172291296626}, "test": {"accuracy": 37.096774193548384}}, "0.8": {"reduction_in_attributes": 75.0, "time": 0.006641864776611328,