{"3": {"0.0": {"reduction_in_attributes": 66.66666666666667, "time": 0.061419010162353516, "reduction": 0.0, "validation": {"accuracy": 77.78899545683998}, "test": {"accuracy": 75.9090909090909}}, "0.1": {"reduction_in_attributes": 66.66666666666667, "time": 0.05578112602233887, "reduction": 22.21100454316002, "validation": {"accuracy": 77.78899545683998}, "test": {"accuracy": 75.9090909090909}}, "0.2": {"reduction_in_attributes": 66.66666666666667, "time": 0.055262088775634766, "reduction": 22.21100454316002, "validation": {"accuracy": 77.78899545683998}, "test": {"accuracy": 75.9090909090909}}, "0.3": {"reduction_in_attributes": 66.66666666666667, "time": 0.05580782890319824, "reduction": 22.21100454316002, "validation": {"accuracy": 77.78899545683998}, "test": {"accuracy": 75.9090909090909}}, "0.4": {"reduction_in_attributes": 66.66666666666667, "time": 0.05536699295043945, "reduction": 22.21100454316002, "validation": {"accuracy": 77.78899545683998}, "test": {"accuracy": 75.9090909090909}}, "0.5": {"reduction_in_attributes": 66.66666666666667, "time": 0.05564713478088379, "reduction": 22.21100454316002, "validation": {"accuracy": 77.78899545683998}, "test": {"accuracy": 75.9090909090909}}, "0.6": {"reduction_in_attributes": 66.66666666666667, "time": 0.0552518367767334, "reduction": 22.21100454316002, "validation": {"accuracy": 77.78899545683998}, "test": {"accuracy": 75.9090909090909}}, "0.7": {"reduction_in_attributes": 66.66666666666667, "time": 0.055602073669433594, "reduction": 22.21100454316002, "validation": {"accuracy": 77.78899545683998}, "test": {"accuracy": 75.9090909090909}}, "0.8": {"reduction_in_attributes": 66.66666666666667, "time": 0.055665016174316406, "reduction": 22.21100454316002, "validation": {"accuracy": 77.78899545683998}, "test": {"accuracy": 75.9090909090909}}, "0.9": {"reduction_in_attributes": 66.66666666666667, "time": 0.056439876556396484, "reduction": 22.21100454316002, "validation": {"accuracy": 77.78899545683998}, "test": {"accuracy": 75.9090909090909}}, "1.0": {"reduction_in_attributes": 66.66666666666667, "time": 0.05668783187866211, "reduction": 22.21100454316002, "validation": {"accuracy": 77.78899545683998}, "test": {"accuracy": 75.9090909090909}}}, "4": {"0.0": {"reduction_in_attributes": 66.66666666666667, "time": 0.06128382682800293, "reduction": 0.0, "validation": {"accuracy": 77.48611812216053}, "test": {"accuracy": 78.63636363636364}}, "0.1": {"reduction_in_attributes": 66.66666666666667, "time": 0.05540299415588379, "reduction": 22.51388187783947, "validation": {"accuracy": 77.48611812216053}, "test": {"accuracy": 78.63636363636364}}, "0.2": {"reduction_in_attributes": 66.66666666666667, "time": 0.055429935455322266, "reduction": 22.51388187783947, "validation": {"accuracy": 77.48611812216053}, "test": {"accuracy": 78.63636363636364}}, "0.3": {"reduction_in_attributes": 66.66666666666667, "time": 0.055760860443115234, "reduction": 22.51388187783947, "validation": {"accuracy": 77.48611812216053}, "test": {"accuracy": 78.63636363636364}}, "0.4": {"reduction_in_attributes": 66.66666666666667, "time": 0.055776119232177734, "reduction": 22.51388187783947, "validation": {"accuracy": 77.48611812216053}, "test": {"accuracy": 78.63636363636364}}, "0.5": {"reduction_in_attributes": 66.66666666666667, "time": 0.05546116828918457, "reduction": 22.51388187783947, "validation": {"accuracy": 77.48611812216053}, "test": {"accuracy": 78.63636363636364}}, "0.6": {"reduction_in_attributes": 66.66666666666667, "time": 0.05549812316894531, "reduction": 22.51388187783947, "validation": {"accuracy": 77.48611812216053}, "test": {"accuracy": 78.63636363636364}}, "0.7": {"reduction_in_attributes": 66.66666666666667, "time": 0.05536389350891113, "reduction": 22.51388187783947, "validation": {"accuracy": 77.48611812216053}, "test": {"accuracy": 78.63636363636364}}, "0.8": {"reduction_in_attributes": 66.66666666666667, "time": 0.05579710006713867, "reduction": 22.51388187783947, "validation": {"accuracy": 77.48611812216053}, "test": {"accuracy": 78.63636363636364}}, "0.9": {"reduction_in_attributes": 66.66666666666667, "time": 0.05557680130004883, "reduction": 22.51388187783947, "validation": {"accuracy": 77.48611812216053}, "test": {"accuracy": 78.63636363636364}}, "1.0": {"reduction_in_attributes": 66.66666666666667, "time": 0.055624961853027344, "reduction": 22.51388187783947, "validation": {"accuracy": 77.48611812216053}, "test": {"accuracy": 78.63636363636364}}}, "5": {"0.0": {"reduction_in_attributes": 66.66666666666667, "time": 0.0607907772064209, "reduction": 0.0, "validation": {"accuracy": 77.73851590106007}, "test": {"accuracy": 76.36363636363637}}, "0.1": {"reduction_in_attributes": 66.66666666666667, "time": 0.05507802963256836, "reduction": 22.26148409893993, "validation": {"accuracy": 77.73851590106007}, "test": {"accuracy": 76.36363636363637}}, "0.2": {"reduction_in_attributes": 66.66666666666667, "time": 0.054930925369262695, "reduction": 22.26148409893993, "validation": {"accuracy": 77.73851590106007}, "test": {"accuracy": 76.36363636363637}}, "0.3": {"reduction_in_attributes": 66.66666666666667, "time": 0.05579376220703125, "reduction": 22.26148409893993, "validation": {"accuracy": 77.73851590106007}, "test": {"accuracy": 76.36363636363637}}, "0.4": {"reduction_in_attributes": 66.66666666666667, "time": 0.05559706687927246, "reduction": 22.26148409893993, "validation": {"accuracy": 77.73851590106007}, "test": {"accuracy": 76.36363636363637}}, "0.5": {"reduction_in_attributes": 66.66666666666667, "time": 0.055049896240234375, "reduction": 22.26148409893993, "validation": {"accuracy": 77.73851590106007}, "test": {"accuracy": 76.36363636363637}}, "0.6": {"reduction_in_attributes": 66.66666666666667, "time": 0.055126190185546875, "reduction": 22.26148409893993, "validation": {"accuracy": 77.73851590106007}, "test": {"accuracy": 76.36363636363637}}, "0.7": {"reduction_in_attributes": 66.66666666666667, "time": 0.05509305000305176, "reduction": 22.26148409893993, "validation": {"accuracy": 77.73851590106007}, "test": {"accuracy": 76.36363636363637}}, "0.8": {"reduction_in_attributes": 66.66666666666667, "time": 0.05622982978820801, "reduction": 22.26148409893993, "validation": {"accuracy": 77.73851590106007}, "test": {"accuracy": 76.36363636363637}}, "0.9": {"reduction_in_attributes": 66.66666666666667, "time": 0.055921077728271484, "reduction": 22.26148409893993, "validation": {"accuracy": 77.73851590106007}, "test": {"accuracy": 76.36363636363637}}, "1.0": {"reduction_in_attributes": 66.66666666666667, "time": 0.05654191970825195, "reduction": 22.26148409893993, "validation": {"accuracy": 77.73851590106007}, "test": {"accuracy": 76.36363636363637}}}, "6": {"0.0": {"reduction_in_attributes": 66.66666666666667, "time": 0.060873985290527344, "reduction": 0.0, "validation": {"accuracy": 77.9404341241797}, "test": {"accuracy": 74.54545454545455}}, "0.1": {"reduction_in_attributes": 66.66666666666667, "time": 0.05543804168701172, "reduction": 22.059565875820297, "validation": {"accuracy": 77.9404341241797}, "test": {"accuracy": 74.54545454545455}}, "0.2": {"reduction_in_attributes": 66.66666666666667, "time": 0.05672597885131836, "reduction": 22.059565875820297, "validation": {"accuracy": 77.9404341241797}, "test": {"accuracy": 74.54545454545455}}, "0.3": {"reduction_in_attributes": 66.66666666666667, "time": 0.05751800537109375, "reduction": 22.059565875820297, "validation": {"accuracy": 77.9404341241797}, "test": {"accuracy": 74.54545454545455}}, "0.4": {"reduction_in_attributes": 66.66666666666667, "time": 0.05714893341064453, "reduction": 22.059565875820297, "validation": {"accuracy": 77.9404341241797}, "test": {"accuracy": 74.54545454545455}}, "0.5": {"reduction_in_attributes": 66.66666666666667, "time": 0.0569148063659668, "reduction": 22.059565875820297, "validation": {"accuracy": 77.9404341241797}, "test": {"accuracy": 74.54545454545455}}, "0.6": {"reduction_in_attributes": 66.66666666666667,