{"3": {"0.0": {"reduction_in_attributes": 75.0, "time": 0.0009479522705078125, "reduction": 7.638888888888884, "validation": {"accuracy": 61.111111111111114}, "test": {"accuracy": 56.25}}, "0.1": {"reduction_in_attributes": 75.0, "time": 0.0009000301361083984, "reduction": 32.638888888888886, "validation": {"accuracy": 50.69444444444444}, "test": {"accuracy": 87.5}}, "0.2": {"reduction_in_attributes": 75.0, "time": 0.0008771419525146484, "reduction": 33.333333333333336, "validation": {"accuracy": 56.94444444444444}, "test": {"accuracy": 25.0}}, "0.3": {"reduction_in_attributes": 75.0, "time": 0.0013120174407958984, "reduction": 44.44444444444444, "validation": {"accuracy": 56.94444444444444}, "test": {"accuracy": 25.0}}, "0.4": {"reduction_in_attributes": 75.0, "time": 0.0013098716735839844, "reduction": 50.69444444444444, "validation": {"accuracy": 56.94444444444444}, "test": {"accuracy": 25.0}}, "0.5": {"reduction_in_attributes": 75.0, "time": 0.0014429092407226562, "reduction": 54.861111111111114, "validation": {"accuracy": 55.55555555555556}, "test": {"accuracy": 50.0}}, "0.6": {"reduction_in_attributes": 75.0, "time": 0.0009958744049072266, "reduction": 54.861111111111114, "validation": {"accuracy": 55.55555555555556}, "test": {"accuracy": 50.0}}, "0.7": {"reduction_in_attributes": 75.0, "time": 0.001004934310913086, "reduction": 50.69444444444444, "validation": {"accuracy": 38.19444444444444}, "test": {"accuracy": 18.75}}, "0.8": {"reduction_in_attributes": 75.0, "time": 0.0008668899536132812, "reduction": 53.47222222222222, "validation": {"accuracy": 56.94444444444444}, "test": {"accuracy": 25.0}}, "0.9": {"reduction_in_attributes": 75.0, "time": 0.0008571147918701172, "reduction": 58.33333333333333, "validation": {"accuracy": 50.69444444444444}, "test": {"accuracy": 87.5}}, "1.0": {"reduction_in_attributes": 75.0, "time": 0.0008680820465087891, "reduction": 53.47222222222222, "validation": {"accuracy": 56.94444444444444}, "test": {"accuracy": 25.0}}}, "4": {"0.0": {"reduction_in_attributes": 75.0, "time": 0.0009927749633789062, "reduction": 6.944444444444442, "validation": {"accuracy": 54.861111111111114}, "test": {"accuracy": 50.0}}, "0.1": {"reduction_in_attributes": 75.0, "time": 0.0009238719940185547, "reduction": 44.44444444444444, "validation": {"accuracy": 52.083333333333336}, "test": {"accuracy": 68.75}}, "0.2": {"reduction_in_attributes": 75.0, "time": 0.0008740425109863281, "reduction": 29.166666666666664, "validation": {"accuracy": 36.80555555555556}, "test": {"accuracy": 31.25}}, "0.3": {"reduction_in_attributes": 75.0, "time": 0.0009961128234863281, "reduction": 29.166666666666664, "validation": {"accuracy": 36.80555555555556}, "test": {"accuracy": 31.25}}, "0.4": {"reduction_in_attributes": 75.0, "time": 0.0009791851043701172, "reduction": 52.08333333333333, "validation": {"accuracy": 54.861111111111114}, "test": {"accuracy": 50.0}}, "0.5": {"reduction_in_attributes": 75.0, "time": 0.001232147216796875, "reduction": 54.861111111111114, "validation": {"accuracy": 54.861111111111114}, "test": {"accuracy": 50.0}}, "0.6": {"reduction_in_attributes": 75.0, "time": 0.0008881092071533203, "reduction": 53.47222222222222, "validation": {"accuracy": 56.25}, "test": {"accuracy": 43.75}}, "0.7": {"reduction_in_attributes": 75.0, "time": 0.0012497901916503906, "reduction": 53.47222222222222, "validation": {"accuracy": 56.25}, "test": {"accuracy": 43.75}}, "0.8": {"reduction_in_attributes": 75.0, "time": 0.0015981197357177734, "reduction": 54.861111111111114, "validation": {"accuracy": 54.861111111111114}, "test": {"accuracy": 50.0}}, "0.9": {"reduction_in_attributes": 75.0, "time": 0.0008900165557861328, "reduction": 53.47222222222222, "validation": {"accuracy": 56.25}, "test": {"accuracy": 43.75}}, "1.0": {"reduction_in_attributes": 75.0, "time": 0.0008418560028076172, "reduction": 57.638888888888886, "validation": {"accuracy": 52.083333333333336}, "test": {"accuracy": 68.75}}}, "5": {"0.0": {"reduction_in_attributes": 75.0, "time": 0.0009059906005859375, "reduction": 8.333333333333337, "validation": {"accuracy": 56.25}, "test": {"accuracy": 25.0}}, "0.1": {"reduction_in_attributes": 75.0, "time": 0.0009541511535644531, "reduction": 28.47222222222222, "validation": {"accuracy": 31.25}, "test": {"accuracy": 31.25}}, "0.2": {"reduction_in_attributes": 75.0, "time": 0.001110076904296875, "reduction": 34.02777777777778, "validation": {"accuracy": 56.25}, "test": {"accuracy": 25.0}}, "0.3": {"reduction_in_attributes": 75.0, "time": 0.0008971691131591797, "reduction": 44.44444444444444, "validation": {"accuracy": 56.25}, "test": {"accuracy": 25.0}}, "0.4": {"reduction_in_attributes": 75.0, "time": 0.0008869171142578125, "reduction": 52.08333333333333, "validation": {"accuracy": 56.25}, "test": {"accuracy": 25.0}}, "0.5": {"reduction_in_attributes": 75.0, "time": 0.0012760162353515625, "reduction": 54.861111111111114, "validation": {"accuracy": 56.25}, "test": {"accuracy": 25.0}}, "0.6": {"reduction_in_attributes": 75.0, "time": 0.0012629032135009766, "reduction": 54.16666666666667, "validation": {"accuracy": 54.861111111111114}, "test": {"accuracy": 43.75}}, "0.7": {"reduction_in_attributes": 75.0, "time": 0.0013530254364013672, "reduction": 56.94444444444444, "validation": {"accuracy": 52.083333333333336}, "test": {"accuracy": 81.25}}, "0.8": {"reduction_in_attributes": 75.0, "time": 0.00098419189453125, "reduction": 55.55555555555556, "validation": {"accuracy": 35.41666666666667}, "test": {"accuracy": 37.5}}, "0.9": {"reduction_in_attributes": 75.0, "time": 0.0009100437164306641, "reduction": 55.55555555555556, "validation": {"accuracy": 35.41666666666667}, "test": {"accuracy": 37.5}}, "1.0": {"reduction_in_attributes": 75.0, "time": 0.0009737014770507812, "reduction": 56.94444444444444, "validation": {"accuracy": 52.083333333333336}, "test": {"accuracy": 81.25}}}, "6": {"0.0": {"reduction_in_attributes": 75.0, "time": 0.0009176731109619141, "reduction": 0.0, "validation": {"accuracy": 38.19444444444444}, "test": {"accuracy": 12.5}}, "0.1": {"reduction_in_attributes": 75.0, "time": 0.0009391307830810547, "reduction": 34.72222222222222, "validation": {"accuracy": 59.72222222222222}, "test": {"accuracy": 56.25}}, "0.2": {"reduction_in_attributes": 75.0, "time": 0.0010333061218261719, "reduction": 34.72222222222222, "validation": {"accuracy": 38.19444444444444}, "test": {"accuracy": 12.5}}, "0.3": {"reduction_in_attributes": 75.0, "time": 0.0010547637939453125, "reduction": 54.16666666666667, "validation": {"accuracy": 53.47222222222222}, "test": {"accuracy": 56.25}}, "0.4": {"reduction_in_attributes": 75.0, "time": 0.000993967056274414, "reduction": 51.388888888888886, "validation": {"accuracy": 56.25}, "test": {"accuracy": 43.75}}, "0.5": {"reduction_in_attributes": 75.0, "time": 0.0008630752563476562, "reduction": 54.16666666666667, "validation": {"accuracy": 56.25}, "test": {"accuracy": 43.75}}, "0.6": {"reduction_in_attributes": 75.0, "time": 0.0008766651153564453, "reduction": 56.94444444444444, "validation": {"accuracy": 53.47222222222222}, "test": {"accuracy": 56.25}}, "0.7": {"reduction_in_attributes": 75.0, "time": 0.0008051395416259766, "reduction": 56.25, "validation": {"accuracy": 38.19444444444444}, "test": {"accuracy": 12.5}}, "0.8": {"reduction_in_attributes": 75.0, "time": 0.0010161399841308594, "reduction": 56.25, "validation": {"accuracy": 38.19444444444444}, "test": {"accuracy": 12.5}}, "0.9": {"reduction_in_attributes": 75.0, "time": 0.0008711814880371094, "reduction": 56.25, "validation": {"accuracy": 53.47222222222222}, "test": {"accuracy": 62.5}}, "1.0": {"reduction_in_attributes": 75.0, "time": 0.0008840560913085938, "reduction": 56.25, "validation": {"accuracy": 53.47222222222222}, "test": {"accuracy": 62.5}}}, "7": {"0.0": {"reduction_in_attributes": 75.0, "time": 0.0010449886322021484, "reduction": 8.333333333333337, "validation": {"accuracy": 56.94444444444444}, "test": {"accuracy": 25.0}},