{"3": {"0.0": {"reduction_in_attributes": 61.53846153846154, "time": 0.0025739669799804688, "reduction": 4.526748971193417, "validation": {"accuracy": 48.971193415637856}, "test": {"accuracy": 44.44444444444444}}, "0.1": {"reduction_in_attributes": 61.53846153846154, "time": 0.0024750232696533203, "reduction": 6.584362139917699, "validation": {"accuracy": 48.971193415637856}, "test": {"accuracy": 44.44444444444444}}, "0.2": {"reduction_in_attributes": 61.53846153846154, "time": 0.0018188953399658203, "reduction": 18.518518518518523, "validation": {"accuracy": 50.617283950617285}, "test": {"accuracy": 44.44444444444444}}, "0.3": {"reduction_in_attributes": 61.53846153846154, "time": 0.0021429061889648438, "reduction": 21.810699588477366, "validation": {"accuracy": 50.617283950617285}, "test": {"accuracy": 44.44444444444444}}, "0.4": {"reduction_in_attributes": 61.53846153846154, "time": 0.0018329620361328125, "reduction": 28.395061728395067, "validation": {"accuracy": 50.617283950617285}, "test": {"accuracy": 44.44444444444444}}, "0.5": {"reduction_in_attributes": 61.53846153846154, "time": 0.00150299072265625, "reduction": 38.27160493827161, "validation": {"accuracy": 56.37860082304527}, "test": {"accuracy": 59.25925925925925}}, "0.6": {"reduction_in_attributes": 61.53846153846154, "time": 0.0018963813781738281, "reduction": 48.971193415637856, "validation": {"accuracy": 55.55555555555556}, "test": {"accuracy": 55.55555555555556}}, "0.7": {"reduction_in_attributes": 61.53846153846154, "time": 0.0022771358489990234, "reduction": 52.2633744855967, "validation": {"accuracy": 55.55555555555556}, "test": {"accuracy": 55.55555555555556}}, "0.8": {"reduction_in_attributes": 61.53846153846154, "time": 0.0017249584197998047, "reduction": 67.07818930041152, "validation": {"accuracy": 55.55555555555556}, "test": {"accuracy": 55.55555555555556}}, "0.9": {"reduction_in_attributes": 61.53846153846154, "time": 0.0017311573028564453, "reduction": 81.89300411522633, "validation": {"accuracy": 56.79012345679012}, "test": {"accuracy": 51.85185185185185}}, "1.0": {"reduction_in_attributes": 61.53846153846154, "time": 0.0013349056243896484, "reduction": 89.7119341563786, "validation": {"accuracy": 54.32098765432099}, "test": {"accuracy": 62.96296296296296}}}, "4": {"0.0": {"reduction_in_attributes": 61.53846153846154, "time": 0.002154827117919922, "reduction": 6.995884773662553, "validation": {"accuracy": 57.61316872427984}, "test": {"accuracy": 51.85185185185185}}, "0.1": {"reduction_in_attributes": 61.53846153846154, "time": 0.0027000904083251953, "reduction": 15.226337448559669, "validation": {"accuracy": 58.43621399176955}, "test": {"accuracy": 51.85185185185185}}, "0.2": {"reduction_in_attributes": 61.53846153846154, "time": 0.0021209716796875, "reduction": 24.279835390946502, "validation": {"accuracy": 58.43621399176955}, "test": {"accuracy": 51.85185185185185}}, "0.3": {"reduction_in_attributes": 61.53846153846154, "time": 0.0024781227111816406, "reduction": 27.572016460905346, "validation": {"accuracy": 58.43621399176955}, "test": {"accuracy": 51.85185185185185}}, "0.4": {"reduction_in_attributes": 61.53846153846154, "time": 0.0016489028930664062, "reduction": 31.275720164609055, "validation": {"accuracy": 58.43621399176955}, "test": {"accuracy": 51.85185185185185}}, "0.5": {"reduction_in_attributes": 61.53846153846154, "time": 0.001584768295288086, "reduction": 37.44855967078189, "validation": {"accuracy": 58.43621399176955}, "test": {"accuracy": 51.85185185185185}}, "0.6": {"reduction_in_attributes": 61.53846153846154, "time": 0.0015091896057128906, "reduction": 46.50205761316872, "validation": {"accuracy": 58.43621399176955}, "test": {"accuracy": 51.85185185185185}}, "0.7": {"reduction_in_attributes": 61.53846153846154, "time": 0.0013322830200195312, "reduction": 54.73251028806585, "validation": {"accuracy": 58.43621399176955}, "test": {"accuracy": 51.85185185185185}}, "0.8": {"reduction_in_attributes": 61.53846153846154, "time": 0.0018198490142822266, "reduction": 61.31687242798354, "validation": {"accuracy": 58.43621399176955}, "test": {"accuracy": 51.85185185185185}}, "0.9": {"reduction_in_attributes": 61.53846153846154, "time": 0.0014889240264892578, "reduction": 77.36625514403292, "validation": {"accuracy": 58.43621399176955}, "test": {"accuracy": 51.85185185185185}}, "1.0": {"reduction_in_attributes": 61.53846153846154, "time": 0.0015659332275390625, "reduction": 96.2962962962963, "validation": {"accuracy": 59.25925925925925}, "test": {"accuracy": 51.85185185185185}}}, "5": {"0.0": {"reduction_in_attributes": 61.53846153846154, "time": 0.001725912094116211, "reduction": 7.818930041152261, "validation": {"accuracy": 47.325102880658434}, "test": {"accuracy": 51.85185185185185}}, "0.1": {"reduction_in_attributes": 61.53846153846154, "time": 0.0019981861114501953, "reduction": 18.930041152263378, "validation": {"accuracy": 47.325102880658434}, "test": {"accuracy": 51.85185185185185}}, "0.2": {"reduction_in_attributes": 61.53846153846154, "time": 0.002355337142944336, "reduction": 25.514403292181065, "validation": {"accuracy": 52.2633744855967}, "test": {"accuracy": 55.55555555555556}}, "0.3": {"reduction_in_attributes": 61.53846153846154, "time": 0.001680135726928711, "reduction": 27.572016460905346, "validation": {"accuracy": 52.2633744855967}, "test": {"accuracy": 55.55555555555556}}, "0.4": {"reduction_in_attributes": 61.53846153846154, "time": 0.0021178722381591797, "reduction": 34.97942386831275, "validation": {"accuracy": 52.2633744855967}, "test": {"accuracy": 55.55555555555556}}, "0.5": {"reduction_in_attributes": 61.53846153846154, "time": 0.0017430782318115234, "reduction": 44.03292181069959, "validation": {"accuracy": 52.2633744855967}, "test": {"accuracy": 55.55555555555556}}, "0.6": {"reduction_in_attributes": 61.53846153846154, "time": 0.001516103744506836, "reduction": 52.674897119341566, "validation": {"accuracy": 52.2633744855967}, "test": {"accuracy": 55.55555555555556}}, "0.7": {"reduction_in_attributes": 61.53846153846154, "time": 0.0018012523651123047, "reduction": 61.728395061728406, "validation": {"accuracy": 52.2633744855967}, "test": {"accuracy": 55.55555555555556}}, "0.8": {"reduction_in_attributes": 61.53846153846154, "time": 0.0012559890747070312, "reduction": 72.8395061728395, "validation": {"accuracy": 52.2633744855967}, "test": {"accuracy": 55.55555555555556}}, "0.9": {"reduction_in_attributes": 61.53846153846154, "time": 0.0011830329895019531, "reduction": 88.88888888888889, "validation": {"accuracy": 52.2633744855967}, "test": {"accuracy": 55.55555555555556}}, "1.0": {"reduction_in_attributes": 61.53846153846154, "time": 0.0012018680572509766, "reduction": 99.1769547325103, "validation": {"accuracy": 60.90534979423868}, "test": {"accuracy": 70.37037037037037}}}, "6": {"0.0": {"reduction_in_attributes": 61.53846153846154, "time": 0.001766204833984375, "reduction": 5.349794238683126, "validation": {"accuracy": 54.32098765432099}, "test": {"accuracy": 48.148148148148145}}, "0.1": {"reduction_in_attributes": 61.53846153846154, "time": 0.0017268657684326172, "reduction": 11.934156378600825, "validation": {"accuracy": 55.96707818930041}, "test": {"accuracy": 51.85185185185185}}, "0.2": {"reduction_in_attributes": 61.53846153846154, "time": 0.0019459724426269531, "reduction": 20.16460905349794, "validation": {"accuracy": 55.96707818930041}, "test": {"accuracy": 51.85185185185185}}, "0.3": {"reduction_in_attributes": 61.53846153846154, "time": 0.0014231204986572266, "reduction": 21.399176954732514, "validation": {"accuracy": 55.96707818930041}, "test": {"accuracy": 51.85185185185185}}, "0.4": {"reduction_in_attributes": 61.53846153846154, "time": 0.001882791519165039, "reduction": 30.864197530864203, "validation": {"accuracy": 55.96707818930041}, "test": {"accuracy": 51.85185185185185}}, "0.5": {"reduction_in_attributes": 61.53846153846154, "time": 0.0014388561248779297, "reduction": 39.91769547325102,