{"3": {"0.0": {"reduction_in_attributes": 75.0, "time": 0.0061719417572021484, "reduction": 0.0, "validation": {"accuracy": 45.55160142348754}, "test": {"accuracy": 31.746031746031743}}, "0.1": {"reduction_in_attributes": 75.0, "time": 0.004924774169921875, "reduction": 10.320284697508896, "validation": {"accuracy": 53.91459074733096}, "test": {"accuracy": 53.96825396825397}}, "0.2": {"reduction_in_attributes": 75.0, "time": 0.004555940628051758, "reduction": 16.548042704626333, "validation": {"accuracy": 53.55871886120996}, "test": {"accuracy": 57.14285714285714}}, "0.3": {"reduction_in_attributes": 75.0, "time": 0.004899024963378906, "reduction": 21.70818505338078, "validation": {"accuracy": 45.55160142348754}, "test": {"accuracy": 31.746031746031743}}, "0.4": {"reduction_in_attributes": 75.0, "time": 0.0058171749114990234, "reduction": 22.953736654804267, "validation": {"accuracy": 45.195729537366546}, "test": {"accuracy": 34.92063492063492}}, "0.5": {"reduction_in_attributes": 75.0, "time": 0.005146980285644531, "reduction": 31.138790035587192, "validation": {"accuracy": 45.195729537366546}, "test": {"accuracy": 34.92063492063492}}, "0.6": {"reduction_in_attributes": 75.0, "time": 0.0042378902435302734, "reduction": 43.41637010676157, "validation": {"accuracy": 53.55871886120996}, "test": {"accuracy": 57.14285714285714}}, "0.7": {"reduction_in_attributes": 75.0, "time": 0.004257678985595703, "reduction": 43.41637010676157, "validation": {"accuracy": 53.55871886120996}, "test": {"accuracy": 57.14285714285714}}, "0.8": {"reduction_in_attributes": 75.0, "time": 0.004276275634765625, "reduction": 54.804270462633454, "validation": {"accuracy": 45.195729537366546}, "test": {"accuracy": 46.03174603174603}}, "0.9": {"reduction_in_attributes": 75.0, "time": 0.004112958908081055, "reduction": 67.25978647686833, "validation": {"accuracy": 45.195729537366546}, "test": {"accuracy": 46.03174603174603}}, "1.0": {"reduction_in_attributes": 75.0, "time": 0.0040340423583984375, "reduction": 69.21708185053382, "validation": {"accuracy": 63.345195729537366}, "test": {"accuracy": 65.07936507936508}}}, "4": {"0.0": {"reduction_in_attributes": 75.0, "time": 0.006417274475097656, "reduction": 0.0, "validation": {"accuracy": 44.128113879003564}, "test": {"accuracy": 55.55555555555556}}, "0.1": {"reduction_in_attributes": 75.0, "time": 0.00510406494140625, "reduction": 8.007117437722421, "validation": {"accuracy": 44.128113879003564}, "test": {"accuracy": 55.55555555555556}}, "0.2": {"reduction_in_attributes": 75.0, "time": 0.005162954330444336, "reduction": 14.946619217081846, "validation": {"accuracy": 63.70106761565836}, "test": {"accuracy": 61.904761904761905}}, "0.3": {"reduction_in_attributes": 75.0, "time": 0.00506281852722168, "reduction": 22.24199288256228, "validation": {"accuracy": 45.01779359430605}, "test": {"accuracy": 47.61904761904761}}, "0.4": {"reduction_in_attributes": 75.0, "time": 0.004861354827880859, "reduction": 23.66548042704626, "validation": {"accuracy": 45.01779359430605}, "test": {"accuracy": 47.61904761904761}}, "0.5": {"reduction_in_attributes": 75.0, "time": 0.004410982131958008, "reduction": 31.850533807829184, "validation": {"accuracy": 45.01779359430605}, "test": {"accuracy": 47.61904761904761}}, "0.6": {"reduction_in_attributes": 75.0, "time": 0.0040891170501708984, "reduction": 43.41637010676157, "validation": {"accuracy": 63.70106761565836}, "test": {"accuracy": 61.904761904761905}}, "0.7": {"reduction_in_attributes": 75.0, "time": 0.004530191421508789, "reduction": 41.10320284697509, "validation": {"accuracy": 46.263345195729535}, "test": {"accuracy": 36.507936507936506}}, "0.8": {"reduction_in_attributes": 75.0, "time": 0.004134178161621094, "reduction": 56.58362989323844, "validation": {"accuracy": 45.01779359430605}, "test": {"accuracy": 47.61904761904761}}, "0.9": {"reduction_in_attributes": 75.0, "time": 0.00454401969909668, "reduction": 69.5729537366548, "validation": {"accuracy": 62.989323843416365}, "test": {"accuracy": 68.25396825396825}}, "1.0": {"reduction_in_attributes": 75.0, "time": 0.004755973815917969, "reduction": 69.5729537366548, "validation": {"accuracy": 62.989323843416365}, "test": {"accuracy": 68.25396825396825}}}, "5": {"0.0": {"reduction_in_attributes": 75.0, "time": 0.006088972091674805, "reduction": 0.0, "validation": {"accuracy": 45.90747330960854}, "test": {"accuracy": 39.682539682539684}}, "0.1": {"reduction_in_attributes": 75.0, "time": 0.005255222320556641, "reduction": 8.540925266903908, "validation": {"accuracy": 45.55160142348754}, "test": {"accuracy": 42.857142857142854}}, "0.2": {"reduction_in_attributes": 75.0, "time": 0.0065119266510009766, "reduction": 16.192170818505335, "validation": {"accuracy": 45.55160142348754}, "test": {"accuracy": 42.857142857142854}}, "0.3": {"reduction_in_attributes": 75.0, "time": 0.004907131195068359, "reduction": 22.419928825622783, "validation": {"accuracy": 45.90747330960854}, "test": {"accuracy": 39.682539682539684}}, "0.4": {"reduction_in_attributes": 75.0, "time": 0.004472255706787109, "reduction": 22.419928825622783, "validation": {"accuracy": 45.90747330960854}, "test": {"accuracy": 39.682539682539684}}, "0.5": {"reduction_in_attributes": 75.0, "time": 0.004230976104736328, "reduction": 31.49466192170819, "validation": {"accuracy": 45.90747330960854}, "test": {"accuracy": 39.682539682539684}}, "0.6": {"reduction_in_attributes": 75.0, "time": 0.004167318344116211, "reduction": 41.10320284697509, "validation": {"accuracy": 34.87544483985765}, "test": {"accuracy": 31.746031746031743}}, "0.7": {"reduction_in_attributes": 75.0, "time": 0.004331111907958984, "reduction": 42.88256227758007, "validation": {"accuracy": 45.90747330960854}, "test": {"accuracy": 39.682539682539684}}, "0.8": {"reduction_in_attributes": 75.0, "time": 0.004450082778930664, "reduction": 54.44839857651246, "validation": {"accuracy": 45.55160142348754}, "test": {"accuracy": 42.857142857142854}}, "0.9": {"reduction_in_attributes": 75.0, "time": 0.003926992416381836, "reduction": 67.79359430604983, "validation": {"accuracy": 63.52313167259786}, "test": {"accuracy": 63.49206349206349}}, "1.0": {"reduction_in_attributes": 75.0, "time": 0.004421710968017578, "reduction": 67.79359430604983, "validation": {"accuracy": 63.52313167259786}, "test": {"accuracy": 63.49206349206349}}}, "6": {"0.0": {"reduction_in_attributes": 75.0, "time": 0.0056040287017822266, "reduction": 0.0, "validation": {"accuracy": 45.825932504440495}, "test": {"accuracy": 40.32258064516129}}, "0.1": {"reduction_in_attributes": 75.0, "time": 0.0047359466552734375, "reduction": 8.525754884547066, "validation": {"accuracy": 53.99644760213144}, "test": {"accuracy": 53.2258064516129}}, "0.2": {"reduction_in_attributes": 75.0, "time": 0.005536079406738281, "reduction": 14.742451154529313, "validation": {"accuracy": 40.49733570159858}, "test": {"accuracy": 33.87096774193548}}, "0.3": {"reduction_in_attributes": 75.0, "time": 0.005777835845947266, "reduction": 22.557726465364127, "validation": {"accuracy": 40.49733570159858}, "test": {"accuracy": 33.87096774193548}}, "0.4": {"reduction_in_attributes": 75.0, "time": 0.0052983760833740234, "reduction": 24.689165186500883, "validation": {"accuracy": 54.174067495559505}, "test": {"accuracy": 51.61290322580645}}, "0.5": {"reduction_in_attributes": 75.0, "time": 0.00456690788269043, "reduction": 33.39253996447602, "validation": {"accuracy": 53.99644760213144}, "test": {"accuracy": 53.2258064516129}}, "0.6": {"reduction_in_attributes": 75.0, "time": 0.004679203033447266, "reduction": 42.62877442273535, "validation": {"accuracy": 32.149200710479576}, "test": {"accuracy": 22.58064516129032}}, "0.7": {"reduction_in_attributes": 75.0, "time": 0.003984212875366211, "reduction": 43.3392539964476, "validation": {"accuracy": 45.825932504440495}, "test": {"accuracy": 40.32258064516129}}, "0.8": {"reduction_in_attributes": 75.0, "time": 0.004364967346191406, "reduction": 56.30550621669628,