{"3": {"0.0": {"reduction_in_attributes": 85.71428571428572, "time": 0.004366159439086914, "reduction": 0.0, "validation": {"accuracy": 19.77777777777778}, "test": {"accuracy": 22.0}}, "0.1": {"reduction_in_attributes": 85.71428571428572, "time": 0.004453182220458984, "reduction": 9.333333333333337, "validation": {"accuracy": 18.88888888888889}, "test": {"accuracy": 18.0}}, "0.2": {"reduction_in_attributes": 85.71428571428572, "time": 0.0038738250732421875, "reduction": 8.888888888888891, "validation": {"accuracy": 19.555555555555557}, "test": {"accuracy": 22.0}}, "0.3": {"reduction_in_attributes": 85.71428571428572, "time": 0.0042591094970703125, "reduction": 9.55555555555555, "validation": {"accuracy": 18.0}, "test": {"accuracy": 20.0}}, "0.4": {"reduction_in_attributes": 85.71428571428572, "time": 0.004277944564819336, "reduction": 9.55555555555555, "validation": {"accuracy": 18.0}, "test": {"accuracy": 20.0}}, "0.5": {"reduction_in_attributes": 85.71428571428572, "time": 0.0038290023803710938, "reduction": 8.888888888888891, "validation": {"accuracy": 19.555555555555557}, "test": {"accuracy": 22.0}}, "0.6": {"reduction_in_attributes": 85.71428571428572, "time": 0.003941059112548828, "reduction": 8.888888888888891, "validation": {"accuracy": 19.555555555555557}, "test": {"accuracy": 22.0}}, "0.7": {"reduction_in_attributes": 85.71428571428572, "time": 0.004252195358276367, "reduction": 9.55555555555555, "validation": {"accuracy": 19.333333333333332}, "test": {"accuracy": 18.0}}, "0.8": {"reduction_in_attributes": 85.71428571428572, "time": 0.00415802001953125, "reduction": 8.666666666666668, "validation": {"accuracy": 20.444444444444446}, "test": {"accuracy": 20.0}}, "0.9": {"reduction_in_attributes": 85.71428571428572, "time": 0.003944873809814453, "reduction": 9.55555555555555, "validation": {"accuracy": 18.0}, "test": {"accuracy": 20.0}}, "1.0": {"reduction_in_attributes": 85.71428571428572, "time": 0.004157066345214844, "reduction": 9.55555555555555, "validation": {"accuracy": 19.333333333333332}, "test": {"accuracy": 18.0}}}, "4": {"0.0": {"reduction_in_attributes": 85.71428571428572, "time": 0.0046520233154296875, "reduction": 0.0, "validation": {"accuracy": 19.333333333333332}, "test": {"accuracy": 22.0}}, "0.1": {"reduction_in_attributes": 85.71428571428572, "time": 0.004106283187866211, "reduction": 12.0, "validation": {"accuracy": 15.555555555555555}, "test": {"accuracy": 14.000000000000002}}, "0.2": {"reduction_in_attributes": 85.71428571428572, "time": 0.004109859466552734, "reduction": 12.0, "validation": {"accuracy": 15.555555555555555}, "test": {"accuracy": 14.000000000000002}}, "0.3": {"reduction_in_attributes": 85.71428571428572, "time": 0.004141807556152344, "reduction": 9.55555555555555, "validation": {"accuracy": 20.666666666666668}, "test": {"accuracy": 22.0}}, "0.4": {"reduction_in_attributes": 85.71428571428572, "time": 0.004012107849121094, "reduction": 9.777777777777775, "validation": {"accuracy": 17.77777777777778}, "test": {"accuracy": 18.0}}, "0.5": {"reduction_in_attributes": 85.71428571428572, "time": 0.004391908645629883, "reduction": 12.0, "validation": {"accuracy": 15.555555555555555}, "test": {"accuracy": 14.000000000000002}}, "0.6": {"reduction_in_attributes": 85.71428571428572, "time": 0.004307985305786133, "reduction": 10.444444444444445, "validation": {"accuracy": 19.333333333333332}, "test": {"accuracy": 22.0}}, "0.7": {"reduction_in_attributes": 85.71428571428572, "time": 0.004182577133178711, "reduction": 9.55555555555555, "validation": {"accuracy": 20.666666666666668}, "test": {"accuracy": 22.0}}, "0.8": {"reduction_in_attributes": 85.71428571428572, "time": 0.004297971725463867, "reduction": 10.444444444444445, "validation": {"accuracy": 19.333333333333332}, "test": {"accuracy": 22.0}}, "0.9": {"reduction_in_attributes": 85.71428571428572, "time": 0.003996372222900391, "reduction": 9.777777777777775, "validation": {"accuracy": 17.77777777777778}, "test": {"accuracy": 18.0}}, "1.0": {"reduction_in_attributes": 85.71428571428572, "time": 0.004123210906982422, "reduction": 10.444444444444445, "validation": {"accuracy": 20.666666666666668}, "test": {"accuracy": 16.0}}}, "5": {"0.0": {"reduction_in_attributes": 85.71428571428572, "time": 0.004249095916748047, "reduction": 0.0, "validation": {"accuracy": 20.666666666666668}, "test": {"accuracy": 18.0}}, "0.1": {"reduction_in_attributes": 85.71428571428572, "time": 0.003923892974853516, "reduction": 9.111111111111114, "validation": {"accuracy": 18.88888888888889}, "test": {"accuracy": 20.0}}, "0.2": {"reduction_in_attributes": 85.71428571428572, "time": 0.004199028015136719, "reduction": 8.888888888888891, "validation": {"accuracy": 20.88888888888889}, "test": {"accuracy": 20.0}}, "0.3": {"reduction_in_attributes": 85.71428571428572, "time": 0.004155874252319336, "reduction": 8.888888888888891, "validation": {"accuracy": 20.88888888888889}, "test": {"accuracy": 20.0}}, "0.4": {"reduction_in_attributes": 85.71428571428572, "time": 0.004072904586791992, "reduction": 10.444444444444445, "validation": {"accuracy": 17.77777777777778}, "test": {"accuracy": 18.0}}, "0.5": {"reduction_in_attributes": 85.71428571428572, "time": 0.0041179656982421875, "reduction": 9.333333333333337, "validation": {"accuracy": 20.666666666666668}, "test": {"accuracy": 18.0}}, "0.6": {"reduction_in_attributes": 85.71428571428572, "time": 0.0043239593505859375, "reduction": 9.333333333333337, "validation": {"accuracy": 20.666666666666668}, "test": {"accuracy": 18.0}}, "0.7": {"reduction_in_attributes": 85.71428571428572, "time": 0.004232883453369141, "reduction": 8.888888888888891, "validation": {"accuracy": 20.22222222222222}, "test": {"accuracy": 14.000000000000002}}, "0.8": {"reduction_in_attributes": 85.71428571428572, "time": 0.0040891170501708984, "reduction": 8.888888888888891, "validation": {"accuracy": 20.88888888888889}, "test": {"accuracy": 20.0}}, "0.9": {"reduction_in_attributes": 85.71428571428572, "time": 0.004183769226074219, "reduction": 10.444444444444445, "validation": {"accuracy": 17.77777777777778}, "test": {"accuracy": 18.0}}, "1.0": {"reduction_in_attributes": 85.71428571428572, "time": 0.0040590763092041016, "reduction": 12.222222222222223, "validation": {"accuracy": 19.11111111111111}, "test": {"accuracy": 18.0}}}, "6": {"0.0": {"reduction_in_attributes": 85.71428571428572, "time": 0.0042150020599365234, "reduction": 0.0, "validation": {"accuracy": 15.11111111111111}, "test": {"accuracy": 18.0}}, "0.1": {"reduction_in_attributes": 85.71428571428572, "time": 0.004019975662231445, "reduction": 10.444444444444445, "validation": {"accuracy": 17.77777777777778}, "test": {"accuracy": 18.0}}, "0.2": {"reduction_in_attributes": 85.71428571428572, "time": 0.0041310787200927734, "reduction": 9.777777777777775, "validation": {"accuracy": 20.22222222222222}, "test": {"accuracy": 22.0}}, "0.3": {"reduction_in_attributes": 85.71428571428572, "time": 0.004138946533203125, "reduction": 8.888888888888891, "validation": {"accuracy": 20.88888888888889}, "test": {"accuracy": 20.0}}, "0.4": {"reduction_in_attributes": 85.71428571428572, "time": 0.004196882247924805, "reduction": 9.777777777777775, "validation": {"accuracy": 20.22222222222222}, "test": {"accuracy": 22.0}}, "0.5": {"reduction_in_attributes": 85.71428571428572, "time": 0.0041768550872802734, "reduction": 8.888888888888891, "validation": {"accuracy": 20.88888888888889}, "test": {"accuracy": 20.0}}, "0.6": {"reduction_in_attributes": 85.71428571428572, "time": 0.004332065582275391, "reduction": 8.888888888888891, "validation": {"accuracy": 20.88888888888889}, "test": {"accuracy": 20.0}}, "0.7": {"reduction_in_attributes": 85.71428571428572, "time": 0.0038809776306152344, "reduction": 9.111111111111114, "validation": {"accuracy": 19.11111111111111}, "test": {"accuracy": 18.0}}, "0.8": {"reduction_in_attributes": 85.71428571428572, "time": 0.00414586067199707, "reduction": 12.444444444444446,