{"3": {"0.0": {"reduction_in_attributes": 75.0, "time": 0.005698204040527344, "reduction": 0.0, "validation": {"accuracy": 34.69750889679715}, "test": {"accuracy": 33.33333333333333}}, "0.1": {"reduction_in_attributes": 75.0, "time": 0.005530118942260742, "reduction": 8.896797153024917, "validation": {"accuracy": 54.092526690391466}, "test": {"accuracy": 52.38095238095239}}, "0.2": {"reduction_in_attributes": 75.0, "time": 0.004377841949462891, "reduction": 14.234875444839856, "validation": {"accuracy": 54.62633451957295}, "test": {"accuracy": 47.61904761904761}}, "0.3": {"reduction_in_attributes": 75.0, "time": 0.0049970149993896484, "reduction": 21.70818505338078, "validation": {"accuracy": 54.092526690391466}, "test": {"accuracy": 52.38095238095239}}, "0.4": {"reduction_in_attributes": 75.0, "time": 0.004664897918701172, "reduction": 22.419928825622783, "validation": {"accuracy": 54.62633451957295}, "test": {"accuracy": 47.61904761904761}}, "0.5": {"reduction_in_attributes": 75.0, "time": 0.005025148391723633, "reduction": 31.316725978647685, "validation": {"accuracy": 54.092526690391466}, "test": {"accuracy": 52.38095238095239}}, "0.6": {"reduction_in_attributes": 75.0, "time": 0.00540614128112793, "reduction": 42.88256227758007, "validation": {"accuracy": 45.729537366548044}, "test": {"accuracy": 41.269841269841265}}, "0.7": {"reduction_in_attributes": 75.0, "time": 0.004686117172241211, "reduction": 42.88256227758007, "validation": {"accuracy": 45.55160142348754}, "test": {"accuracy": 42.857142857142854}}, "0.8": {"reduction_in_attributes": 75.0, "time": 0.005313873291015625, "reduction": 54.270462633451956, "validation": {"accuracy": 34.69750889679715}, "test": {"accuracy": 33.33333333333333}}, "0.9": {"reduction_in_attributes": 75.0, "time": 0.0042879581451416016, "reduction": 67.79359430604983, "validation": {"accuracy": 45.55160142348754}, "test": {"accuracy": 42.857142857142854}}, "1.0": {"reduction_in_attributes": 75.0, "time": 0.005209684371948242, "reduction": 68.50533807829183, "validation": {"accuracy": 45.195729537366546}, "test": {"accuracy": 46.03174603174603}}}, "4": {"0.0": {"reduction_in_attributes": 75.0, "time": 0.0070590972900390625, "reduction": 0.0, "validation": {"accuracy": 54.270462633451956}, "test": {"accuracy": 50.79365079365079}}, "0.1": {"reduction_in_attributes": 75.0, "time": 0.004978179931640625, "reduction": 8.540925266903908, "validation": {"accuracy": 45.195729537366546}, "test": {"accuracy": 46.03174603174603}}, "0.2": {"reduction_in_attributes": 75.0, "time": 0.005429983139038086, "reduction": 14.412811387900359, "validation": {"accuracy": 54.270462633451956}, "test": {"accuracy": 50.79365079365079}}, "0.3": {"reduction_in_attributes": 75.0, "time": 0.005357980728149414, "reduction": 24.199288256227756, "validation": {"accuracy": 54.270462633451956}, "test": {"accuracy": 50.79365079365079}}, "0.4": {"reduction_in_attributes": 75.0, "time": 0.004925966262817383, "reduction": 23.13167259786477, "validation": {"accuracy": 45.195729537366546}, "test": {"accuracy": 46.03174603174603}}, "0.5": {"reduction_in_attributes": 75.0, "time": 0.0052602291107177734, "reduction": 31.138790035587192, "validation": {"accuracy": 54.270462633451956}, "test": {"accuracy": 50.79365079365079}}, "0.6": {"reduction_in_attributes": 75.0, "time": 0.005339860916137695, "reduction": 43.594306049822066, "validation": {"accuracy": 54.270462633451956}, "test": {"accuracy": 50.79365079365079}}, "0.7": {"reduction_in_attributes": 75.0, "time": 0.005179882049560547, "reduction": 42.70462633451957, "validation": {"accuracy": 31.494661921708182}, "test": {"accuracy": 28.57142857142857}}, "0.8": {"reduction_in_attributes": 75.0, "time": 0.004350900650024414, "reduction": 54.62633451957295, "validation": {"accuracy": 45.195729537366546}, "test": {"accuracy": 46.03174603174603}}, "0.9": {"reduction_in_attributes": 75.0, "time": 0.005589008331298828, "reduction": 67.25978647686833, "validation": {"accuracy": 45.195729537366546}, "test": {"accuracy": 46.03174603174603}}, "1.0": {"reduction_in_attributes": 75.0, "time": 0.0053119659423828125, "reduction": 68.32740213523132, "validation": {"accuracy": 63.345195729537366}, "test": {"accuracy": 65.07936507936508}}}, "5": {"0.0": {"reduction_in_attributes": 75.0, "time": 0.005057096481323242, "reduction": 0.0, "validation": {"accuracy": 52.66903914590747}, "test": {"accuracy": 65.07936507936508}}, "0.1": {"reduction_in_attributes": 75.0, "time": 0.004693269729614258, "reduction": 10.142348754448394, "validation": {"accuracy": 52.66903914590747}, "test": {"accuracy": 65.07936507936508}}, "0.2": {"reduction_in_attributes": 75.0, "time": 0.005326032638549805, "reduction": 16.014234875444842, "validation": {"accuracy": 45.729537366548044}, "test": {"accuracy": 41.269841269841265}}, "0.3": {"reduction_in_attributes": 75.0, "time": 0.004460811614990234, "reduction": 22.597864768683273, "validation": {"accuracy": 53.91459074733096}, "test": {"accuracy": 53.96825396825397}}, "0.4": {"reduction_in_attributes": 75.0, "time": 0.004996061325073242, "reduction": 24.555160142348754, "validation": {"accuracy": 45.729537366548044}, "test": {"accuracy": 41.269841269841265}}, "0.5": {"reduction_in_attributes": 75.0, "time": 0.004214048385620117, "reduction": 32.91814946619217, "validation": {"accuracy": 53.91459074733096}, "test": {"accuracy": 53.96825396825397}}, "0.6": {"reduction_in_attributes": 75.0, "time": 0.004623889923095703, "reduction": 42.88256227758007, "validation": {"accuracy": 45.90747330960854}, "test": {"accuracy": 39.682539682539684}}, "0.7": {"reduction_in_attributes": 75.0, "time": 0.0050580501556396484, "reduction": 44.48398576512456, "validation": {"accuracy": 45.729537366548044}, "test": {"accuracy": 41.269841269841265}}, "0.8": {"reduction_in_attributes": 75.0, "time": 0.0046961307525634766, "reduction": 54.092526690391466, "validation": {"accuracy": 45.90747330960854}, "test": {"accuracy": 39.682539682539684}}, "0.9": {"reduction_in_attributes": 75.0, "time": 0.004338979721069336, "reduction": 68.32740213523132, "validation": {"accuracy": 62.27758007117438}, "test": {"accuracy": 58.730158730158735}}, "1.0": {"reduction_in_attributes": 75.0, "time": 0.004225969314575195, "reduction": 68.32740213523132, "validation": {"accuracy": 62.27758007117438}, "test": {"accuracy": 58.730158730158735}}}, "6": {"0.0": {"reduction_in_attributes": 75.0, "time": 0.005775928497314453, "reduction": 0.0, "validation": {"accuracy": 46.35879218472469}, "test": {"accuracy": 35.483870967741936}}, "0.1": {"reduction_in_attributes": 75.0, "time": 0.005978822708129883, "reduction": 7.815275310834813, "validation": {"accuracy": 46.35879218472469}, "test": {"accuracy": 35.483870967741936}}, "0.2": {"reduction_in_attributes": 75.0, "time": 0.005413055419921875, "reduction": 13.676731793960927, "validation": {"accuracy": 46.35879218472469}, "test": {"accuracy": 35.483870967741936}}, "0.3": {"reduction_in_attributes": 75.0, "time": 0.004339933395385742, "reduction": 19.893428063943162, "validation": {"accuracy": 46.35879218472469}, "test": {"accuracy": 35.483870967741936}}, "0.4": {"reduction_in_attributes": 75.0, "time": 0.005192279815673828, "reduction": 19.893428063943162, "validation": {"accuracy": 46.35879218472469}, "test": {"accuracy": 35.483870967741936}}, "0.5": {"reduction_in_attributes": 75.0, "time": 0.0049097537994384766, "reduction": 29.840142095914747, "validation": {"accuracy": 46.35879218472469}, "test": {"accuracy": 35.483870967741936}}, "0.6": {"reduction_in_attributes": 75.0, "time": 0.004790067672729492, "reduction": 40.31971580817052, "validation": {"accuracy": 46.35879218472469}, "test": {"accuracy": 35.483870967741936}}, "0.7": {"reduction_in_attributes": 75.0, "time": 0.006222963333129883, "reduction": 40.31971580817052, "validation": {"accuracy": 46.35879218472469}, "test": {"accuracy": 35.483870967741936}}, "0.8": {"reduction_in_attributes": 75.0, "time": 0.004590034484863281,