{"3": {"0.0": {"time": 0.035501956939697266, "reduction": 31.622641509433958, "validation": {"accuracy": 39.92452830188679}, "test": {"accuracy": 37.16216216216216}}, "0.1": {"time": 0.0337529182434082, "reduction": 32.45283018867925, "validation": {"accuracy": 39.92452830188679}, "test": {"accuracy": 37.16216216216216}}, "0.2": {"time": 0.031809091567993164, "reduction": 34.867924528301884, "validation": {"accuracy": 40.0}, "test": {"accuracy": 37.83783783783784}}, "0.3": {"time": 0.031790733337402344, "reduction": 40.60377358490565, "validation": {"accuracy": 40.0}, "test": {"accuracy": 37.83783783783784}}, "0.4": {"time": 0.03108692169189453, "reduction": 47.54716981132076, "validation": {"accuracy": 40.679245283018865}, "test": {"accuracy": 37.83783783783784}}, "0.5": {"time": 0.02820897102355957, "reduction": 59.47169811320755, "validation": {"accuracy": 41.43396226415094}, "test": {"accuracy": 38.513513513513516}}, "0.6": {"time": 0.036103010177612305, "reduction": 71.47169811320755, "validation": {"accuracy": 41.58490566037736}, "test": {"accuracy": 39.86486486486486}}, "0.7": {"time": 0.027297019958496094, "reduction": 83.39622641509435, "validation": {"accuracy": 41.283018867924525}, "test": {"accuracy": 41.891891891891895}}, "0.8": {"time": 0.02735114097595215, "reduction": 91.77358490566037, "validation": {"accuracy": 40.37735849056604}, "test": {"accuracy": 42.567567567567565}}, "0.9": {"time": 0.026622295379638672, "reduction": 97.35849056603773, "validation": {"accuracy": 39.320754716981135}, "test": {"accuracy": 42.567567567567565}}, "1.0": {"time": 0.026932954788208008, "reduction": 99.77358490566037, "validation": {"accuracy": 40.0}, "test": {"accuracy": 44.5945945945946}}}, "4": {"0.0": {"time": 0.03131413459777832, "reduction": 34.16289592760181, "validation": {"accuracy": 41.101055806938156}, "test": {"accuracy": 41.49659863945578}}, "0.1": {"time": 0.036604881286621094, "reduction": 36.34992458521871, "validation": {"accuracy": 41.101055806938156}, "test": {"accuracy": 41.49659863945578}}, "0.2": {"time": 0.030563831329345703, "reduction": 39.81900452488688, "validation": {"accuracy": 41.6289592760181}, "test": {"accuracy": 41.49659863945578}}, "0.3": {"time": 0.02936720848083496, "reduction": 45.47511312217195, "validation": {"accuracy": 41.6289592760181}, "test": {"accuracy": 42.17687074829932}}, "0.4": {"time": 0.028795957565307617, "reduction": 52.865761689291105, "validation": {"accuracy": 41.6289592760181}, "test": {"accuracy": 41.49659863945578}}, "0.5": {"time": 0.031248092651367188, "reduction": 62.51885369532428, "validation": {"accuracy": 42.00603318250377}, "test": {"accuracy": 40.136054421768705}}, "0.6": {"time": 0.027962923049926758, "reduction": 73.45399698340876, "validation": {"accuracy": 41.77978883861237}, "test": {"accuracy": 39.455782312925166}}, "0.7": {"time": 0.026920795440673828, "reduction": 81.97586726998492, "validation": {"accuracy": 41.704374057315235}, "test": {"accuracy": 39.455782312925166}}, "0.8": {"time": 0.02707815170288086, "reduction": 91.17647058823529, "validation": {"accuracy": 41.47812971342383}, "test": {"accuracy": 36.734693877551024}}, "0.9": {"time": 0.02976202964782715, "reduction": 96.38009049773756, "validation": {"accuracy": 41.02564102564102}, "test": {"accuracy": 38.775510204081634}}, "1.0": {"time": 0.027319908142089844, "reduction": 99.77375565610859, "validation": {"accuracy": 42.23227752639517}, "test": {"accuracy": 41.49659863945578}}}, "5": {"0.0": {"time": 0.03124094009399414, "reduction": 36.19909502262444, "validation": {"accuracy": 39.29110105580694}, "test": {"accuracy": 40.136054421768705}}, "0.1": {"time": 0.03300285339355469, "reduction": 38.386123680241326, "validation": {"accuracy": 39.29110105580694}, "test": {"accuracy": 40.136054421768705}}, "0.2": {"time": 0.03364109992980957, "reduction": 41.251885369532424, "validation": {"accuracy": 39.29110105580694}, "test": {"accuracy": 40.136054421768705}}, "0.3": {"time": 0.033035993576049805, "reduction": 47.73755656108597, "validation": {"accuracy": 39.366515837104075}, "test": {"accuracy": 40.136054421768705}}, "0.4": {"time": 0.028911113739013672, "reduction": 56.03318250377074, "validation": {"accuracy": 39.59276018099548}, "test": {"accuracy": 40.816326530612244}}, "0.5": {"time": 0.028606176376342773, "reduction": 67.26998491704374, "validation": {"accuracy": 40.57315233785822}, "test": {"accuracy": 40.816326530612244}}, "0.6": {"time": 0.02801799774169922, "reduction": 77.97888386123681, "validation": {"accuracy": 40.723981900452486}, "test": {"accuracy": 41.49659863945578}}, "0.7": {"time": 0.027032136917114258, "reduction": 86.65158371040724, "validation": {"accuracy": 41.6289592760181}, "test": {"accuracy": 38.095238095238095}}, "0.8": {"time": 0.026541709899902344, "reduction": 95.55052790346909, "validation": {"accuracy": 40.874811463046754}, "test": {"accuracy": 44.89795918367347}}, "0.9": {"time": 0.02711009979248047, "reduction": 98.86877828054298, "validation": {"accuracy": 43.06184012066365}, "test": {"accuracy": 41.49659863945578}}, "1.0": {"time": 0.0265657901763916, "reduction": 99.77375565610859, "validation": {"accuracy": 38.68778280542987}, "test": {"accuracy": 36.734693877551024}}}, "6": {"0.0": {"time": 0.03229713439941406, "reduction": 37.254901960784316, "validation": {"accuracy": 41.40271493212669}, "test": {"accuracy": 38.095238095238095}}, "0.1": {"time": 0.031018972396850586, "reduction": 39.44193061840121, "validation": {"accuracy": 41.40271493212669}, "test": {"accuracy": 38.095238095238095}}, "0.2": {"time": 0.0299990177154541, "reduction": 42.911010558069385, "validation": {"accuracy": 41.40271493212669}, "test": {"accuracy": 38.095238095238095}}, "0.3": {"time": 0.029066085815429688, "reduction": 48.86877828054299, "validation": {"accuracy": 41.40271493212669}, "test": {"accuracy": 39.455782312925166}}, "0.4": {"time": 0.027389049530029297, "reduction": 57.466063348416284, "validation": {"accuracy": 41.6289592760181}, "test": {"accuracy": 39.455782312925166}}, "0.5": {"time": 0.02626490592956543, "reduction": 68.47662141779789, "validation": {"accuracy": 41.17647058823529}, "test": {"accuracy": 40.136054421768705}}, "0.6": {"time": 0.02587580680847168, "reduction": 79.11010558069381, "validation": {"accuracy": 40.27149321266968}, "test": {"accuracy": 38.095238095238095}}, "0.7": {"time": 0.025777101516723633, "reduction": 88.38612368024133, "validation": {"accuracy": 40.42232277526395}, "test": {"accuracy": 40.136054421768705}}, "0.8": {"time": 0.025999069213867188, "reduction": 95.32428355957767, "validation": {"accuracy": 38.83861236802414}, "test": {"accuracy": 43.53741496598639}}, "0.9": {"time": 0.02631092071533203, "reduction": 98.79336349924586, "validation": {"accuracy": 36.95324283559578}, "test": {"accuracy": 41.49659863945578}}, "1.0": {"time": 0.026321887969970703, "reduction": 99.77375565610859, "validation": {"accuracy": 33.257918552036195}, "test": {"accuracy": 33.33333333333333}}}, "7": {"0.0": {"time": 0.030864953994750977, "reduction": 35.14328808446455, "validation": {"accuracy": 39.66817496229261}, "test": {"accuracy": 41.49659863945578}}, "0.1": {"time": 0.030671119689941406, "reduction": 35.97285067873304, "validation": {"accuracy": 39.66817496229261}, "test": {"accuracy": 41.49659863945578}}, "0.2": {"time": 0.029575347900390625, "reduction": 39.51734539969834, "validation": {"accuracy": 39.51734539969834}, "test": {"accuracy": 41.49659863945578}}, "0.3": {"time": 0.028954029083251953, "reduction": 44.4947209653092, "validation": {"accuracy": 39.44193061840121}, "test": {"accuracy": 41.49659863945578}}, "0.4": {"time": 0.02831411361694336, "reduction": 53.92156862745099, "validation": {"accuracy": 39.51734539969834}, "test": {"accuracy": 42.17687074829932}}, "0.5": {"time": 0.030086994171142578, "reduction": 63.725490196078425, "validation": {"accuracy": 39.66817496229261}, "test": {"accuracy": 41.49659863945578}}, "0.6": {"time": 0.02651214599609375,