{"3": {"0.0": {"reduction_in_attributes": 85.71428571428572, "time": 0.004475116729736328, "reduction": 0.0, "validation": {"accuracy": 19.555555555555557}, "test": {"accuracy": 20.0}}, "0.1": {"reduction_in_attributes": 85.71428571428572, "time": 0.004312992095947266, "reduction": 12.666666666666671, "validation": {"accuracy": 15.333333333333332}, "test": {"accuracy": 16.0}}, "0.2": {"reduction_in_attributes": 85.71428571428572, "time": 0.004304170608520508, "reduction": 9.55555555555555, "validation": {"accuracy": 17.11111111111111}, "test": {"accuracy": 14.000000000000002}}, "0.3": {"reduction_in_attributes": 85.71428571428572, "time": 0.004303932189941406, "reduction": 11.555555555555552, "validation": {"accuracy": 17.333333333333336}, "test": {"accuracy": 20.0}}, "0.4": {"reduction_in_attributes": 85.71428571428572, "time": 0.004353761672973633, "reduction": 9.55555555555555, "validation": {"accuracy": 17.11111111111111}, "test": {"accuracy": 14.000000000000002}}, "0.5": {"reduction_in_attributes": 85.71428571428572, "time": 0.004220008850097656, "reduction": 9.55555555555555, "validation": {"accuracy": 20.88888888888889}, "test": {"accuracy": 20.0}}, "0.6": {"reduction_in_attributes": 85.71428571428572, "time": 0.004064083099365234, "reduction": 9.111111111111114, "validation": {"accuracy": 18.666666666666668}, "test": {"accuracy": 22.0}}, "0.7": {"reduction_in_attributes": 85.71428571428572, "time": 0.004121065139770508, "reduction": 10.666666666666668, "validation": {"accuracy": 18.88888888888889}, "test": {"accuracy": 22.0}}, "0.8": {"reduction_in_attributes": 85.71428571428572, "time": 0.00426173210144043, "reduction": 12.666666666666671, "validation": {"accuracy": 15.333333333333332}, "test": {"accuracy": 16.0}}, "0.9": {"reduction_in_attributes": 85.71428571428572, "time": 0.004400014877319336, "reduction": 10.444444444444445, "validation": {"accuracy": 19.555555555555557}, "test": {"accuracy": 20.0}}, "1.0": {"reduction_in_attributes": 85.71428571428572, "time": 0.004270076751708984, "reduction": 11.555555555555552, "validation": {"accuracy": 17.333333333333336}, "test": {"accuracy": 20.0}}}, "4": {"0.0": {"reduction_in_attributes": 85.71428571428572, "time": 0.004439115524291992, "reduction": 0.0, "validation": {"accuracy": 17.11111111111111}, "test": {"accuracy": 14.000000000000002}}, "0.1": {"reduction_in_attributes": 85.71428571428572, "time": 0.0044400691986083984, "reduction": 9.55555555555555, "validation": {"accuracy": 19.77777777777778}, "test": {"accuracy": 18.0}}, "0.2": {"reduction_in_attributes": 85.71428571428572, "time": 0.004370927810668945, "reduction": 9.55555555555555, "validation": {"accuracy": 19.77777777777778}, "test": {"accuracy": 18.0}}, "0.3": {"reduction_in_attributes": 85.71428571428572, "time": 0.004339933395385742, "reduction": 9.55555555555555, "validation": {"accuracy": 17.11111111111111}, "test": {"accuracy": 14.000000000000002}}, "0.4": {"reduction_in_attributes": 85.71428571428572, "time": 0.004317045211791992, "reduction": 9.55555555555555, "validation": {"accuracy": 17.11111111111111}, "test": {"accuracy": 14.000000000000002}}, "0.5": {"reduction_in_attributes": 85.71428571428572, "time": 0.004278898239135742, "reduction": 11.777777777777775, "validation": {"accuracy": 17.555555555555554}, "test": {"accuracy": 18.0}}, "0.6": {"reduction_in_attributes": 85.71428571428572, "time": 0.004258871078491211, "reduction": 12.0, "validation": {"accuracy": 16.0}, "test": {"accuracy": 10.0}}, "0.7": {"reduction_in_attributes": 85.71428571428572, "time": 0.004282236099243164, "reduction": 9.55555555555555, "validation": {"accuracy": 17.11111111111111}, "test": {"accuracy": 14.000000000000002}}, "0.8": {"reduction_in_attributes": 85.71428571428572, "time": 0.0039331912994384766, "reduction": 8.22222222222222, "validation": {"accuracy": 19.11111111111111}, "test": {"accuracy": 18.0}}, "0.9": {"reduction_in_attributes": 85.71428571428572, "time": 0.004308938980102539, "reduction": 11.777777777777775, "validation": {"accuracy": 17.555555555555554}, "test": {"accuracy": 18.0}}, "1.0": {"reduction_in_attributes": 85.71428571428572, "time": 0.004306316375732422, "reduction": 9.55555555555555, "validation": {"accuracy": 17.11111111111111}, "test": {"accuracy": 14.000000000000002}}}, "5": {"0.0": {"reduction_in_attributes": 85.71428571428572, "time": 0.0043637752532958984, "reduction": 0.0, "validation": {"accuracy": 18.444444444444443}, "test": {"accuracy": 16.0}}, "0.1": {"reduction_in_attributes": 85.71428571428572, "time": 0.0043981075286865234, "reduction": 9.55555555555555, "validation": {"accuracy": 19.333333333333332}, "test": {"accuracy": 18.0}}, "0.2": {"reduction_in_attributes": 85.71428571428572, "time": 0.006155967712402344, "reduction": 12.222222222222223, "validation": {"accuracy": 18.88888888888889}, "test": {"accuracy": 20.0}}, "0.3": {"reduction_in_attributes": 85.71428571428572, "time": 0.004355907440185547, "reduction": 12.222222222222223, "validation": {"accuracy": 18.88888888888889}, "test": {"accuracy": 20.0}}, "0.4": {"reduction_in_attributes": 85.71428571428572, "time": 0.004289865493774414, "reduction": 10.888888888888893, "validation": {"accuracy": 17.555555555555554}, "test": {"accuracy": 18.0}}, "0.5": {"reduction_in_attributes": 85.71428571428572, "time": 0.00473332405090332, "reduction": 9.55555555555555, "validation": {"accuracy": 19.333333333333332}, "test": {"accuracy": 18.0}}, "0.6": {"reduction_in_attributes": 85.71428571428572, "time": 0.004769086837768555, "reduction": 10.888888888888893, "validation": {"accuracy": 17.555555555555554}, "test": {"accuracy": 18.0}}, "0.7": {"reduction_in_attributes": 85.71428571428572, "time": 0.00410914421081543, "reduction": 8.888888888888891, "validation": {"accuracy": 19.77777777777778}, "test": {"accuracy": 20.0}}, "0.8": {"reduction_in_attributes": 85.71428571428572, "time": 0.004546165466308594, "reduction": 9.55555555555555, "validation": {"accuracy": 19.333333333333332}, "test": {"accuracy": 18.0}}, "0.9": {"reduction_in_attributes": 85.71428571428572, "time": 0.004140138626098633, "reduction": 10.444444444444445, "validation": {"accuracy": 18.444444444444443}, "test": {"accuracy": 16.0}}, "1.0": {"reduction_in_attributes": 85.71428571428572, "time": 0.003920078277587891, "reduction": 8.888888888888891, "validation": {"accuracy": 19.77777777777778}, "test": {"accuracy": 20.0}}}, "6": {"0.0": {"reduction_in_attributes": 85.71428571428572, "time": 0.0043299198150634766, "reduction": 0.0, "validation": {"accuracy": 20.666666666666668}, "test": {"accuracy": 22.0}}, "0.1": {"reduction_in_attributes": 85.71428571428572, "time": 0.004394054412841797, "reduction": 9.777777777777775, "validation": {"accuracy": 19.555555555555557}, "test": {"accuracy": 20.0}}, "0.2": {"reduction_in_attributes": 85.71428571428572, "time": 0.004093170166015625, "reduction": 10.222222222222221, "validation": {"accuracy": 19.333333333333332}, "test": {"accuracy": 18.0}}, "0.3": {"reduction_in_attributes": 85.71428571428572, "time": 0.0039730072021484375, "reduction": 9.111111111111114, "validation": {"accuracy": 18.88888888888889}, "test": {"accuracy": 20.0}}, "0.4": {"reduction_in_attributes": 85.71428571428572, "time": 0.004309892654418945, "reduction": 9.111111111111114, "validation": {"accuracy": 16.88888888888889}, "test": {"accuracy": 16.0}}, "0.5": {"reduction_in_attributes": 85.71428571428572, "time": 0.004261970520019531, "reduction": 9.55555555555555, "validation": {"accuracy": 20.666666666666668}, "test": {"accuracy": 22.0}}, "0.6": {"reduction_in_attributes": 85.71428571428572, "time": 0.004407167434692383, "reduction": 9.777777777777775, "validation": {"accuracy": 19.555555555555557}, "test": {"accuracy": 20.0}}, "0.7": {"reduction_in_attributes": 85.71428571428572, "time": 0.004239082336425781, "reduction": 11.777777777777775, "validation": {"accuracy": 18.88888888888889}, "test": {"accuracy": 20.0}}, "0.8": {"reduction_in_attributes": 85.71428571428572,