{"3": {"0.0": {"time": 0.0007178783416748047, "reduction": 80.0, "validation": {"accuracy": 54.736842105263165}, "test": {"accuracy": 81.81818181818183}}, "0.1": {"time": 0.0006768703460693359, "reduction": 82.10526315789474, "validation": {"accuracy": 54.736842105263165}, "test": {"accuracy": 81.81818181818183}}, "0.2": {"time": 0.0006887912750244141, "reduction": 85.26315789473684, "validation": {"accuracy": 54.736842105263165}, "test": {"accuracy": 81.81818181818183}}, "0.3": {"time": 0.0017590522766113281, "reduction": 86.31578947368422, "validation": {"accuracy": 54.736842105263165}, "test": {"accuracy": 81.81818181818183}}, "0.4": {"time": 0.0011289119720458984, "reduction": 88.42105263157895, "validation": {"accuracy": 87.36842105263159}, "test": {"accuracy": 81.81818181818183}}, "0.5": {"time": 0.0007510185241699219, "reduction": 92.63157894736842, "validation": {"accuracy": 91.57894736842105}, "test": {"accuracy": 81.81818181818183}}, "0.6": {"time": 0.0006852149963378906, "reduction": 93.6842105263158, "validation": {"accuracy": 91.57894736842105}, "test": {"accuracy": 81.81818181818183}}, "0.7": {"time": 0.0006718635559082031, "reduction": 96.84210526315789, "validation": {"accuracy": 88.42105263157895}, "test": {"accuracy": 81.81818181818183}}, "0.8": {"time": 0.0007421970367431641, "reduction": 97.89473684210527, "validation": {"accuracy": 83.15789473684211}, "test": {"accuracy": 81.81818181818183}}, "0.9": {"time": 0.00160980224609375, "reduction": 97.89473684210527, "validation": {"accuracy": 83.15789473684211}, "test": {"accuracy": 81.81818181818183}}, "1.0": {"time": 0.0011067390441894531, "reduction": 97.89473684210527, "validation": {"accuracy": 83.15789473684211}, "test": {"accuracy": 81.81818181818183}}}, "4": {"0.0": {"time": 0.0008971691131591797, "reduction": 78.94736842105263, "validation": {"accuracy": 37.89473684210527}, "test": {"accuracy": 81.81818181818183}}, "0.1": {"time": 0.0007081031799316406, "reduction": 81.05263157894737, "validation": {"accuracy": 37.89473684210527}, "test": {"accuracy": 81.81818181818183}}, "0.2": {"time": 0.0006909370422363281, "reduction": 83.15789473684211, "validation": {"accuracy": 37.89473684210527}, "test": {"accuracy": 81.81818181818183}}, "0.3": {"time": 0.0006818771362304688, "reduction": 86.31578947368422, "validation": {"accuracy": 37.89473684210527}, "test": {"accuracy": 81.81818181818183}}, "0.4": {"time": 0.0013878345489501953, "reduction": 91.57894736842105, "validation": {"accuracy": 88.42105263157895}, "test": {"accuracy": 81.81818181818183}}, "0.5": {"time": 0.001129150390625, "reduction": 95.78947368421052, "validation": {"accuracy": 82.10526315789474}, "test": {"accuracy": 81.81818181818183}}, "0.6": {"time": 0.0007119178771972656, "reduction": 97.89473684210527, "validation": {"accuracy": 90.52631578947368}, "test": {"accuracy": 81.81818181818183}}, "0.7": {"time": 0.0006778240203857422, "reduction": 97.89473684210527, "validation": {"accuracy": 90.52631578947368}, "test": {"accuracy": 81.81818181818183}}, "0.8": {"time": 0.0006780624389648438, "reduction": 97.89473684210527, "validation": {"accuracy": 90.52631578947368}, "test": {"accuracy": 81.81818181818183}}, "0.9": {"time": 0.0006527900695800781, "reduction": 97.89473684210527, "validation": {"accuracy": 90.52631578947368}, "test": {"accuracy": 81.81818181818183}}, "1.0": {"time": 0.0015461444854736328, "reduction": 97.89473684210527, "validation": {"accuracy": 90.52631578947368}, "test": {"accuracy": 81.81818181818183}}}, "5": {"0.0": {"time": 0.0011730194091796875, "reduction": 85.26315789473684, "validation": {"accuracy": 75.78947368421053}, "test": {"accuracy": 90.9090909090909}}, "0.1": {"time": 0.0008597373962402344, "reduction": 88.42105263157895, "validation": {"accuracy": 75.78947368421053}, "test": {"accuracy": 90.9090909090909}}, "0.2": {"time": 0.0007109642028808594, "reduction": 89.47368421052632, "validation": {"accuracy": 75.78947368421053}, "test": {"accuracy": 90.9090909090909}}, "0.3": {"time": 0.0007071495056152344, "reduction": 91.57894736842105, "validation": {"accuracy": 77.89473684210526}, "test": {"accuracy": 90.9090909090909}}, "0.4": {"time": 0.0006699562072753906, "reduction": 94.73684210526316, "validation": {"accuracy": 93.6842105263158}, "test": {"accuracy": 81.81818181818183}}, "0.5": {"time": 0.0015490055084228516, "reduction": 95.78947368421052, "validation": {"accuracy": 93.6842105263158}, "test": {"accuracy": 81.81818181818183}}, "0.6": {"time": 0.0012288093566894531, "reduction": 95.78947368421052, "validation": {"accuracy": 93.6842105263158}, "test": {"accuracy": 81.81818181818183}}, "0.7": {"time": 0.0009999275207519531, "reduction": 97.89473684210527, "validation": {"accuracy": 92.63157894736842}, "test": {"accuracy": 81.81818181818183}}, "0.8": {"time": 0.0006871223449707031, "reduction": 97.89473684210527, "validation": {"accuracy": 92.63157894736842}, "test": {"accuracy": 81.81818181818183}}, "0.9": {"time": 0.0006730556488037109, "reduction": 97.89473684210527, "validation": {"accuracy": 92.63157894736842}, "test": {"accuracy": 81.81818181818183}}, "1.0": {"time": 0.0006709098815917969, "reduction": 97.89473684210527, "validation": {"accuracy": 92.63157894736842}, "test": {"accuracy": 81.81818181818183}}}, "6": {"0.0": {"time": 0.0006930828094482422, "reduction": 83.15789473684211, "validation": {"accuracy": 38.94736842105263}, "test": {"accuracy": 81.81818181818183}}, "0.1": {"time": 0.0016641616821289062, "reduction": 87.36842105263159, "validation": {"accuracy": 38.94736842105263}, "test": {"accuracy": 81.81818181818183}}, "0.2": {"time": 0.0010650157928466797, "reduction": 89.47368421052632, "validation": {"accuracy": 38.94736842105263}, "test": {"accuracy": 81.81818181818183}}, "0.3": {"time": 0.0008370876312255859, "reduction": 90.52631578947368, "validation": {"accuracy": 68.42105263157895}, "test": {"accuracy": 81.81818181818183}}, "0.4": {"time": 0.0006747245788574219, "reduction": 92.63157894736842, "validation": {"accuracy": 73.68421052631578}, "test": {"accuracy": 81.81818181818183}}, "0.5": {"time": 0.0006709098815917969, "reduction": 95.78947368421052, "validation": {"accuracy": 80.0}, "test": {"accuracy": 81.81818181818183}}, "0.6": {"time": 0.0006690025329589844, "reduction": 96.84210526315789, "validation": {"accuracy": 80.0}, "test": {"accuracy": 81.81818181818183}}, "0.7": {"time": 0.0012180805206298828, "reduction": 96.84210526315789, "validation": {"accuracy": 80.0}, "test": {"accuracy": 81.81818181818183}}, "0.8": {"time": 0.0012698173522949219, "reduction": 97.89473684210527, "validation": {"accuracy": 81.05263157894737}, "test": {"accuracy": 81.81818181818183}}, "0.9": {"time": 0.0010819435119628906, "reduction": 97.89473684210527, "validation": {"accuracy": 81.05263157894737}, "test": {"accuracy": 81.81818181818183}}, "1.0": {"time": 0.0007269382476806641, "reduction": 97.89473684210527, "validation": {"accuracy": 81.05263157894737}, "test": {"accuracy": 81.81818181818183}}}, "7": {"0.0": {"time": 0.0006809234619140625, "reduction": 87.5, "validation": {"accuracy": 94.79166666666666}, "test": {"accuracy": 80.0}}, "0.1": {"time": 0.0006809234619140625, "reduction": 90.625, "validation": {"accuracy": 94.79166666666666}, "test": {"accuracy": 80.0}}, "0.2": {"time": 0.00067901611328125, "reduction": 92.70833333333334, "validation": {"accuracy": 94.79166666666666}, "test": {"accuracy": 80.0}}, "0.3": {"time": 0.0012919902801513672, "reduction": 92.70833333333334, "validation": {"accuracy": 94.79166666666666}, "test": {"accuracy": 80.0}}, "0.4": {"time": 0.0011739730834960938, "reduction": 93.75, "validation": {"accuracy": 94.79166666666666}, "test": {"accuracy": 80.0}}, "0.5": {"time": 0.0008540153503417969, "reduction": 94.79166666666666, "validation": {"accuracy": 94.79166666666666}, "test": {"accuracy": 80.0}}, "0.6": {"time": 0.0006783008575439453, "reduction": 95.83333333333334, "validation": {"accuracy": 94.79166666666666},