{"3": {"0.0": {"reduction_in_attributes": 64.28571428571428, "time": 31.71661114692688, "reduction": 50.21621621621621, "validation": {"accuracy": 69.85749385749386}, "test": {"accuracy": 69.65944272445822}}, "0.1": {"reduction_in_attributes": 64.28571428571428, "time": 30.762619018554688, "reduction": 50.81572481572481, "validation": {"accuracy": 69.84029484029483}, "test": {"accuracy": 69.61521450685537}}, "0.2": {"reduction_in_attributes": 64.28571428571428, "time": 30.53256392478943, "reduction": 54.100737100737106, "validation": {"accuracy": 69.23587223587224}, "test": {"accuracy": 68.84122069880584}}, "0.3": {"reduction_in_attributes": 64.28571428571428, "time": 28.7548668384552, "reduction": 60.1007371007371, "validation": {"accuracy": 68.23832923832924}, "test": {"accuracy": 67.58071649712517}}, "0.4": {"reduction_in_attributes": 64.28571428571428, "time": 28.112081050872803, "reduction": 67.36609336609337, "validation": {"accuracy": 68.82063882063882}, "test": {"accuracy": 68.11145510835914}}, "0.5": {"reduction_in_attributes": 64.28571428571428, "time": 26.726501941680908, "reduction": 75.58968058968058, "validation": {"accuracy": 69.26289926289925}, "test": {"accuracy": 68.81910659000442}}, "0.6": {"reduction_in_attributes": 64.28571428571428, "time": 26.7820041179657, "reduction": 83.84029484029483, "validation": {"accuracy": 69.49877149877149}, "test": {"accuracy": 69.26138876603272}}, "0.7": {"reduction_in_attributes": 64.28571428571428, "time": 25.95306706428528, "reduction": 91.55036855036856, "validation": {"accuracy": 69.56756756756756}, "test": {"accuracy": 69.2171605484299}}, "0.8": {"reduction_in_attributes": 64.28571428571428, "time": 25.57976794242859, "reduction": 96.96560196560196, "validation": {"accuracy": 65.04914004914005}, "test": {"accuracy": 64.86068111455108}}, "0.9": {"reduction_in_attributes": 64.28571428571428, "time": 25.8628990650177, "reduction": 99.38083538083539, "validation": {"accuracy": 67.98280098280098}, "test": {"accuracy": 67.80185758513932}}, "1.0": {"reduction_in_attributes": 64.28571428571428, "time": 26.074501991271973, "reduction": 99.995085995086, "validation": {"accuracy": 70.04668304668304}, "test": {"accuracy": 69.72578505086246}}}, "4": {"0.0": {"reduction_in_attributes": 64.28571428571428, "time": 30.57757306098938, "reduction": 49.9017199017199, "validation": {"accuracy": 69.4054054054054}, "test": {"accuracy": 69.15081822202566}}, "0.1": {"reduction_in_attributes": 64.28571428571428, "time": 30.781655073165894, "reduction": 50.44471744471745, "validation": {"accuracy": 69.4054054054054}, "test": {"accuracy": 69.15081822202566}}, "0.2": {"reduction_in_attributes": 64.28571428571428, "time": 30.645644187927246, "reduction": 53.692874692874696, "validation": {"accuracy": 69.00982800982801}, "test": {"accuracy": 68.9296771340115}}, "0.3": {"reduction_in_attributes": 64.28571428571428, "time": 28.218747854232788, "reduction": 59.65847665847666, "validation": {"accuracy": 68.64864864864865}, "test": {"accuracy": 68.42105263157895}}, "0.4": {"reduction_in_attributes": 64.28571428571428, "time": 28.459028959274292, "reduction": 67.10073710073709, "validation": {"accuracy": 69.05159705159704}, "test": {"accuracy": 69.19504643962848}}, "0.5": {"reduction_in_attributes": 64.28571428571428, "time": 27.425097227096558, "reduction": 75.35872235872236, "validation": {"accuracy": 70.14250614250615}, "test": {"accuracy": 70.72091994692614}}, "0.6": {"reduction_in_attributes": 64.28571428571428, "time": 26.402136087417603, "reduction": 83.88206388206389, "validation": {"accuracy": 71.08845208845209}, "test": {"accuracy": 70.87571870853606}}, "0.7": {"reduction_in_attributes": 64.28571428571428, "time": 25.540865898132324, "reduction": 91.64619164619164, "validation": {"accuracy": 71.31695331695332}, "test": {"accuracy": 71.2516585581601}}, "0.8": {"reduction_in_attributes": 64.28571428571428, "time": 26.09708070755005, "reduction": 97.07371007371007, "validation": {"accuracy": 71.26044226044226}, "test": {"accuracy": 71.80451127819549}}, "0.9": {"reduction_in_attributes": 64.28571428571428, "time": 25.39287781715393, "reduction": 99.43243243243242, "validation": {"accuracy": 69.02457002457002}, "test": {"accuracy": 69.28350287483414}}, "1.0": {"reduction_in_attributes": 64.28571428571428, "time": 25.715564012527466, "reduction": 99.995085995086, "validation": {"accuracy": 70.03685503685504}, "test": {"accuracy": 70.34498009730208}}}, "5": {"0.0": {"reduction_in_attributes": 64.28571428571428, "time": 31.28896403312683, "reduction": 49.990171990171994, "validation": {"accuracy": 73.74692874692875}, "test": {"accuracy": 73.97169394073418}}, "0.1": {"reduction_in_attributes": 64.28571428571428, "time": 30.52692198753357, "reduction": 50.54791154791155, "validation": {"accuracy": 73.74692874692875}, "test": {"accuracy": 73.97169394073418}}, "0.2": {"reduction_in_attributes": 64.28571428571428, "time": 29.733763217926025, "reduction": 53.86732186732186, "validation": {"accuracy": 73.72481572481573}, "test": {"accuracy": 73.92746572313136}}, "0.3": {"reduction_in_attributes": 64.28571428571428, "time": 28.70432424545288, "reduction": 60.01719901719902, "validation": {"accuracy": 73.26535626535626}, "test": {"accuracy": 73.41884122069881}}, "0.4": {"reduction_in_attributes": 64.28571428571428, "time": 27.199718236923218, "reduction": 67.42260442260442, "validation": {"accuracy": 71.42997542997543}, "test": {"accuracy": 71.51702786377709}}, "0.5": {"reduction_in_attributes": 64.28571428571428, "time": 26.97494101524353, "reduction": 75.7051597051597, "validation": {"accuracy": 70.86732186732186}, "test": {"accuracy": 71.03051747014595}}, "0.6": {"reduction_in_attributes": 64.28571428571428, "time": 26.61339020729065, "reduction": 84.03194103194103, "validation": {"accuracy": 71.33415233415234}, "test": {"accuracy": 71.76028306059266}}, "0.7": {"reduction_in_attributes": 64.28571428571428, "time": 25.620014190673828, "reduction": 91.81326781326781, "validation": {"accuracy": 71.44471744471744}, "test": {"accuracy": 71.78239716939407}}, "0.8": {"reduction_in_attributes": 64.28571428571428, "time": 25.366059064865112, "reduction": 97.16216216216216, "validation": {"accuracy": 70.43243243243244}, "test": {"accuracy": 70.58823529411765}}, "0.9": {"reduction_in_attributes": 64.28571428571428, "time": 26.098634958267212, "reduction": 99.45208845208845, "validation": {"accuracy": 68.88452088452088}, "test": {"accuracy": 69.74789915966386}}, "1.0": {"reduction_in_attributes": 64.28571428571428, "time": 24.84656000137329, "reduction": 99.995085995086, "validation": {"accuracy": 75.16707616707616}, "test": {"accuracy": 75.21008403361344}}}, "6": {"0.0": {"reduction_in_attributes": 64.28571428571428, "time": 30.992106914520264, "reduction": 49.712530712530715, "validation": {"accuracy": 67.94348894348894}, "test": {"accuracy": 68.64219371959311}}, "0.1": {"reduction_in_attributes": 64.28571428571428, "time": 30.52769684791565, "reduction": 50.29484029484029, "validation": {"accuracy": 67.92874692874693}, "test": {"accuracy": 68.4873949579832}}, "0.2": {"reduction_in_attributes": 64.28571428571428, "time": 29.43776822090149, "reduction": 53.54545454545454, "validation": {"accuracy": 67.6928746928747}, "test": {"accuracy": 68.1999115435648}}, "0.3": {"reduction_in_attributes": 64.28571428571428, "time": 28.72584104537964, "reduction": 59.68058968058968, "validation": {"accuracy": 67.63390663390663}, "test": {"accuracy": 68.1999115435648}}, "0.4": {"reduction_in_attributes": 64.28571428571428, "time": 27.149290084838867, "reduction": 67.02948402948404, "validation": {"accuracy": 67.38574938574938}, "test": {"accuracy": 67.7797434763379}}, "0.5": {"reduction_in_attributes": 64.28571428571428, "time": 26.765508890151978, "reduction": 75.30466830466831, "validation": {"accuracy": 67.28255528255528}, "test": {"accuracy": 67.29323308270678}}, "0.6": {"reduction_in_attributes": 64.28571428571428, "time": 25.604421138763428,