{"3": {"0.0": {"reduction_in_attributes": 66.66666666666667, "time": 90.99480962753296, "reduction": 12.670844229535694, "validation": {"accuracy": 61.21774312922484}, "test": {"accuracy": 61.04203670811131}}, "0.1": {"reduction_in_attributes": 66.66666666666667, "time": 91.0474898815155, "reduction": 21.57365832798802, "validation": {"accuracy": 61.22432196838867}, "test": {"accuracy": 61.05683836589698}}, "0.2": {"reduction_in_attributes": 66.66666666666667, "time": 83.10810589790344, "reduction": 37.43030542260818, "validation": {"accuracy": 62.1075311261328}, "test": {"accuracy": 61.604499703966844}}, "0.3": {"reduction_in_attributes": 66.66666666666667, "time": 85.50372791290283, "reduction": 42.6440354599431, "validation": {"accuracy": 63.82954227726517}, "test": {"accuracy": 63.46950858496152}}, "0.4": {"reduction_in_attributes": 66.66666666666667, "time": 83.13307023048401, "reduction": 44.703212118221735, "validation": {"accuracy": 65.51865923257841}, "test": {"accuracy": 65.42332741267022}}, "0.5": {"reduction_in_attributes": 66.66666666666667, "time": 83.07762789726257, "reduction": 46.13410963635467, "validation": {"accuracy": 65.72589266623903}, "test": {"accuracy": 65.60094730609828}}, "0.6": {"reduction_in_attributes": 66.66666666666667, "time": 82.71211695671082, "reduction": 47.57816483281525, "validation": {"accuracy": 65.76043157184914}, "test": {"accuracy": 65.76376554174067}}, "0.7": {"reduction_in_attributes": 66.66666666666667, "time": 83.26793599128723, "reduction": 49.47615993158008, "validation": {"accuracy": 65.7702998305949}, "test": {"accuracy": 65.76376554174067}}, "0.8": {"reduction_in_attributes": 66.66666666666667, "time": 78.81832909584045, "reduction": 54.24581832535649, "validation": {"accuracy": 65.77358925017681}, "test": {"accuracy": 65.77856719952635}}, "0.9": {"reduction_in_attributes": 66.66666666666667, "time": 74.84408807754517, "reduction": 84.6696600384862, "validation": {"accuracy": 65.77852337954968}, "test": {"accuracy": 65.77856719952635}}, "1.0": {"reduction_in_attributes": 66.66666666666667, "time": 72.2214708328247, "reduction": 89.40971365602539, "validation": {"accuracy": 49.606092005065705}, "test": {"accuracy": 49.23031379514506}}}, "4": {"0.0": {"reduction_in_attributes": 66.66666666666667, "time": 91.38540077209473, "reduction": 12.927418956925052, "validation": {"accuracy": 61.53023798950675}, "test": {"accuracy": 61.72291296625222}}, "0.1": {"reduction_in_attributes": 66.66666666666667, "time": 89.0927939414978, "reduction": 21.34175424746304, "validation": {"accuracy": 61.53023798950675}, "test": {"accuracy": 61.70811130846655}}, "0.2": {"reduction_in_attributes": 66.66666666666667, "time": 85.95898699760437, "reduction": 37.57832930379435, "validation": {"accuracy": 62.20292429400832}, "test": {"accuracy": 62.477797513321484}}, "0.3": {"reduction_in_attributes": 66.66666666666667, "time": 83.06149506568909, "reduction": 42.81015114882979, "validation": {"accuracy": 64.12065591026463}, "test": {"accuracy": 64.31320307874482}}, "0.4": {"reduction_in_attributes": 66.66666666666667, "time": 81.712327003479, "reduction": 44.99268104143024, "validation": {"accuracy": 65.45287084094011}, "test": {"accuracy": 65.61574896388396}}, "0.5": {"reduction_in_attributes": 66.66666666666667, "time": 81.7909049987793, "reduction": 46.293646486077535, "validation": {"accuracy": 65.70615614874755}, "test": {"accuracy": 65.70455891059798}}, "0.6": {"reduction_in_attributes": 66.66666666666667, "time": 83.31783103942871, "reduction": 47.62092728738014, "validation": {"accuracy": 65.7242479564481}, "test": {"accuracy": 65.67495559502665}}, "0.7": {"reduction_in_attributes": 66.66666666666667, "time": 83.69779920578003, "reduction": 49.56990838966464, "validation": {"accuracy": 65.73905034456669}, "test": {"accuracy": 65.67495559502665}}, "0.8": {"reduction_in_attributes": 66.66666666666667, "time": 78.50160527229309, "reduction": 54.02707192315916, "validation": {"accuracy": 65.74233976414861}, "test": {"accuracy": 65.68975725281231}}, "0.9": {"reduction_in_attributes": 66.66666666666667, "time": 75.3407142162323, "reduction": 80.9805759773688, "validation": {"accuracy": 65.75878686205819}, "test": {"accuracy": 65.70455891059798}}, "1.0": {"reduction_in_attributes": 66.66666666666667, "time": 72.89096283912659, "reduction": 89.56925050574827, "validation": {"accuracy": 56.982615417509585}, "test": {"accuracy": 55.402605091770276}}}, "5": {"0.0": {"reduction_in_attributes": 66.66666666666667, "time": 90.9253180027008, "reduction": 12.559003963750593, "validation": {"accuracy": 61.44142366079506}, "test": {"accuracy": 61.116044997039666}}, "0.1": {"reduction_in_attributes": 66.66666666666667, "time": 89.47949981689453, "reduction": 21.121363135474745, "validation": {"accuracy": 61.45293662933176}, "test": {"accuracy": 61.13084665482534}}, "0.2": {"reduction_in_attributes": 66.66666666666667, "time": 82.49860286712646, "reduction": 37.356293482015104, "validation": {"accuracy": 62.160161839443425}, "test": {"accuracy": 62.092954410894016}}, "0.3": {"reduction_in_attributes": 66.66666666666667, "time": 83.65423488616943, "reduction": 42.47134093189256, "validation": {"accuracy": 64.1601289452476}, "test": {"accuracy": 63.75074008288928}}, "0.4": {"reduction_in_attributes": 66.66666666666667, "time": 83.34944105148315, "reduction": 44.66867321261163, "validation": {"accuracy": 65.44135787240342}, "test": {"accuracy": 65.46773238602724}}, "0.5": {"reduction_in_attributes": 66.66666666666667, "time": 84.67903518676758, "reduction": 46.06174240555254, "validation": {"accuracy": 65.66668311376458}, "test": {"accuracy": 65.70455891059798}}, "0.6": {"reduction_in_attributes": 66.66666666666667, "time": 81.94202899932861, "reduction": 47.40547030476473, "validation": {"accuracy": 65.69464318021086}, "test": {"accuracy": 65.748963883955}}, "0.7": {"reduction_in_attributes": 66.66666666666667, "time": 81.829843044281, "reduction": 49.29359714478381, "validation": {"accuracy": 65.69957730958372}, "test": {"accuracy": 65.748963883955}}, "0.8": {"reduction_in_attributes": 66.66666666666667, "time": 79.08015990257263, "reduction": 53.98266475880331, "validation": {"accuracy": 65.70780085853852}, "test": {"accuracy": 65.748963883955}}, "0.9": {"reduction_in_attributes": 66.66666666666667, "time": 73.54483413696289, "reduction": 84.09730103123304, "validation": {"accuracy": 65.72095853686616}, "test": {"accuracy": 65.748963883955}}, "1.0": {"reduction_in_attributes": 66.66666666666667, "time": 71.4549081325531, "reduction": 89.70905083797965, "validation": {"accuracy": 56.573082679561196}, "test": {"accuracy": 55.26939017169923}}}, "6": {"0.0": {"reduction_in_attributes": 66.66666666666667, "time": 91.63046789169312, "reduction": 12.672488939326653, "validation": {"accuracy": 61.350964622292395}, "test": {"accuracy": 61.42687981053878}}, "0.1": {"reduction_in_attributes": 66.66666666666667, "time": 88.76229906082153, "reduction": 21.34010953767208, "validation": {"accuracy": 61.357543461456224}, "test": {"accuracy": 61.42687981053878}}, "0.2": {"reduction_in_attributes": 66.66666666666667, "time": 86.26113677024841, "reduction": 37.35464877222414, "validation": {"accuracy": 62.24075261920034}, "test": {"accuracy": 62.44819419775015}}, "0.3": {"reduction_in_attributes": 66.66666666666667, "time": 85.08280515670776, "reduction": 42.40390783046332, "validation": {"accuracy": 64.52196509925824}, "test": {"accuracy": 64.55002960331558}}, "0.4": {"reduction_in_attributes": 66.66666666666667, "time": 85.0037248134613, "reduction": 44.625910758046736, "validation": {"accuracy": 65.40681896679331}, "test": {"accuracy": 65.3789224393132}}, "0.5": {"reduction_in_attributes": 66.66666666666667, "time": 83.1732439994812, "reduction": 45.92852091248499, "validation": {"accuracy": 65.66668311376458}, "test": {"accuracy": 65.67495559502665}}, "0.6": {"reduction_in_attributes": 66.66666666666667, "time": 85.06765389442444,