{"3": {"0.0": {"time": 0.0006053447723388672, "reduction": 84.21052631578947, "validation": {"accuracy": 29.47368421052631}, "test": {"accuracy": 54.54545454545454}}, "0.1": {"time": 0.0004839897155761719, "reduction": 85.26315789473684, "validation": {"accuracy": 30.526315789473685}, "test": {"accuracy": 54.54545454545454}}, "0.2": {"time": 0.00047707557678222656, "reduction": 87.36842105263159, "validation": {"accuracy": 36.84210526315789}, "test": {"accuracy": 54.54545454545454}}, "0.3": {"time": 0.0004699230194091797, "reduction": 88.42105263157895, "validation": {"accuracy": 41.05263157894737}, "test": {"accuracy": 45.45454545454545}}, "0.4": {"time": 0.0004699230194091797, "reduction": 91.57894736842105, "validation": {"accuracy": 46.31578947368421}, "test": {"accuracy": 27.27272727272727}}, "0.5": {"time": 0.00046896934509277344, "reduction": 94.73684210526316, "validation": {"accuracy": 46.31578947368421}, "test": {"accuracy": 90.9090909090909}}, "0.6": {"time": 0.0004677772521972656, "reduction": 95.78947368421052, "validation": {"accuracy": 67.36842105263158}, "test": {"accuracy": 72.72727272727273}}, "0.7": {"time": 0.0005168914794921875, "reduction": 96.84210526315789, "validation": {"accuracy": 69.47368421052632}, "test": {"accuracy": 90.9090909090909}}, "0.8": {"time": 0.0004749298095703125, "reduction": 96.84210526315789, "validation": {"accuracy": 69.47368421052632}, "test": {"accuracy": 90.9090909090909}}, "0.9": {"time": 0.0004730224609375, "reduction": 97.89473684210527, "validation": {"accuracy": 58.94736842105262}, "test": {"accuracy": 54.54545454545454}}, "1.0": {"time": 0.00046324729919433594, "reduction": 97.89473684210527, "validation": {"accuracy": 58.94736842105262}, "test": {"accuracy": 54.54545454545454}}}, "4": {"0.0": {"time": 0.00047588348388671875, "reduction": 81.05263157894737, "validation": {"accuracy": 76.84210526315789}, "test": {"accuracy": 63.63636363636363}}, "0.1": {"time": 0.0005819797515869141, "reduction": 84.21052631578947, "validation": {"accuracy": 67.36842105263158}, "test": {"accuracy": 63.63636363636363}}, "0.2": {"time": 0.00046896934509277344, "reduction": 85.26315789473684, "validation": {"accuracy": 69.47368421052632}, "test": {"accuracy": 81.81818181818183}}, "0.3": {"time": 0.0004642009735107422, "reduction": 87.36842105263159, "validation": {"accuracy": 56.84210526315789}, "test": {"accuracy": 72.72727272727273}}, "0.4": {"time": 0.0004630088806152344, "reduction": 91.57894736842105, "validation": {"accuracy": 62.10526315789474}, "test": {"accuracy": 63.63636363636363}}, "0.5": {"time": 0.00045990943908691406, "reduction": 94.73684210526316, "validation": {"accuracy": 68.42105263157895}, "test": {"accuracy": 72.72727272727273}}, "0.6": {"time": 0.0004630088806152344, "reduction": 95.78947368421052, "validation": {"accuracy": 62.10526315789474}, "test": {"accuracy": 72.72727272727273}}, "0.7": {"time": 0.0004570484161376953, "reduction": 97.89473684210527, "validation": {"accuracy": 72.63157894736842}, "test": {"accuracy": 54.54545454545454}}, "0.8": {"time": 0.0004658699035644531, "reduction": 97.89473684210527, "validation": {"accuracy": 72.63157894736842}, "test": {"accuracy": 54.54545454545454}}, "0.9": {"time": 0.00045990943908691406, "reduction": 97.89473684210527, "validation": {"accuracy": 72.63157894736842}, "test": {"accuracy": 54.54545454545454}}, "1.0": {"time": 0.000453948974609375, "reduction": 97.89473684210527, "validation": {"accuracy": 72.63157894736842}, "test": {"accuracy": 54.54545454545454}}}, "5": {"0.0": {"time": 0.00046324729919433594, "reduction": 75.78947368421053, "validation": {"accuracy": 75.78947368421053}, "test": {"accuracy": 90.9090909090909}}, "0.1": {"time": 0.0005869865417480469, "reduction": 80.0, "validation": {"accuracy": 77.89473684210526}, "test": {"accuracy": 90.9090909090909}}, "0.2": {"time": 0.00047016143798828125, "reduction": 84.21052631578947, "validation": {"accuracy": 71.57894736842105}, "test": {"accuracy": 90.9090909090909}}, "0.3": {"time": 0.00045490264892578125, "reduction": 88.42105263157895, "validation": {"accuracy": 60.0}, "test": {"accuracy": 90.9090909090909}}, "0.4": {"time": 0.000453948974609375, "reduction": 90.52631578947368, "validation": {"accuracy": 65.26315789473685}, "test": {"accuracy": 81.81818181818183}}, "0.5": {"time": 0.00045800209045410156, "reduction": 93.6842105263158, "validation": {"accuracy": 75.78947368421053}, "test": {"accuracy": 81.81818181818183}}, "0.6": {"time": 0.000453948974609375, "reduction": 95.78947368421052, "validation": {"accuracy": 72.63157894736842}, "test": {"accuracy": 81.81818181818183}}, "0.7": {"time": 0.0004508495330810547, "reduction": 97.89473684210527, "validation": {"accuracy": 57.89473684210527}, "test": {"accuracy": 72.72727272727273}}, "0.8": {"time": 0.0005290508270263672, "reduction": 97.89473684210527, "validation": {"accuracy": 57.89473684210527}, "test": {"accuracy": 72.72727272727273}}, "0.9": {"time": 0.00045299530029296875, "reduction": 97.89473684210527, "validation": {"accuracy": 57.89473684210527}, "test": {"accuracy": 72.72727272727273}}, "1.0": {"time": 0.00044608116149902344, "reduction": 97.89473684210527, "validation": {"accuracy": 57.89473684210527}, "test": {"accuracy": 72.72727272727273}}}, "6": {"0.0": {"time": 0.0004601478576660156, "reduction": 80.0, "validation": {"accuracy": 78.94736842105263}, "test": {"accuracy": 72.72727272727273}}, "0.1": {"time": 0.00045609474182128906, "reduction": 84.21052631578947, "validation": {"accuracy": 84.21052631578947}, "test": {"accuracy": 63.63636363636363}}, "0.2": {"time": 0.0004551410675048828, "reduction": 85.26315789473684, "validation": {"accuracy": 88.42105263157895}, "test": {"accuracy": 63.63636363636363}}, "0.3": {"time": 0.0004649162292480469, "reduction": 86.31578947368422, "validation": {"accuracy": 83.15789473684211}, "test": {"accuracy": 63.63636363636363}}, "0.4": {"time": 0.00045418739318847656, "reduction": 90.52631578947368, "validation": {"accuracy": 83.15789473684211}, "test": {"accuracy": 54.54545454545454}}, "0.5": {"time": 0.0004508495330810547, "reduction": 94.73684210526316, "validation": {"accuracy": 80.0}, "test": {"accuracy": 90.9090909090909}}, "0.6": {"time": 0.000453948974609375, "reduction": 95.78947368421052, "validation": {"accuracy": 78.94736842105263}, "test": {"accuracy": 81.81818181818183}}, "0.7": {"time": 0.0004470348358154297, "reduction": 96.84210526315789, "validation": {"accuracy": 80.0}, "test": {"accuracy": 81.81818181818183}}, "0.8": {"time": 0.0004458427429199219, "reduction": 97.89473684210527, "validation": {"accuracy": 66.3157894736842}, "test": {"accuracy": 72.72727272727273}}, "0.9": {"time": 0.0005099773406982422, "reduction": 97.89473684210527, "validation": {"accuracy": 66.3157894736842}, "test": {"accuracy": 72.72727272727273}}, "1.0": {"time": 0.0004451274871826172, "reduction": 97.89473684210527, "validation": {"accuracy": 66.3157894736842}, "test": {"accuracy": 72.72727272727273}}}, "7": {"0.0": {"time": 0.0005130767822265625, "reduction": 81.25, "validation": {"accuracy": 64.58333333333334}, "test": {"accuracy": 60.0}}, "0.1": {"time": 0.0004611015319824219, "reduction": 83.33333333333334, "validation": {"accuracy": 59.375}, "test": {"accuracy": 70.0}}, "0.2": {"time": 0.0004999637603759766, "reduction": 84.375, "validation": {"accuracy": 31.25}, "test": {"accuracy": 50.0}}, "0.3": {"time": 0.0004591941833496094, "reduction": 86.45833333333334, "validation": {"accuracy": 38.54166666666667}, "test": {"accuracy": 50.0}}, "0.4": {"time": 0.0006856918334960938, "reduction": 90.625, "validation": {"accuracy": 60.416666666666664}, "test": {"accuracy": 70.0}}, "0.5": {"time": 0.0004930496215820312, "reduction": 94.79166666666666, "validation": {"accuracy": 69.79166666666666}, "test": {"accuracy": 70.0}}, "0.6": {"time": 0.00045108795166015625, "reduction": 95.83333333333334, "validation": {"accuracy": 66.66666666666666}, "test": {"accuracy": 70.0}},