{"3": {"0.0": {"reduction_in_attributes": 94.73684210526316, "time": 0.06313681602478027, "reduction": 9.620009620009618, "validation": {"accuracy": 57.960557960557956}, "test": {"accuracy": 19.480519480519483}}, "0.1": {"reduction_in_attributes": 94.73684210526316, "time": 0.055510759353637695, "reduction": 11.88071188071188, "validation": {"accuracy": 48.1962481962482}, "test": {"accuracy": 25.97402597402597}}, "0.2": {"reduction_in_attributes": 94.73684210526316, "time": 0.05725288391113281, "reduction": 38.38383838383839, "validation": {"accuracy": 92.64069264069265}, "test": {"accuracy": 59.307359307359306}}, "0.3": {"reduction_in_attributes": 94.73684210526316, "time": 0.055419206619262695, "reduction": 28.76382876382877, "validation": {"accuracy": 64.93506493506493}, "test": {"accuracy": 43.722943722943725}}, "0.4": {"reduction_in_attributes": 94.73684210526316, "time": 0.06330108642578125, "reduction": 27.513227513227513, "validation": {"accuracy": 51.274651274651276}, "test": {"accuracy": 34.63203463203463}}, "0.5": {"reduction_in_attributes": 94.73684210526316, "time": 0.06363916397094727, "reduction": 32.563732563732565, "validation": {"accuracy": 51.03415103415103}, "test": {"accuracy": 34.1991341991342}}, "0.6": {"reduction_in_attributes": 94.73684210526316, "time": 0.04986310005187988, "reduction": 51.94805194805194, "validation": {"accuracy": 46.801346801346796}, "test": {"accuracy": 15.151515151515152}}, "0.7": {"reduction_in_attributes": 94.73684210526316, "time": 0.05101609230041504, "reduction": 46.51274651274652, "validation": {"accuracy": 59.59595959595959}, "test": {"accuracy": 39.82683982683983}}, "0.8": {"reduction_in_attributes": 94.73684210526316, "time": 0.0519862174987793, "reduction": 51.13035113035114, "validation": {"accuracy": 55.459355459355464}, "test": {"accuracy": 38.52813852813853}}, "0.9": {"reduction_in_attributes": 94.73684210526316, "time": 0.05829000473022461, "reduction": 68.83116883116884, "validation": {"accuracy": 39.586339586339584}, "test": {"accuracy": 23.376623376623375}}, "1.0": {"reduction_in_attributes": 94.73684210526316, "time": 0.05600881576538086, "reduction": 98.94179894179894, "validation": {"accuracy": 19.143819143819144}, "test": {"accuracy": 17.74891774891775}}}, "4": {"0.0": {"reduction_in_attributes": 94.73684210526316, "time": 0.0678260326385498, "reduction": 9.908609908609911, "validation": {"accuracy": 57.47955747955748}, "test": {"accuracy": 22.51082251082251}}, "0.1": {"reduction_in_attributes": 94.73684210526316, "time": 0.05905413627624512, "reduction": 11.063011063011064, "validation": {"accuracy": 26.262626262626267}, "test": {"accuracy": 16.883116883116884}}, "0.2": {"reduction_in_attributes": 94.73684210526316, "time": 0.060127973556518555, "reduction": 28.13852813852814, "validation": {"accuracy": 67.82106782106783}, "test": {"accuracy": 44.15584415584416}}, "0.3": {"reduction_in_attributes": 94.73684210526316, "time": 0.06284403800964355, "reduction": 35.30543530543531, "validation": {"accuracy": 53.102453102453104}, "test": {"accuracy": 16.883116883116884}}, "0.4": {"reduction_in_attributes": 94.73684210526316, "time": 0.06345391273498535, "reduction": 27.22462722462723, "validation": {"accuracy": 52.04425204425205}, "test": {"accuracy": 29.004329004329005}}, "0.5": {"reduction_in_attributes": 94.73684210526316, "time": 0.033937931060791016, "reduction": 27.08032708032708, "validation": {"accuracy": 15.728715728715729}, "test": {"accuracy": 16.450216450216452}}, "0.6": {"reduction_in_attributes": 94.73684210526316, "time": 0.05139780044555664, "reduction": 53.87205387205387, "validation": {"accuracy": 85.32948532948534}, "test": {"accuracy": 33.33333333333333}}, "0.7": {"reduction_in_attributes": 94.73684210526316, "time": 0.05110883712768555, "reduction": 56.03655603655604, "validation": {"accuracy": 83.11688311688312}, "test": {"accuracy": 33.33333333333333}}, "0.8": {"reduction_in_attributes": 94.73684210526316, "time": 0.05895566940307617, "reduction": 64.21356421356421, "validation": {"accuracy": 58.970658970658974}, "test": {"accuracy": 53.67965367965368}}, "0.9": {"reduction_in_attributes": 94.73684210526316, "time": 0.05646014213562012, "reduction": 63.20346320346321, "validation": {"accuracy": 37.8066378066378}, "test": {"accuracy": 19.913419913419915}}, "1.0": {"reduction_in_attributes": 94.73684210526316, "time": 0.047178030014038086, "reduction": 93.60269360269359, "validation": {"accuracy": 19.288119288119287}, "test": {"accuracy": 16.883116883116884}}}, "5": {"0.0": {"reduction_in_attributes": 94.73684210526316, "time": 0.05324387550354004, "reduction": 34.77633477633477, "validation": {"accuracy": 80.51948051948052}, "test": {"accuracy": 54.54545454545454}}, "0.1": {"reduction_in_attributes": 94.73684210526316, "time": 0.040888071060180664, "reduction": 39.53823953823954, "validation": {"accuracy": 16.354016354016355}, "test": {"accuracy": 14.285714285714285}}, "0.2": {"reduction_in_attributes": 94.73684210526316, "time": 0.058979034423828125, "reduction": 48.58104858104858, "validation": {"accuracy": 93.74699374699375}, "test": {"accuracy": 39.82683982683983}}, "0.3": {"reduction_in_attributes": 94.73684210526316, "time": 0.061482906341552734, "reduction": 30.73593073593074, "validation": {"accuracy": 69.84126984126983}, "test": {"accuracy": 46.75324675324675}}, "0.4": {"reduction_in_attributes": 94.73684210526316, "time": 0.052427053451538086, "reduction": 27.368927368927366, "validation": {"accuracy": 26.262626262626267}, "test": {"accuracy": 14.285714285714285}}, "0.5": {"reduction_in_attributes": 94.73684210526316, "time": 0.05322003364562988, "reduction": 33.718133718133714, "validation": {"accuracy": 58.778258778258774}, "test": {"accuracy": 45.45454545454545}}, "0.6": {"reduction_in_attributes": 94.73684210526316, "time": 0.024068117141723633, "reduction": 100, "validation": 0.0, "test": 0.0}, "0.7": {"reduction_in_attributes": 94.73684210526316, "time": 0.06000018119812012, "reduction": 55.65175565175565, "validation": {"accuracy": 83.5016835016835}, "test": {"accuracy": 34.63203463203463}}, "0.8": {"reduction_in_attributes": 94.73684210526316, "time": 0.05971574783325195, "reduction": 54.06445406445406, "validation": {"accuracy": 50.45695045695046}, "test": {"accuracy": 42.42424242424242}}, "0.9": {"reduction_in_attributes": 94.73684210526316, "time": 0.054559946060180664, "reduction": 70.17797017797018, "validation": {"accuracy": 42.712842712842715}, "test": {"accuracy": 20.77922077922078}}, "1.0": {"reduction_in_attributes": 94.73684210526316, "time": 0.04727816581726074, "reduction": 96.68109668109668, "validation": {"accuracy": 17.652717652717655}, "test": {"accuracy": 16.450216450216452}}}, "6": {"0.0": {"reduction_in_attributes": 94.73684210526316, "time": 0.06131720542907715, "reduction": 17.075517075517077, "validation": {"accuracy": 52.910052910052904}, "test": {"accuracy": 21.21212121212121}}, "0.1": {"reduction_in_attributes": 94.73684210526316, "time": 0.06290578842163086, "reduction": 35.4016354016354, "validation": {"accuracy": 94.94949494949495}, "test": {"accuracy": 59.307359307359306}}, "0.2": {"reduction_in_attributes": 94.73684210526316, "time": 0.06368708610534668, "reduction": 28.234728234728234, "validation": {"accuracy": 68.3982683982684}, "test": {"accuracy": 46.75324675324675}}, "0.3": {"reduction_in_attributes": 94.73684210526316, "time": 0.0651099681854248, "reduction": 30.639730639730644, "validation": {"accuracy": 69.6007696007696}, "test": {"accuracy": 42.42424242424242}}, "0.4": {"reduction_in_attributes": 94.73684210526316, "time": 0.06569600105285645, "reduction": 29.389129389129387, "validation": {"accuracy": 58.58585858585859}, "test": {"accuracy": 49.78354978354979}}, "0.5": {"reduction_in_attributes": 94.73684210526316, "time": 0.06132388114929199, "reduction": 40.3078403078403, "validation": {"accuracy": 66.04136604136605}, "test": {"accuracy": 48.917748917748916}},