{"3": {"0.0": {"reduction_in_attributes": 92.3076923076923, "time": 0.013041973114013672, "reduction": 4.489337822671158, "validation": {"accuracy": 83.05274971941638}, "test": {"accuracy": 13.131313131313133}}, "0.1": {"reduction_in_attributes": 92.3076923076923, "time": 0.011976957321166992, "reduction": 17.620650953984285, "validation": {"accuracy": 79.2368125701459}, "test": {"accuracy": 16.161616161616163}}, "0.2": {"reduction_in_attributes": 92.3076923076923, "time": 0.011356115341186523, "reduction": 23.905723905723907, "validation": {"accuracy": 70.14590347923682}, "test": {"accuracy": 9.090909090909092}}, "0.3": {"reduction_in_attributes": 92.3076923076923, "time": 0.01101994514465332, "reduction": 27.27272727272727, "validation": {"accuracy": 66.77890011223344}, "test": {"accuracy": 15.151515151515152}}, "0.4": {"reduction_in_attributes": 92.3076923076923, "time": 0.012288093566894531, "reduction": 30.639730639730644, "validation": {"accuracy": 63.41189674523008}, "test": {"accuracy": 14.14141414141414}}, "0.5": {"reduction_in_attributes": 92.3076923076923, "time": 0.010530233383178711, "reduction": 39.39393939393939, "validation": {"accuracy": 56.9023569023569}, "test": {"accuracy": 14.14141414141414}}, "0.6": {"reduction_in_attributes": 92.3076923076923, "time": 0.010676860809326172, "reduction": 36.02693602693603, "validation": {"accuracy": 64.3097643097643}, "test": {"accuracy": 17.17171717171717}}, "0.7": {"reduction_in_attributes": 92.3076923076923, "time": 0.0076520442962646484, "reduction": 48.26038159371493, "validation": {"accuracy": 9.427609427609427}, "test": {"accuracy": 6.0606060606060606}}, "0.8": {"reduction_in_attributes": 92.3076923076923, "time": 0.010374069213867188, "reduction": 58.47362514029181, "validation": {"accuracy": 51.73961840628507}, "test": {"accuracy": 34.34343434343434}}, "0.9": {"reduction_in_attributes": 92.3076923076923, "time": 0.009752988815307617, "reduction": 76.0942760942761, "validation": {"accuracy": 31.762065095398427}, "test": {"accuracy": 15.151515151515152}}, "1.0": {"reduction_in_attributes": 92.3076923076923, "time": 0.010391950607299805, "reduction": 98.76543209876543, "validation": {"accuracy": 10.998877665544333}, "test": {"accuracy": 8.080808080808081}}}, "4": {"0.0": {"reduction_in_attributes": 92.3076923076923, "time": 0.011424064636230469, "reduction": 13.131313131313128, "validation": {"accuracy": 89.8989898989899}, "test": {"accuracy": 19.19191919191919}}, "0.1": {"reduction_in_attributes": 92.3076923076923, "time": 0.012562751770019531, "reduction": 13.468013468013474, "validation": {"accuracy": 76.31874298540964}, "test": {"accuracy": 11.11111111111111}}, "0.2": {"reduction_in_attributes": 92.3076923076923, "time": 0.007785320281982422, "reduction": 48.03591470258137, "validation": {"accuracy": 9.427609427609427}, "test": {"accuracy": 6.0606060606060606}}, "0.3": {"reduction_in_attributes": 92.3076923076923, "time": 0.013113021850585938, "reduction": 24.579124579124578, "validation": {"accuracy": 66.10549943883277}, "test": {"accuracy": 14.14141414141414}}, "0.4": {"reduction_in_attributes": 92.3076923076923, "time": 0.01096963882446289, "reduction": 26.71156004489338, "validation": {"accuracy": 78.90011223344557}, "test": {"accuracy": 22.22222222222222}}, "0.5": {"reduction_in_attributes": 92.3076923076923, "time": 0.010274171829223633, "reduction": 46.464646464646464, "validation": {"accuracy": 52.974186307519645}, "test": {"accuracy": 10.1010101010101}}, "0.6": {"reduction_in_attributes": 92.3076923076923, "time": 0.0101318359375, "reduction": 52.974186307519645, "validation": {"accuracy": 47.81144781144781}, "test": {"accuracy": 7.07070707070707}}, "0.7": {"reduction_in_attributes": 92.3076923076923, "time": 0.007706880569458008, "reduction": 47.81144781144781, "validation": {"accuracy": 9.31537598204265}, "test": {"accuracy": 7.07070707070707}}, "0.8": {"reduction_in_attributes": 92.3076923076923, "time": 0.010406017303466797, "reduction": 57.35129068462401, "validation": {"accuracy": 52.30078563411896}, "test": {"accuracy": 31.313131313131315}}, "0.9": {"reduction_in_attributes": 92.3076923076923, "time": 0.009926080703735352, "reduction": 75.86980920314254, "validation": {"accuracy": 29.741863075196406}, "test": {"accuracy": 13.131313131313133}}, "1.0": {"reduction_in_attributes": 92.3076923076923, "time": 0.009577274322509766, "reduction": 98.76543209876543, "validation": {"accuracy": 10.437710437710438}, "test": {"accuracy": 11.11111111111111}}}, "5": {"0.0": {"reduction_in_attributes": 92.3076923076923, "time": 0.012739181518554688, "reduction": 6.958473625140293, "validation": {"accuracy": 86.98092031425365}, "test": {"accuracy": 19.19191919191919}}, "0.1": {"reduction_in_attributes": 92.3076923076923, "time": 0.011110782623291016, "reduction": 21.885521885521886, "validation": {"accuracy": 88.43995510662177}, "test": {"accuracy": 29.292929292929294}}, "0.2": {"reduction_in_attributes": 92.3076923076923, "time": 0.011085033416748047, "reduction": 19.191919191919194, "validation": {"accuracy": 77.10437710437711}, "test": {"accuracy": 21.21212121212121}}, "0.3": {"reduction_in_attributes": 92.3076923076923, "time": 0.010946989059448242, "reduction": 26.038159371492707, "validation": {"accuracy": 66.77890011223344}, "test": {"accuracy": 10.1010101010101}}, "0.4": {"reduction_in_attributes": 92.3076923076923, "time": 0.010504961013793945, "reduction": 30.864197530864203, "validation": {"accuracy": 64.98316498316498}, "test": {"accuracy": 12.121212121212121}}, "0.5": {"reduction_in_attributes": 92.3076923076923, "time": 0.010374784469604492, "reduction": 48.03591470258137, "validation": {"accuracy": 52.07631874298541}, "test": {"accuracy": 10.1010101010101}}, "0.6": {"reduction_in_attributes": 92.3076923076923, "time": 0.011625289916992188, "reduction": 39.8428731762065, "validation": {"accuracy": 57.80022446689114}, "test": {"accuracy": 18.181818181818183}}, "0.7": {"reduction_in_attributes": 92.3076923076923, "time": 0.010059118270874023, "reduction": 66.89113355780023, "validation": {"accuracy": 36.81257014590348}, "test": {"accuracy": 10.1010101010101}}, "0.8": {"reduction_in_attributes": 92.3076923076923, "time": 0.011437654495239258, "reduction": 53.42312008978676, "validation": {"accuracy": 48.372615039281705}, "test": {"accuracy": 21.21212121212121}}, "0.9": {"reduction_in_attributes": 92.3076923076923, "time": 0.010966062545776367, "reduction": 76.76767676767678, "validation": {"accuracy": 32.210998877665546}, "test": {"accuracy": 12.121212121212121}}, "1.0": {"reduction_in_attributes": 92.3076923076923, "time": 0.009021759033203125, "reduction": 92.5925925925926, "validation": {"accuracy": 9.988776655443322}, "test": {"accuracy": 1.0101010101010102}}}, "6": {"0.0": {"reduction_in_attributes": 92.3076923076923, "time": 0.009700775146484375, "reduction": 0.0, "validation": {"accuracy": 9.31537598204265}, "test": {"accuracy": 7.07070707070707}}, "0.1": {"reduction_in_attributes": 92.3076923076923, "time": 0.007867097854614258, "reduction": 48.484848484848484, "validation": {"accuracy": 9.31537598204265}, "test": {"accuracy": 7.07070707070707}}, "0.2": {"reduction_in_attributes": 92.3076923076923, "time": 0.011140823364257812, "reduction": 26.374859708193043, "validation": {"accuracy": 70.70707070707071}, "test": {"accuracy": 7.07070707070707}}, "0.3": {"reduction_in_attributes": 92.3076923076923, "time": 0.012333154678344727, "reduction": 28.395061728395067, "validation": {"accuracy": 83.27721661054994}, "test": {"accuracy": 28.28282828282828}}, "0.4": {"reduction_in_attributes": 92.3076923076923, "time": 0.011073589324951172, "reduction": 27.94612794612794, "validation": {"accuracy": 67.67676767676768}, "test": {"accuracy": 15.151515151515152}}, "0.5": {"reduction_in_attributes": 92.3076923076923, "time": 0.010916948318481445, "reduction": 30.97643097643098, "validation": {"accuracy": 74.74747474747475}, "test": {"accuracy": 28.28282828282828}},