{"3": {"0.0": {"reduction_in_attributes": 53.84615384615385, "time": 0.0009801387786865234, "reduction": 65.0, "validation": {"accuracy": 71.875}, "test": {"accuracy": 61.111111111111114}}, "0.1": {"reduction_in_attributes": 53.84615384615385, "time": 0.0009012222290039062, "reduction": 67.5, "validation": {"accuracy": 71.875}, "test": {"accuracy": 61.111111111111114}}, "0.2": {"reduction_in_attributes": 53.84615384615385, "time": 0.0012040138244628906, "reduction": 69.375, "validation": {"accuracy": 70.0}, "test": {"accuracy": 61.111111111111114}}, "0.3": {"reduction_in_attributes": 53.84615384615385, "time": 0.0009021759033203125, "reduction": 72.5, "validation": {"accuracy": 70.0}, "test": {"accuracy": 61.111111111111114}}, "0.4": {"reduction_in_attributes": 53.84615384615385, "time": 0.0009160041809082031, "reduction": 74.375, "validation": {"accuracy": 70.0}, "test": {"accuracy": 61.111111111111114}}, "0.5": {"reduction_in_attributes": 53.84615384615385, "time": 0.000865936279296875, "reduction": 75.625, "validation": {"accuracy": 70.0}, "test": {"accuracy": 61.111111111111114}}, "0.6": {"reduction_in_attributes": 53.84615384615385, "time": 0.0008678436279296875, "reduction": 76.875, "validation": {"accuracy": 70.0}, "test": {"accuracy": 61.111111111111114}}, "0.7": {"reduction_in_attributes": 53.84615384615385, "time": 0.0010831356048583984, "reduction": 81.25, "validation": {"accuracy": 69.375}, "test": {"accuracy": 61.111111111111114}}, "0.8": {"reduction_in_attributes": 53.84615384615385, "time": 0.0008740425109863281, "reduction": 86.25, "validation": {"accuracy": 70.0}, "test": {"accuracy": 61.111111111111114}}, "0.9": {"reduction_in_attributes": 53.84615384615385, "time": 0.0008180141448974609, "reduction": 94.375, "validation": {"accuracy": 71.25}, "test": {"accuracy": 61.111111111111114}}, "1.0": {"reduction_in_attributes": 53.84615384615385, "time": 0.0009210109710693359, "reduction": 98.125, "validation": {"accuracy": 71.875}, "test": {"accuracy": 61.111111111111114}}}, "4": {"0.0": {"reduction_in_attributes": 53.84615384615385, "time": 0.0008027553558349609, "reduction": 63.125, "validation": {"accuracy": 63.125}, "test": {"accuracy": 55.55555555555556}}, "0.1": {"reduction_in_attributes": 53.84615384615385, "time": 0.0009908676147460938, "reduction": 65.625, "validation": {"accuracy": 62.5}, "test": {"accuracy": 55.55555555555556}}, "0.2": {"reduction_in_attributes": 53.84615384615385, "time": 0.0008997917175292969, "reduction": 69.375, "validation": {"accuracy": 58.12500000000001}, "test": {"accuracy": 55.55555555555556}}, "0.3": {"reduction_in_attributes": 53.84615384615385, "time": 0.0008308887481689453, "reduction": 70.625, "validation": {"accuracy": 56.875}, "test": {"accuracy": 55.55555555555556}}, "0.4": {"reduction_in_attributes": 53.84615384615385, "time": 0.0008273124694824219, "reduction": 73.125, "validation": {"accuracy": 57.49999999999999}, "test": {"accuracy": 55.55555555555556}}, "0.5": {"reduction_in_attributes": 53.84615384615385, "time": 0.0007719993591308594, "reduction": 78.125, "validation": {"accuracy": 57.49999999999999}, "test": {"accuracy": 55.55555555555556}}, "0.6": {"reduction_in_attributes": 53.84615384615385, "time": 0.0008268356323242188, "reduction": 79.375, "validation": {"accuracy": 57.49999999999999}, "test": {"accuracy": 55.55555555555556}}, "0.7": {"reduction_in_attributes": 53.84615384615385, "time": 0.0009942054748535156, "reduction": 83.125, "validation": {"accuracy": 57.49999999999999}, "test": {"accuracy": 55.55555555555556}}, "0.8": {"reduction_in_attributes": 53.84615384615385, "time": 0.0008838176727294922, "reduction": 89.375, "validation": {"accuracy": 63.74999999999999}, "test": {"accuracy": 55.55555555555556}}, "0.9": {"reduction_in_attributes": 53.84615384615385, "time": 0.0008411407470703125, "reduction": 96.875, "validation": {"accuracy": 67.5}, "test": {"accuracy": 44.44444444444444}}, "1.0": {"reduction_in_attributes": 53.84615384615385, "time": 0.0008268356323242188, "reduction": 98.125, "validation": {"accuracy": 67.5}, "test": {"accuracy": 44.44444444444444}}}, "5": {"0.0": {"reduction_in_attributes": 53.84615384615385, "time": 0.0008120536804199219, "reduction": 63.125, "validation": {"accuracy": 60.62499999999999}, "test": {"accuracy": 38.88888888888889}}, "0.1": {"reduction_in_attributes": 53.84615384615385, "time": 0.0007770061492919922, "reduction": 66.875, "validation": {"accuracy": 60.62499999999999}, "test": {"accuracy": 38.88888888888889}}, "0.2": {"reduction_in_attributes": 53.84615384615385, "time": 0.0007872581481933594, "reduction": 69.375, "validation": {"accuracy": 58.75}, "test": {"accuracy": 38.88888888888889}}, "0.3": {"reduction_in_attributes": 53.84615384615385, "time": 0.0007770061492919922, "reduction": 70.0, "validation": {"accuracy": 58.75}, "test": {"accuracy": 38.88888888888889}}, "0.4": {"reduction_in_attributes": 53.84615384615385, "time": 0.0008709430694580078, "reduction": 73.75, "validation": {"accuracy": 58.75}, "test": {"accuracy": 38.88888888888889}}, "0.5": {"reduction_in_attributes": 53.84615384615385, "time": 0.0009558200836181641, "reduction": 75.0, "validation": {"accuracy": 58.75}, "test": {"accuracy": 38.88888888888889}}, "0.6": {"reduction_in_attributes": 53.84615384615385, "time": 0.0008790493011474609, "reduction": 78.75, "validation": {"accuracy": 59.375}, "test": {"accuracy": 38.88888888888889}}, "0.7": {"reduction_in_attributes": 53.84615384615385, "time": 0.0010690689086914062, "reduction": 85.0, "validation": {"accuracy": 61.875}, "test": {"accuracy": 38.88888888888889}}, "0.8": {"reduction_in_attributes": 53.84615384615385, "time": 0.00080108642578125, "reduction": 90.0, "validation": {"accuracy": 62.5}, "test": {"accuracy": 38.88888888888889}}, "0.9": {"reduction_in_attributes": 53.84615384615385, "time": 0.0009238719940185547, "reduction": 95.0, "validation": {"accuracy": 68.75}, "test": {"accuracy": 44.44444444444444}}, "1.0": {"reduction_in_attributes": 53.84615384615385, "time": 0.0008051395416259766, "reduction": 98.125, "validation": {"accuracy": 68.75}, "test": {"accuracy": 44.44444444444444}}}, "6": {"0.0": {"reduction_in_attributes": 61.53846153846154, "time": 0.0008158683776855469, "reduction": 62.5, "validation": {"accuracy": 58.12500000000001}, "test": {"accuracy": 66.66666666666666}}, "0.1": {"reduction_in_attributes": 61.53846153846154, "time": 0.0008246898651123047, "reduction": 64.375, "validation": {"accuracy": 58.12500000000001}, "test": {"accuracy": 66.66666666666666}}, "0.2": {"reduction_in_attributes": 61.53846153846154, "time": 0.0007681846618652344, "reduction": 68.125, "validation": {"accuracy": 51.87500000000001}, "test": {"accuracy": 55.55555555555556}}, "0.3": {"reduction_in_attributes": 61.53846153846154, "time": 0.0009469985961914062, "reduction": 71.875, "validation": {"accuracy": 51.24999999999999}, "test": {"accuracy": 55.55555555555556}}, "0.4": {"reduction_in_attributes": 61.53846153846154, "time": 0.0009181499481201172, "reduction": 75.625, "validation": {"accuracy": 50.625}, "test": {"accuracy": 55.55555555555556}}, "0.5": {"reduction_in_attributes": 61.53846153846154, "time": 0.0009210109710693359, "reduction": 76.875, "validation": {"accuracy": 50.625}, "test": {"accuracy": 55.55555555555556}}, "0.6": {"reduction_in_attributes": 61.53846153846154, "time": 0.0009188652038574219, "reduction": 80.0, "validation": {"accuracy": 50.625}, "test": {"accuracy": 55.55555555555556}}, "0.7": {"reduction_in_attributes": 61.53846153846154, "time": 0.0009770393371582031, "reduction": 83.75, "validation": {"accuracy": 50.625}, "test": {"accuracy": 55.55555555555556}}, "0.8": {"reduction_in_attributes": 61.53846153846154, "time": 0.0009911060333251953, "reduction": 91.875, "validation": {"accuracy": 65.625}, "test": {"accuracy": 66.66666666666666}}, "0.9": {"reduction_in_attributes": 61.53846153846154, "time": 0.0009889602661132812, "reduction": 96.25, "validation": {"accuracy": 66.875},