{"3": {"0.0": {"time": 0.0017800331115722656, "reduction": 2.0576131687242816, "validation": {"accuracy": 55.144032921810705}, "test": {"accuracy": 51.85185185185185}}, "0.1": {"time": 0.0017919540405273438, "reduction": 3.703703703703709, "validation": {"accuracy": 54.73251028806584}, "test": {"accuracy": 51.85185185185185}}, "0.2": {"time": 0.0016331672668457031, "reduction": 56.37860082304527, "validation": {"accuracy": 54.73251028806584}, "test": {"accuracy": 51.85185185185185}}, "0.3": {"time": 0.0013909339904785156, "reduction": 56.37860082304527, "validation": {"accuracy": 54.73251028806584}, "test": {"accuracy": 51.85185185185185}}, "0.4": {"time": 0.0015420913696289062, "reduction": 56.37860082304527, "validation": {"accuracy": 54.73251028806584}, "test": {"accuracy": 51.85185185185185}}, "0.5": {"time": 0.001432180404663086, "reduction": 98.76543209876543, "validation": {"accuracy": 54.73251028806584}, "test": {"accuracy": 51.85185185185185}}, "0.6": {"time": 0.0013060569763183594, "reduction": 99.1769547325103, "validation": {"accuracy": 54.73251028806584}, "test": {"accuracy": 55.55555555555556}}, "0.7": {"time": 0.0012276172637939453, "reduction": 99.1769547325103, "validation": {"accuracy": 54.73251028806584}, "test": {"accuracy": 55.55555555555556}}, "0.8": {"time": 0.0014181137084960938, "reduction": 99.1769547325103, "validation": {"accuracy": 54.73251028806584}, "test": {"accuracy": 55.55555555555556}}, "0.9": {"time": 0.0013461112976074219, "reduction": 99.1769547325103, "validation": {"accuracy": 54.73251028806584}, "test": {"accuracy": 55.55555555555556}}, "1.0": {"time": 0.0013878345489501953, "reduction": 99.1769547325103, "validation": {"accuracy": 54.73251028806584}, "test": {"accuracy": 55.55555555555556}}}, "4": {"0.0": {"time": 0.0015861988067626953, "reduction": 1.6460905349794275, "validation": {"accuracy": 54.32098765432099}, "test": {"accuracy": 55.55555555555556}}, "0.1": {"time": 0.0015540122985839844, "reduction": 51.028806584362144, "validation": {"accuracy": 55.144032921810705}, "test": {"accuracy": 51.85185185185185}}, "0.2": {"time": 0.0014998912811279297, "reduction": 51.028806584362144, "validation": {"accuracy": 55.144032921810705}, "test": {"accuracy": 51.85185185185185}}, "0.3": {"time": 0.0013949871063232422, "reduction": 53.90946502057613, "validation": {"accuracy": 55.144032921810705}, "test": {"accuracy": 51.85185185185185}}, "0.4": {"time": 0.0015130043029785156, "reduction": 54.73251028806585, "validation": {"accuracy": 55.144032921810705}, "test": {"accuracy": 51.85185185185185}}, "0.5": {"time": 0.0014672279357910156, "reduction": 54.73251028806585, "validation": {"accuracy": 55.144032921810705}, "test": {"accuracy": 51.85185185185185}}, "0.6": {"time": 0.0013933181762695312, "reduction": 55.14403292181069, "validation": {"accuracy": 55.144032921810705}, "test": {"accuracy": 51.85185185185185}}, "0.7": {"time": 0.001512289047241211, "reduction": 55.96707818930041, "validation": {"accuracy": 55.144032921810705}, "test": {"accuracy": 51.85185185185185}}, "0.8": {"time": 0.0014519691467285156, "reduction": 55.96707818930041, "validation": {"accuracy": 55.144032921810705}, "test": {"accuracy": 51.85185185185185}}, "0.9": {"time": 0.0013980865478515625, "reduction": 58.43621399176955, "validation": {"accuracy": 55.144032921810705}, "test": {"accuracy": 51.85185185185185}}, "1.0": {"time": 0.0014960765838623047, "reduction": 58.43621399176955, "validation": {"accuracy": 55.144032921810705}, "test": {"accuracy": 51.85185185185185}}}, "5": {"0.0": {"time": 0.0016222000122070312, "reduction": 0.8230452674897082, "validation": {"accuracy": 55.96707818930041}, "test": {"accuracy": 44.44444444444444}}, "0.1": {"time": 0.0017850399017333984, "reduction": 1.6460905349794275, "validation": {"accuracy": 56.79012345679012}, "test": {"accuracy": 48.148148148148145}}, "0.2": {"time": 0.0016467571258544922, "reduction": 2.0576131687242816, "validation": {"accuracy": 56.79012345679012}, "test": {"accuracy": 48.148148148148145}}, "0.3": {"time": 0.0017578601837158203, "reduction": 2.4691358024691357, "validation": {"accuracy": 56.79012345679012}, "test": {"accuracy": 48.148148148148145}}, "0.4": {"time": 0.0017180442810058594, "reduction": 2.4691358024691357, "validation": {"accuracy": 56.79012345679012}, "test": {"accuracy": 48.148148148148145}}, "0.5": {"time": 0.0015778541564941406, "reduction": 3.292181069958844, "validation": {"accuracy": 55.96707818930041}, "test": {"accuracy": 44.44444444444444}}, "0.6": {"time": 0.0017247200012207031, "reduction": 3.292181069958844, "validation": {"accuracy": 55.96707818930041}, "test": {"accuracy": 44.44444444444444}}, "0.7": {"time": 0.001505136489868164, "reduction": 45.26748971193416, "validation": {"accuracy": 55.96707818930041}, "test": {"accuracy": 44.44444444444444}}, "0.8": {"time": 0.0015118122100830078, "reduction": 46.09053497942387, "validation": {"accuracy": 55.55555555555556}, "test": {"accuracy": 48.148148148148145}}, "0.9": {"time": 0.0014719963073730469, "reduction": 46.09053497942387, "validation": {"accuracy": 55.55555555555556}, "test": {"accuracy": 48.148148148148145}}, "1.0": {"time": 0.0013959407806396484, "reduction": 46.50205761316872, "validation": {"accuracy": 55.55555555555556}, "test": {"accuracy": 48.148148148148145}}}, "6": {"0.0": {"time": 0.002084970474243164, "reduction": 0.4115226337448541, "validation": {"accuracy": 54.73251028806584}, "test": {"accuracy": 44.44444444444444}}, "0.1": {"time": 0.0016269683837890625, "reduction": 1.2345679012345734, "validation": {"accuracy": 55.55555555555556}, "test": {"accuracy": 40.74074074074074}}, "0.2": {"time": 0.0016961097717285156, "reduction": 1.2345679012345734, "validation": {"accuracy": 55.55555555555556}, "test": {"accuracy": 40.74074074074074}}, "0.3": {"time": 0.0015990734100341797, "reduction": 1.6460905349794275, "validation": {"accuracy": 55.96707818930041}, "test": {"accuracy": 44.44444444444444}}, "0.4": {"time": 0.001756906509399414, "reduction": 2.4691358024691357, "validation": {"accuracy": 55.96707818930041}, "test": {"accuracy": 44.44444444444444}}, "0.5": {"time": 0.0016238689422607422, "reduction": 2.4691358024691357, "validation": {"accuracy": 55.96707818930041}, "test": {"accuracy": 44.44444444444444}}, "0.6": {"time": 0.0017528533935546875, "reduction": 2.8806584362139898, "validation": {"accuracy": 55.96707818930041}, "test": {"accuracy": 48.148148148148145}}, "0.7": {"time": 0.001641988754272461, "reduction": 2.8806584362139898, "validation": {"accuracy": 55.96707818930041}, "test": {"accuracy": 48.148148148148145}}, "0.8": {"time": 0.001506805419921875, "reduction": 45.26748971193416, "validation": {"accuracy": 55.55555555555556}, "test": {"accuracy": 48.148148148148145}}, "0.9": {"time": 0.0015227794647216797, "reduction": 45.67901234567901, "validation": {"accuracy": 55.55555555555556}, "test": {"accuracy": 48.148148148148145}}, "1.0": {"time": 0.0014350414276123047, "reduction": 46.50205761316872, "validation": {"accuracy": 55.55555555555556}, "test": {"accuracy": 48.148148148148145}}}, "7": {"0.0": {"time": 0.001795053482055664, "reduction": 2.0576131687242816, "validation": {"accuracy": 55.144032921810705}, "test": {"accuracy": 48.148148148148145}}, "0.1": {"time": 0.0015230178833007812, "reduction": 44.855967078189295, "validation": {"accuracy": 55.55555555555556}, "test": {"accuracy": 51.85185185185185}}, "0.2": {"time": 0.0014119148254394531, "reduction": 44.855967078189295, "validation": {"accuracy": 55.55555555555556}, "test": {"accuracy": 51.85185185185185}}, "0.3": {"time": 0.0015361309051513672, "reduction": 45.26748971193416, "validation": {"accuracy": 55.55555555555556}, "test": {"accuracy": 51.85185185185185}}, "0.4": {"time": 0.0014579296112060547, "reduction": 45.26748971193416, "validation": {"accuracy": 55.55555555555556}, "test": {"accuracy": 51.85185185185185}}, "0.5": {"time": 0.0014252662658691406, "reduction": 46.09053497942387,