{"3": {"0.0": {"time": 0.03510904312133789, "reduction": 13.258426966292136, "validation": {"accuracy": 12.808988764044942}, "test": {"accuracy": 12.751677852348994}}, "0.1": {"time": 0.03193187713623047, "reduction": 15.805243445692884, "validation": {"accuracy": 12.808988764044942}, "test": {"accuracy": 12.751677852348994}}, "0.2": {"time": 0.031135082244873047, "reduction": 18.876404494382026, "validation": {"accuracy": 12.808988764044942}, "test": {"accuracy": 12.751677852348994}}, "0.3": {"time": 0.030878067016601562, "reduction": 24.419475655430713, "validation": {"accuracy": 12.359550561797752}, "test": {"accuracy": 14.093959731543624}}, "0.4": {"time": 0.03013300895690918, "reduction": 32.43445692883895, "validation": {"accuracy": 12.359550561797752}, "test": {"accuracy": 14.093959731543624}}, "0.5": {"time": 0.029762983322143555, "reduction": 44.569288389513105, "validation": {"accuracy": 11.985018726591761}, "test": {"accuracy": 13.422818791946309}}, "0.6": {"time": 0.02768111228942871, "reduction": 58.87640449438203, "validation": {"accuracy": 11.910112359550562}, "test": {"accuracy": 12.751677852348994}}, "0.7": {"time": 0.027105093002319336, "reduction": 75.58052434456928, "validation": {"accuracy": 9.51310861423221}, "test": {"accuracy": 12.080536912751679}}, "0.8": {"time": 0.02675795555114746, "reduction": 88.38951310861422, "validation": {"accuracy": 11.835205992509364}, "test": {"accuracy": 13.422818791946309}}, "0.9": {"time": 0.02695298194885254, "reduction": 97.00374531835206, "validation": {"accuracy": 11.685393258426966}, "test": {"accuracy": 12.751677852348994}}, "1.0": {"time": 0.027070999145507812, "reduction": 99.25093632958801, "validation": {"accuracy": 12.059925093632959}, "test": {"accuracy": 12.080536912751679}}}, "4": {"0.0": {"time": 0.03200793266296387, "reduction": 13.48314606741573, "validation": {"accuracy": 17.00374531835206}, "test": {"accuracy": 17.449664429530202}}, "0.1": {"time": 0.03155374526977539, "reduction": 15.355805243445698, "validation": {"accuracy": 17.153558052434455}, "test": {"accuracy": 16.778523489932887}}, "0.2": {"time": 0.0312497615814209, "reduction": 17.453183520599246, "validation": {"accuracy": 14.681647940074907}, "test": {"accuracy": 14.76510067114094}}, "0.3": {"time": 0.030684232711791992, "reduction": 21.573033707865164, "validation": {"accuracy": 14.681647940074907}, "test": {"accuracy": 14.76510067114094}}, "0.4": {"time": 0.030853986740112305, "reduction": 29.588014981273403, "validation": {"accuracy": 14.307116104868914}, "test": {"accuracy": 14.093959731543624}}, "0.5": {"time": 0.029500961303710938, "reduction": 40.0, "validation": {"accuracy": 16.629213483146067}, "test": {"accuracy": 14.093959731543624}}, "0.6": {"time": 0.02867579460144043, "reduction": 54.8314606741573, "validation": {"accuracy": 20.674157303370784}, "test": {"accuracy": 20.13422818791946}}, "0.7": {"time": 0.027204036712646484, "reduction": 72.13483146067416, "validation": {"accuracy": 15.505617977528091}, "test": {"accuracy": 16.10738255033557}}, "0.8": {"time": 0.026510000228881836, "reduction": 86.21722846441948, "validation": {"accuracy": 14.00749063670412}, "test": {"accuracy": 10.738255033557047}}, "0.9": {"time": 0.026777982711791992, "reduction": 95.50561797752809, "validation": {"accuracy": 9.588014981273409}, "test": {"accuracy": 8.724832214765101}}, "1.0": {"time": 0.026266813278198242, "reduction": 99.25093632958801, "validation": {"accuracy": 11.310861423220974}, "test": {"accuracy": 12.080536912751679}}}, "5": {"0.0": {"time": 0.03144383430480957, "reduction": 14.371257485029943, "validation": {"accuracy": 15.943113772455089}, "test": {"accuracy": 22.2972972972973}}, "0.1": {"time": 0.031330108642578125, "reduction": 15.718562874251496, "validation": {"accuracy": 16.317365269461078}, "test": {"accuracy": 22.2972972972973}}, "0.2": {"time": 0.031087875366210938, "reduction": 17.964071856287422, "validation": {"accuracy": 16.46706586826347}, "test": {"accuracy": 22.2972972972973}}, "0.3": {"time": 0.03068709373474121, "reduction": 21.482035928143716, "validation": {"accuracy": 16.46706586826347}, "test": {"accuracy": 22.2972972972973}}, "0.4": {"time": 0.029983997344970703, "reduction": 28.667664670658688, "validation": {"accuracy": 14.745508982035929}, "test": {"accuracy": 18.243243243243242}}, "0.5": {"time": 0.029303789138793945, "reduction": 40.11976047904192, "validation": {"accuracy": 14.67065868263473}, "test": {"accuracy": 17.56756756756757}}, "0.6": {"time": 0.027760028839111328, "reduction": 55.464071856287426, "validation": {"accuracy": 20.434131736526943}, "test": {"accuracy": 27.027027027027028}}, "0.7": {"time": 0.027117013931274414, "reduction": 71.8562874251497, "validation": {"accuracy": 17.065868263473057}, "test": {"accuracy": 21.62162162162162}}, "0.8": {"time": 0.026810169219970703, "reduction": 85.85329341317365, "validation": {"accuracy": 6.212574850299401}, "test": {"accuracy": 12.837837837837837}}, "0.9": {"time": 0.02617478370666504, "reduction": 95.13473053892216, "validation": {"accuracy": 3.8922155688622757}, "test": {"accuracy": 6.756756756756757}}, "1.0": {"time": 0.027089834213256836, "reduction": 99.25149700598801, "validation": {"accuracy": 3.5179640718562872}, "test": {"accuracy": 3.3783783783783785}}}, "6": {"0.0": {"time": 0.03202986717224121, "reduction": 12.94910179640718, "validation": {"accuracy": 20.209580838323355}, "test": {"accuracy": 21.62162162162162}}, "0.1": {"time": 0.031093835830688477, "reduction": 14.595808383233532, "validation": {"accuracy": 20.434131736526943}, "test": {"accuracy": 22.972972972972975}}, "0.2": {"time": 0.03094196319580078, "reduction": 16.766467065868262, "validation": {"accuracy": 20.434131736526943}, "test": {"accuracy": 22.972972972972975}}, "0.3": {"time": 0.03050971031188965, "reduction": 20.284431137724546, "validation": {"accuracy": 19.386227544910177}, "test": {"accuracy": 21.62162162162162}}, "0.4": {"time": 0.03031778335571289, "reduction": 28.667664670658688, "validation": {"accuracy": 17.440119760479043}, "test": {"accuracy": 16.216216216216218}}, "0.5": {"time": 0.028747081756591797, "reduction": 41.691616766467064, "validation": {"accuracy": 16.691616766467064}, "test": {"accuracy": 16.89189189189189}}, "0.6": {"time": 0.028196096420288086, "reduction": 58.08383233532935, "validation": {"accuracy": 16.61676646706587}, "test": {"accuracy": 16.89189189189189}}, "0.7": {"time": 0.02675485610961914, "reduction": 75.22455089820359, "validation": {"accuracy": 17.14071856287425}, "test": {"accuracy": 17.56756756756757}}, "0.8": {"time": 0.026733875274658203, "reduction": 87.42514970059881, "validation": {"accuracy": 10.553892215568862}, "test": {"accuracy": 13.513513513513514}}, "0.9": {"time": 0.026311159133911133, "reduction": 96.03293413173652, "validation": {"accuracy": 2.470059880239521}, "test": {"accuracy": 2.027027027027027}}, "1.0": {"time": 0.027231931686401367, "reduction": 99.25149700598801, "validation": {"accuracy": 7.784431137724551}, "test": {"accuracy": 7.4324324324324325}}}, "7": {"0.0": {"time": 0.03238391876220703, "reduction": 14.595808383233532, "validation": {"accuracy": 18.562874251497004}, "test": {"accuracy": 21.62162162162162}}, "0.1": {"time": 0.031136035919189453, "reduction": 16.31736526946108, "validation": {"accuracy": 18.48802395209581}, "test": {"accuracy": 21.62162162162162}}, "0.2": {"time": 0.031246185302734375, "reduction": 19.086826347305387, "validation": {"accuracy": 14.745508982035929}, "test": {"accuracy": 16.216216216216218}}, "0.3": {"time": 0.03102397918701172, "reduction": 22.380239520958078, "validation": {"accuracy": 13.09880239520958}, "test": {"accuracy": 17.56756756756757}}, "0.4": {"time": 0.029783248901367188, "reduction": 29.416167664670656, "validation": {"accuracy": 13.023952095808383}, "test": {"accuracy": 15.54054054054054}}, "0.5": {"time": 0.029046058654785156, "reduction": 41.61676646706587, "validation": {"accuracy": 12.425149700598801},