{"3": {"0.0": {"time": 0.06298017501831055, "reduction": 0.3028773346794522, "validation": {"accuracy": 70.36850075719335}, "test": {"accuracy": 72.27272727272728}}, "0.1": {"time": 0.056488752365112305, "reduction": 11.610297829379101, "validation": {"accuracy": 70.36850075719335}, "test": {"accuracy": 72.27272727272728}}, "0.2": {"time": 0.05607485771179199, "reduction": 15.699141847551745, "validation": {"accuracy": 70.36850075719335}, "test": {"accuracy": 72.27272727272728}}, "0.3": {"time": 0.05674910545349121, "reduction": 21.251892983341747, "validation": {"accuracy": 70.36850075719335}, "test": {"accuracy": 72.27272727272728}}, "0.4": {"time": 0.05387687683105469, "reduction": 28.1675921251893, "validation": {"accuracy": 38.818778394750126}, "test": {"accuracy": 37.27272727272727}}, "0.5": {"time": 0.05372214317321777, "reduction": 31.14588591620394, "validation": {"accuracy": 38.818778394750126}, "test": {"accuracy": 37.27272727272727}}, "0.6": {"time": 0.053571224212646484, "reduction": 32.81171125694093, "validation": {"accuracy": 38.818778394750126}, "test": {"accuracy": 37.27272727272727}}, "0.7": {"time": 0.05248904228210449, "reduction": 42.554265522463396, "validation": {"accuracy": 38.818778394750126}, "test": {"accuracy": 37.27272727272727}}, "0.8": {"time": 0.05006694793701172, "reduction": 61.02978293791015, "validation": {"accuracy": 34.47753659767794}, "test": {"accuracy": 33.63636363636363}}, "0.9": {"time": 0.04941987991333008, "reduction": 70.51993942453306, "validation": {"accuracy": 34.47753659767794}, "test": {"accuracy": 33.63636363636363}}, "1.0": {"time": 0.049729108810424805, "reduction": 95.0530035335689, "validation": {"accuracy": 61.53457849570923}, "test": {"accuracy": 59.54545454545455}}}, "4": {"0.0": {"time": 0.059068918228149414, "reduction": 0.3028773346794522, "validation": {"accuracy": 67.59212518929833}, "test": {"accuracy": 70.45454545454545}}, "0.1": {"time": 0.056836843490600586, "reduction": 12.165572942958104, "validation": {"accuracy": 67.59212518929833}, "test": {"accuracy": 70.45454545454545}}, "0.2": {"time": 0.05614209175109863, "reduction": 15.396264512872282, "validation": {"accuracy": 67.59212518929833}, "test": {"accuracy": 70.45454545454545}}, "0.3": {"time": 0.05559086799621582, "reduction": 20.797576981322564, "validation": {"accuracy": 67.59212518929833}, "test": {"accuracy": 70.45454545454545}}, "0.4": {"time": 0.05510878562927246, "reduction": 27.46087834427057, "validation": {"accuracy": 67.59212518929833}, "test": {"accuracy": 70.45454545454545}}, "0.5": {"time": 0.054694175720214844, "reduction": 31.044926804644124, "validation": {"accuracy": 68.95507319535588}, "test": {"accuracy": 70.9090909090909}}, "0.6": {"time": 0.054502010345458984, "reduction": 33.61938414941948, "validation": {"accuracy": 68.95507319535588}, "test": {"accuracy": 70.9090909090909}}, "0.7": {"time": 0.053305864334106445, "reduction": 42.35234729934376, "validation": {"accuracy": 71.02473498233216}, "test": {"accuracy": 74.54545454545455}}, "0.8": {"time": 0.05111503601074219, "reduction": 60.2221100454316, "validation": {"accuracy": 62.49369005552751}, "test": {"accuracy": 62.727272727272734}}, "0.9": {"time": 0.05028128623962402, "reduction": 67.33972741039878, "validation": {"accuracy": 62.49369005552751}, "test": {"accuracy": 62.727272727272734}}, "1.0": {"time": 0.050900936126708984, "reduction": 95.20444220090863, "validation": {"accuracy": 68.95507319535588}, "test": {"accuracy": 70.9090909090909}}}, "5": {"0.0": {"time": 0.06032514572143555, "reduction": 0.0, "validation": {"accuracy": 67.74356385663806}, "test": {"accuracy": 68.18181818181817}}, "0.1": {"time": 0.05684375762939453, "reduction": 12.569409389197371, "validation": {"accuracy": 67.74356385663806}, "test": {"accuracy": 68.18181818181817}}, "0.2": {"time": 0.055938005447387695, "reduction": 15.09338717819283, "validation": {"accuracy": 67.74356385663806}, "test": {"accuracy": 68.18181818181817}}, "0.3": {"time": 0.05576515197753906, "reduction": 21.302372539121663, "validation": {"accuracy": 67.74356385663806}, "test": {"accuracy": 68.18181818181817}}, "0.4": {"time": 0.05445408821105957, "reduction": 26.097930338213025, "validation": {"accuracy": 68.90459363957598}, "test": {"accuracy": 71.36363636363636}}, "0.5": {"time": 0.05388998985290527, "reduction": 31.09540636042403, "validation": {"accuracy": 68.90459363957598}, "test": {"accuracy": 71.36363636363636}}, "0.6": {"time": 0.05343985557556152, "reduction": 34.2251388187784, "validation": {"accuracy": 68.90459363957598}, "test": {"accuracy": 71.36363636363636}}, "0.7": {"time": 0.05223989486694336, "reduction": 41.03987884906613, "validation": {"accuracy": 71.32761231701161}, "test": {"accuracy": 71.81818181818181}}, "0.8": {"time": 0.05023503303527832, "reduction": 60.575466935890965, "validation": {"accuracy": 62.49369005552751}, "test": {"accuracy": 62.727272727272734}}, "0.9": {"time": 0.04974222183227539, "reduction": 68.24835941443716, "validation": {"accuracy": 62.49369005552751}, "test": {"accuracy": 62.727272727272734}}, "1.0": {"time": 0.04850888252258301, "reduction": 95.25492175668853, "validation": {"accuracy": 65.11862695608278}, "test": {"accuracy": 70.0}}}, "6": {"0.0": {"time": 0.05931591987609863, "reduction": 0.15143866733973166, "validation": {"accuracy": 63.351842503785974}, "test": {"accuracy": 62.272727272727266}}, "0.1": {"time": 0.05755186080932617, "reduction": 11.913175164058554, "validation": {"accuracy": 63.351842503785974}, "test": {"accuracy": 62.272727272727266}}, "0.2": {"time": 0.0560610294342041, "reduction": 15.09338717819283, "validation": {"accuracy": 63.351842503785974}, "test": {"accuracy": 62.272727272727266}}, "0.3": {"time": 0.0602109432220459, "reduction": 22.21100454316002, "validation": {"accuracy": 63.351842503785974}, "test": {"accuracy": 62.272727272727266}}, "0.4": {"time": 0.054924964904785156, "reduction": 25.138818778394743, "validation": {"accuracy": 63.351842503785974}, "test": {"accuracy": 62.272727272727266}}, "0.5": {"time": 0.055773019790649414, "reduction": 30.59061080262494, "validation": {"accuracy": 39.374053508329126}, "test": {"accuracy": 43.18181818181818}}, "0.6": {"time": 0.05362510681152344, "reduction": 33.92226148409894, "validation": {"accuracy": 39.374053508329126}, "test": {"accuracy": 43.18181818181818}}, "0.7": {"time": 0.05269193649291992, "reduction": 38.1120646138314, "validation": {"accuracy": 39.374053508329126}, "test": {"accuracy": 43.18181818181818}}, "0.8": {"time": 0.05029106140136719, "reduction": 60.12115093387178, "validation": {"accuracy": 34.42705704189803}, "test": {"accuracy": 35.90909090909091}}, "0.9": {"time": 0.0499570369720459, "reduction": 66.58253407370015, "validation": {"accuracy": 58.40484603735487}, "test": {"accuracy": 55.45454545454545}}, "1.0": {"time": 0.04820108413696289, "reduction": 94.64916708732963, "validation": {"accuracy": 58.909641595153964}, "test": {"accuracy": 56.36363636363636}}}, "7": {"0.0": {"time": 0.05961132049560547, "reduction": 0.0, "validation": {"accuracy": 68.55123674911661}, "test": {"accuracy": 74.54545454545455}}, "0.1": {"time": 0.05661797523498535, "reduction": 12.922766279656738, "validation": {"accuracy": 68.55123674911661}, "test": {"accuracy": 74.54545454545455}}, "0.2": {"time": 0.05631685256958008, "reduction": 15.194346289752648, "validation": {"accuracy": 68.55123674911661}, "test": {"accuracy": 74.54545454545455}}, "0.3": {"time": 0.05591392517089844, "reduction": 22.51388187783947, "validation": {"accuracy": 68.55123674911661}, "test": {"accuracy": 74.54545454545455}}, "0.4": {"time": 0.05490422248840332, "reduction": 25.59313478041393, "validation": {"accuracy": 68.55123674911661}, "test": {"accuracy": 74.54545454545455}}, "0.5": {"time": 0.054013967514038086, "reduction": 31.448763250883395, "validation": {"accuracy": 68.55123674911661}, "test": {"accuracy": 74.54545454545455}}, "0.6": {"time": 0.053694963455200195,