{"3": {"0.0": {"reduction_in_attributes": 66.66666666666667, "time": 0.0018019676208496094, "reduction": 2.9090909090909056, "validation": {"accuracy": 77.0909090909091}, "test": {"accuracy": 77.41935483870968}}, "0.1": {"reduction_in_attributes": 66.66666666666667, "time": 0.0018532276153564453, "reduction": 12.727272727272732, "validation": {"accuracy": 76.0}, "test": {"accuracy": 67.74193548387096}}, "0.2": {"reduction_in_attributes": 66.66666666666667, "time": 0.0017850399017333984, "reduction": 16.000000000000004, "validation": {"accuracy": 75.63636363636364}, "test": {"accuracy": 67.74193548387096}}, "0.3": {"reduction_in_attributes": 66.66666666666667, "time": 0.0017049312591552734, "reduction": 20.727272727272727, "validation": {"accuracy": 74.18181818181819}, "test": {"accuracy": 64.51612903225806}}, "0.4": {"reduction_in_attributes": 66.66666666666667, "time": 0.0017180442810058594, "reduction": 22.909090909090914, "validation": {"accuracy": 74.18181818181819}, "test": {"accuracy": 64.51612903225806}}, "0.5": {"reduction_in_attributes": 66.66666666666667, "time": 0.0016713142395019531, "reduction": 25.818181818181817, "validation": {"accuracy": 74.18181818181819}, "test": {"accuracy": 64.51612903225806}}, "0.6": {"reduction_in_attributes": 66.66666666666667, "time": 0.0016541481018066406, "reduction": 31.272727272727273, "validation": {"accuracy": 73.45454545454545}, "test": {"accuracy": 64.51612903225806}}, "0.7": {"reduction_in_attributes": 66.66666666666667, "time": 0.0016541481018066406, "reduction": 34.54545454545455, "validation": {"accuracy": 73.81818181818181}, "test": {"accuracy": 64.51612903225806}}, "0.8": {"reduction_in_attributes": 66.66666666666667, "time": 0.001561880111694336, "reduction": 38.90909090909091, "validation": {"accuracy": 71.27272727272728}, "test": {"accuracy": 64.51612903225806}}, "0.9": {"reduction_in_attributes": 66.66666666666667, "time": 0.0015761852264404297, "reduction": 48.727272727272734, "validation": {"accuracy": 66.54545454545455}, "test": {"accuracy": 64.51612903225806}}, "1.0": {"reduction_in_attributes": 66.66666666666667, "time": 0.0015637874603271484, "reduction": 61.81818181818181, "validation": {"accuracy": 57.81818181818181}, "test": {"accuracy": 64.51612903225806}}}, "4": {"0.0": {"reduction_in_attributes": 66.66666666666667, "time": 0.0017619132995605469, "reduction": 1.8181818181818188, "validation": {"accuracy": 78.18181818181819}, "test": {"accuracy": 64.51612903225806}}, "0.1": {"reduction_in_attributes": 66.66666666666667, "time": 0.0017631053924560547, "reduction": 12.363636363636365, "validation": {"accuracy": 77.0909090909091}, "test": {"accuracy": 67.74193548387096}}, "0.2": {"reduction_in_attributes": 66.66666666666667, "time": 0.0018341541290283203, "reduction": 16.727272727272723, "validation": {"accuracy": 77.0909090909091}, "test": {"accuracy": 67.74193548387096}}, "0.3": {"reduction_in_attributes": 66.66666666666667, "time": 0.0017561912536621094, "reduction": 19.272727272727273, "validation": {"accuracy": 76.36363636363637}, "test": {"accuracy": 70.96774193548387}}, "0.4": {"reduction_in_attributes": 66.66666666666667, "time": 0.0016732215881347656, "reduction": 22.545454545454547, "validation": {"accuracy": 76.36363636363637}, "test": {"accuracy": 70.96774193548387}}, "0.5": {"reduction_in_attributes": 66.66666666666667, "time": 0.001728057861328125, "reduction": 24.0, "validation": {"accuracy": 76.36363636363637}, "test": {"accuracy": 70.96774193548387}}, "0.6": {"reduction_in_attributes": 66.66666666666667, "time": 0.0017099380493164062, "reduction": 27.636363636363637, "validation": {"accuracy": 76.0}, "test": {"accuracy": 70.96774193548387}}, "0.7": {"reduction_in_attributes": 66.66666666666667, "time": 0.001708984375, "reduction": 32.36363636363636, "validation": {"accuracy": 74.18181818181819}, "test": {"accuracy": 70.96774193548387}}, "0.8": {"reduction_in_attributes": 66.66666666666667, "time": 0.0035262107849121094, "reduction": 39.27272727272727, "validation": {"accuracy": 71.27272727272728}, "test": {"accuracy": 70.96774193548387}}, "0.9": {"reduction_in_attributes": 66.66666666666667, "time": 0.0017390251159667969, "reduction": 44.72727272727273, "validation": {"accuracy": 68.36363636363636}, "test": {"accuracy": 70.96774193548387}}, "1.0": {"reduction_in_attributes": 66.66666666666667, "time": 0.0018291473388671875, "reduction": 62.18181818181818, "validation": {"accuracy": 57.09090909090909}, "test": {"accuracy": 70.96774193548387}}}, "5": {"0.0": {"reduction_in_attributes": 66.66666666666667, "time": 0.0018291473388671875, "reduction": 2.9090909090909056, "validation": {"accuracy": 79.27272727272727}, "test": {"accuracy": 35.483870967741936}}, "0.1": {"reduction_in_attributes": 66.66666666666667, "time": 0.0018100738525390625, "reduction": 13.454545454545453, "validation": {"accuracy": 77.81818181818181}, "test": {"accuracy": 32.25806451612903}}, "0.2": {"reduction_in_attributes": 66.66666666666667, "time": 0.0017778873443603516, "reduction": 16.000000000000004, "validation": {"accuracy": 77.0909090909091}, "test": {"accuracy": 32.25806451612903}}, "0.3": {"reduction_in_attributes": 66.66666666666667, "time": 0.0017330646514892578, "reduction": 20.727272727272727, "validation": {"accuracy": 77.0909090909091}, "test": {"accuracy": 32.25806451612903}}, "0.4": {"reduction_in_attributes": 66.66666666666667, "time": 0.0018010139465332031, "reduction": 22.18181818181818, "validation": {"accuracy": 77.0909090909091}, "test": {"accuracy": 32.25806451612903}}, "0.5": {"reduction_in_attributes": 66.66666666666667, "time": 0.0030851364135742188, "reduction": 25.454545454545453, "validation": {"accuracy": 77.0909090909091}, "test": {"accuracy": 32.25806451612903}}, "0.6": {"reduction_in_attributes": 66.66666666666667, "time": 0.001667022705078125, "reduction": 28.727272727272723, "validation": {"accuracy": 76.0}, "test": {"accuracy": 32.25806451612903}}, "0.7": {"reduction_in_attributes": 66.66666666666667, "time": 0.0016820430755615234, "reduction": 30.545454545454543, "validation": {"accuracy": 76.0}, "test": {"accuracy": 32.25806451612903}}, "0.8": {"reduction_in_attributes": 66.66666666666667, "time": 0.0017750263214111328, "reduction": 40.0, "validation": {"accuracy": 72.36363636363636}, "test": {"accuracy": 32.25806451612903}}, "0.9": {"reduction_in_attributes": 66.66666666666667, "time": 0.0022699832916259766, "reduction": 45.45454545454546, "validation": {"accuracy": 69.45454545454545}, "test": {"accuracy": 32.25806451612903}}, "1.0": {"reduction_in_attributes": 66.66666666666667, "time": 0.0015940666198730469, "reduction": 58.909090909090914, "validation": {"accuracy": 61.45454545454545}, "test": {"accuracy": 32.25806451612903}}}, "6": {"0.0": {"reduction_in_attributes": 66.66666666666667, "time": 0.001859903335571289, "reduction": 1.4545454545454528, "validation": {"accuracy": 78.54545454545455}, "test": {"accuracy": 70.96774193548387}}, "0.1": {"reduction_in_attributes": 66.66666666666667, "time": 0.0019130706787109375, "reduction": 10.545454545454547, "validation": {"accuracy": 77.0909090909091}, "test": {"accuracy": 54.83870967741935}}, "0.2": {"reduction_in_attributes": 66.66666666666667, "time": 0.0017862319946289062, "reduction": 13.818181818181818, "validation": {"accuracy": 76.72727272727272}, "test": {"accuracy": 54.83870967741935}}, "0.3": {"reduction_in_attributes": 66.66666666666667, "time": 0.0017719268798828125, "reduction": 19.272727272727273, "validation": {"accuracy": 76.36363636363637}, "test": {"accuracy": 54.83870967741935}}, "0.4": {"reduction_in_attributes": 66.66666666666667, "time": 0.0017859935760498047, "reduction": 21.45454545454546, "validation": {"accuracy": 76.36363636363637}, "test": {"accuracy": 54.83870967741935}}, "0.5": {"reduction_in_attributes": 66.66666666666667, "time": 0.001682281494140625, "reduction": 24.363636363636367, "validation": {"accuracy": 76.36363636363637}, "test": {"accuracy": 54.83870967741935}},