{"3": {"0.0": {"reduction_in_attributes": 69.6969696969697, "time": 0.0025069713592529297, "reduction": 15.506329113924055, "validation": {"accuracy": 69.9367088607595}, "test": {"accuracy": 65.71428571428571}}, "0.1": {"reduction_in_attributes": 69.6969696969697, "time": 0.0024280548095703125, "reduction": 28.164556962025312, "validation": {"accuracy": 69.9367088607595}, "test": {"accuracy": 65.71428571428571}}, "0.2": {"reduction_in_attributes": 69.6969696969697, "time": 0.0023963451385498047, "reduction": 32.59493670886076, "validation": {"accuracy": 68.9873417721519}, "test": {"accuracy": 62.857142857142854}}, "0.3": {"reduction_in_attributes": 69.6969696969697, "time": 0.002379894256591797, "reduction": 33.86075949367089, "validation": {"accuracy": 68.9873417721519}, "test": {"accuracy": 62.857142857142854}}, "0.4": {"reduction_in_attributes": 69.6969696969697, "time": 0.002354860305786133, "reduction": 40.82278481012658, "validation": {"accuracy": 69.30379746835443}, "test": {"accuracy": 71.42857142857143}}, "0.5": {"reduction_in_attributes": 69.6969696969697, "time": 0.0023190975189208984, "reduction": 44.93670886075949, "validation": {"accuracy": 69.30379746835443}, "test": {"accuracy": 71.42857142857143}}, "0.6": {"reduction_in_attributes": 69.6969696969697, "time": 0.0023050308227539062, "reduction": 50.63291139240506, "validation": {"accuracy": 69.30379746835443}, "test": {"accuracy": 71.42857142857143}}, "0.7": {"reduction_in_attributes": 69.6969696969697, "time": 0.0022780895233154297, "reduction": 53.79746835443038, "validation": {"accuracy": 71.20253164556962}, "test": {"accuracy": 71.42857142857143}}, "0.8": {"reduction_in_attributes": 69.6969696969697, "time": 0.002259969711303711, "reduction": 62.34177215189873, "validation": {"accuracy": 71.51898734177216}, "test": {"accuracy": 74.28571428571429}}, "0.9": {"reduction_in_attributes": 69.6969696969697, "time": 0.002161741256713867, "reduction": 64.24050632911393, "validation": {"accuracy": 36.075949367088604}, "test": {"accuracy": 34.285714285714285}}, "1.0": {"reduction_in_attributes": 69.6969696969697, "time": 0.0022461414337158203, "reduction": 65.18987341772151, "validation": {"accuracy": 36.075949367088604}, "test": {"accuracy": 34.285714285714285}}}, "4": {"0.0": {"reduction_in_attributes": 69.6969696969697, "time": 0.002530813217163086, "reduction": 16.77215189873418, "validation": {"accuracy": 71.20253164556962}, "test": {"accuracy": 68.57142857142857}}, "0.1": {"reduction_in_attributes": 69.6969696969697, "time": 0.0024330615997314453, "reduction": 28.164556962025312, "validation": {"accuracy": 71.20253164556962}, "test": {"accuracy": 68.57142857142857}}, "0.2": {"reduction_in_attributes": 69.6969696969697, "time": 0.002434968948364258, "reduction": 31.329113924050635, "validation": {"accuracy": 70.88607594936708}, "test": {"accuracy": 68.57142857142857}}, "0.3": {"reduction_in_attributes": 69.6969696969697, "time": 0.002396821975708008, "reduction": 33.86075949367089, "validation": {"accuracy": 68.67088607594937}, "test": {"accuracy": 68.57142857142857}}, "0.4": {"reduction_in_attributes": 69.6969696969697, "time": 0.002395153045654297, "reduction": 39.55696202531646, "validation": {"accuracy": 68.67088607594937}, "test": {"accuracy": 68.57142857142857}}, "0.5": {"reduction_in_attributes": 69.6969696969697, "time": 0.002360105514526367, "reduction": 44.620253164556964, "validation": {"accuracy": 68.67088607594937}, "test": {"accuracy": 68.57142857142857}}, "0.6": {"reduction_in_attributes": 69.6969696969697, "time": 0.0023200511932373047, "reduction": 50.31645569620253, "validation": {"accuracy": 70.25316455696202}, "test": {"accuracy": 65.71428571428571}}, "0.7": {"reduction_in_attributes": 69.6969696969697, "time": 0.002259969711303711, "reduction": 56.96202531645569, "validation": {"accuracy": 62.65822784810127}, "test": {"accuracy": 60.0}}, "0.8": {"reduction_in_attributes": 69.6969696969697, "time": 0.002231121063232422, "reduction": 61.70886075949367, "validation": {"accuracy": 71.20253164556962}, "test": {"accuracy": 65.71428571428571}}, "0.9": {"reduction_in_attributes": 69.6969696969697, "time": 0.0022170543670654297, "reduction": 62.65822784810127, "validation": {"accuracy": 36.075949367088604}, "test": {"accuracy": 34.285714285714285}}, "1.0": {"reduction_in_attributes": 69.6969696969697, "time": 0.002203226089477539, "reduction": 63.607594936708864, "validation": {"accuracy": 36.075949367088604}, "test": {"accuracy": 34.285714285714285}}}, "5": {"0.0": {"reduction_in_attributes": 66.66666666666667, "time": 0.002627134323120117, "reduction": 16.455696202531644, "validation": {"accuracy": 67.08860759493672}, "test": {"accuracy": 71.42857142857143}}, "0.1": {"reduction_in_attributes": 66.66666666666667, "time": 0.0025620460510253906, "reduction": 27.21518987341772, "validation": {"accuracy": 65.82278481012658}, "test": {"accuracy": 71.42857142857143}}, "0.2": {"reduction_in_attributes": 66.66666666666667, "time": 0.002542734146118164, "reduction": 28.481012658227844, "validation": {"accuracy": 65.82278481012658}, "test": {"accuracy": 71.42857142857143}}, "0.3": {"reduction_in_attributes": 66.66666666666667, "time": 0.002487659454345703, "reduction": 32.59493670886076, "validation": {"accuracy": 65.82278481012658}, "test": {"accuracy": 71.42857142857143}}, "0.4": {"reduction_in_attributes": 66.66666666666667, "time": 0.0024499893188476562, "reduction": 41.13924050632911, "validation": {"accuracy": 66.45569620253164}, "test": {"accuracy": 71.42857142857143}}, "0.5": {"reduction_in_attributes": 66.66666666666667, "time": 0.00238800048828125, "reduction": 48.10126582278481, "validation": {"accuracy": 66.13924050632912}, "test": {"accuracy": 71.42857142857143}}, "0.6": {"reduction_in_attributes": 66.66666666666667, "time": 0.002357006072998047, "reduction": 55.37974683544304, "validation": {"accuracy": 37.65822784810127}, "test": {"accuracy": 34.285714285714285}}, "0.7": {"reduction_in_attributes": 66.66666666666667, "time": 0.002316713333129883, "reduction": 59.810126582278485, "validation": {"accuracy": 37.65822784810127}, "test": {"accuracy": 42.857142857142854}}, "0.8": {"reduction_in_attributes": 66.66666666666667, "time": 0.0022840499877929688, "reduction": 62.9746835443038, "validation": {"accuracy": 36.075949367088604}, "test": {"accuracy": 34.285714285714285}}, "0.9": {"reduction_in_attributes": 66.66666666666667, "time": 0.0022802352905273438, "reduction": 64.24050632911393, "validation": {"accuracy": 36.075949367088604}, "test": {"accuracy": 34.285714285714285}}, "1.0": {"reduction_in_attributes": 66.66666666666667, "time": 0.002270221710205078, "reduction": 64.24050632911393, "validation": {"accuracy": 36.075949367088604}, "test": {"accuracy": 34.285714285714285}}}, "6": {"0.0": {"reduction_in_attributes": 66.66666666666667, "time": 0.0026428699493408203, "reduction": 11.708860759493668, "validation": {"accuracy": 66.13924050632912}, "test": {"accuracy": 62.857142857142854}}, "0.1": {"reduction_in_attributes": 66.66666666666667, "time": 0.0025620460510253906, "reduction": 22.78481012658228, "validation": {"accuracy": 66.13924050632912}, "test": {"accuracy": 62.857142857142854}}, "0.2": {"reduction_in_attributes": 66.66666666666667, "time": 0.0025527477264404297, "reduction": 24.0506329113924, "validation": {"accuracy": 66.77215189873418}, "test": {"accuracy": 62.857142857142854}}, "0.3": {"reduction_in_attributes": 66.66666666666667, "time": 0.00251007080078125, "reduction": 28.164556962025312, "validation": {"accuracy": 67.72151898734177}, "test": {"accuracy": 65.71428571428571}}, "0.4": {"reduction_in_attributes": 66.66666666666667, "time": 0.0024499893188476562, "reduction": 37.34177215189873, "validation": {"accuracy": 68.0379746835443}, "test": {"accuracy": 65.71428571428571}}, "0.5": {"reduction_in_attributes": 66.66666666666667, "time": 0.0023651123046875, "reduction": 45.88607594936709, "validation": {"accuracy": 62.9746835443038},