{"3": {"0.0": {"reduction_in_attributes": 66.66666666666667, "time": 0.0026950836181640625, "reduction": 11.075949367088612, "validation": {"accuracy": 70.25316455696202}, "test": {"accuracy": 68.57142857142857}}, "0.1": {"reduction_in_attributes": 66.66666666666667, "time": 0.002177000045776367, "reduction": 21.835443037974688, "validation": {"accuracy": 70.88607594936708}, "test": {"accuracy": 68.57142857142857}}, "0.2": {"reduction_in_attributes": 66.66666666666667, "time": 0.002435922622680664, "reduction": 24.367088607594933, "validation": {"accuracy": 67.08860759493672}, "test": {"accuracy": 62.857142857142854}}, "0.3": {"reduction_in_attributes": 66.66666666666667, "time": 0.002118825912475586, "reduction": 28.79746835443038, "validation": {"accuracy": 68.0379746835443}, "test": {"accuracy": 60.0}}, "0.4": {"reduction_in_attributes": 66.66666666666667, "time": 0.0023021697998046875, "reduction": 36.39240506329114, "validation": {"accuracy": 62.34177215189873}, "test": {"accuracy": 25.71428571428571}}, "0.5": {"reduction_in_attributes": 66.66666666666667, "time": 0.002173900604248047, "reduction": 46.20253164556962, "validation": {"accuracy": 36.075949367088604}, "test": {"accuracy": 34.285714285714285}}, "0.6": {"reduction_in_attributes": 66.66666666666667, "time": 0.0021979808807373047, "reduction": 51.58227848101266, "validation": {"accuracy": 36.075949367088604}, "test": {"accuracy": 34.285714285714285}}, "0.7": {"reduction_in_attributes": 66.66666666666667, "time": 0.0020520687103271484, "reduction": 58.22784810126582, "validation": {"accuracy": 36.075949367088604}, "test": {"accuracy": 34.285714285714285}}, "0.8": {"reduction_in_attributes": 66.66666666666667, "time": 0.0024530887603759766, "reduction": 61.0759493670886, "validation": {"accuracy": 36.075949367088604}, "test": {"accuracy": 34.285714285714285}}, "0.9": {"reduction_in_attributes": 66.66666666666667, "time": 0.0023217201232910156, "reduction": 62.9746835443038, "validation": {"accuracy": 36.075949367088604}, "test": {"accuracy": 34.285714285714285}}, "1.0": {"reduction_in_attributes": 66.66666666666667, "time": 0.0027141571044921875, "reduction": 64.55696202531645, "validation": {"accuracy": 36.075949367088604}, "test": {"accuracy": 34.285714285714285}}}, "4": {"0.0": {"reduction_in_attributes": 63.63636363636363, "time": 0.002536296844482422, "reduction": 15.189873417721522, "validation": {"accuracy": 71.83544303797468}, "test": {"accuracy": 77.14285714285715}}, "0.1": {"reduction_in_attributes": 63.63636363636363, "time": 0.0043277740478515625, "reduction": 26.265822784810123, "validation": {"accuracy": 71.83544303797468}, "test": {"accuracy": 77.14285714285715}}, "0.2": {"reduction_in_attributes": 63.63636363636363, "time": 0.00273895263671875, "reduction": 27.21518987341772, "validation": {"accuracy": 71.83544303797468}, "test": {"accuracy": 77.14285714285715}}, "0.3": {"reduction_in_attributes": 63.63636363636363, "time": 0.0026397705078125, "reduction": 31.0126582278481, "validation": {"accuracy": 71.20253164556962}, "test": {"accuracy": 77.14285714285715}}, "0.4": {"reduction_in_attributes": 63.63636363636363, "time": 0.002547025680541992, "reduction": 37.34177215189873, "validation": {"accuracy": 71.20253164556962}, "test": {"accuracy": 77.14285714285715}}, "0.5": {"reduction_in_attributes": 63.63636363636363, "time": 0.0024776458740234375, "reduction": 46.20253164556962, "validation": {"accuracy": 70.88607594936708}, "test": {"accuracy": 82.85714285714286}}, "0.6": {"reduction_in_attributes": 63.63636363636363, "time": 0.002454996109008789, "reduction": 53.79746835443038, "validation": {"accuracy": 70.25316455696202}, "test": {"accuracy": 82.85714285714286}}, "0.7": {"reduction_in_attributes": 63.63636363636363, "time": 0.0021238327026367188, "reduction": 60.75949367088608, "validation": {"accuracy": 64.87341772151899}, "test": {"accuracy": 77.14285714285715}}, "0.8": {"reduction_in_attributes": 63.63636363636363, "time": 0.002213001251220703, "reduction": 64.24050632911393, "validation": {"accuracy": 36.075949367088604}, "test": {"accuracy": 34.285714285714285}}, "0.9": {"reduction_in_attributes": 63.63636363636363, "time": 0.0022270679473876953, "reduction": 65.18987341772151, "validation": {"accuracy": 36.075949367088604}, "test": {"accuracy": 34.285714285714285}}, "1.0": {"reduction_in_attributes": 63.63636363636363, "time": 0.0020380020141601562, "reduction": 66.45569620253164, "validation": {"accuracy": 36.075949367088604}, "test": {"accuracy": 34.285714285714285}}}, "5": {"0.0": {"reduction_in_attributes": 66.66666666666667, "time": 0.002290010452270508, "reduction": 19.620253164556967, "validation": {"accuracy": 42.08860759493671}, "test": {"accuracy": 37.142857142857146}}, "0.1": {"reduction_in_attributes": 66.66666666666667, "time": 0.0022270679473876953, "reduction": 31.329113924050635, "validation": {"accuracy": 42.08860759493671}, "test": {"accuracy": 37.142857142857146}}, "0.2": {"reduction_in_attributes": 66.66666666666667, "time": 0.0021681785583496094, "reduction": 32.59493670886076, "validation": {"accuracy": 42.08860759493671}, "test": {"accuracy": 37.142857142857146}}, "0.3": {"reduction_in_attributes": 66.66666666666667, "time": 0.0028121471405029297, "reduction": 36.07594936708861, "validation": {"accuracy": 41.77215189873418}, "test": {"accuracy": 37.142857142857146}}, "0.4": {"reduction_in_attributes": 66.66666666666667, "time": 0.0022652149200439453, "reduction": 40.50632911392405, "validation": {"accuracy": 42.08860759493671}, "test": {"accuracy": 37.142857142857146}}, "0.5": {"reduction_in_attributes": 66.66666666666667, "time": 0.002174854278564453, "reduction": 45.25316455696202, "validation": {"accuracy": 41.77215189873418}, "test": {"accuracy": 37.142857142857146}}, "0.6": {"reduction_in_attributes": 66.66666666666667, "time": 0.002296924591064453, "reduction": 52.84810126582278, "validation": {"accuracy": 70.56962025316456}, "test": {"accuracy": 71.42857142857143}}, "0.7": {"reduction_in_attributes": 66.66666666666667, "time": 0.0031290054321289062, "reduction": 57.27848101265822, "validation": {"accuracy": 69.62025316455697}, "test": {"accuracy": 71.42857142857143}}, "0.8": {"reduction_in_attributes": 66.66666666666667, "time": 0.0023899078369140625, "reduction": 61.70886075949367, "validation": {"accuracy": 70.88607594936708}, "test": {"accuracy": 71.42857142857143}}, "0.9": {"reduction_in_attributes": 66.66666666666667, "time": 0.0023801326751708984, "reduction": 64.24050632911393, "validation": {"accuracy": 64.87341772151899}, "test": {"accuracy": 68.57142857142857}}, "1.0": {"reduction_in_attributes": 66.66666666666667, "time": 0.002052783966064453, "reduction": 66.13924050632912, "validation": {"accuracy": 36.075949367088604}, "test": {"accuracy": 34.285714285714285}}}, "6": {"0.0": {"reduction_in_attributes": 66.66666666666667, "time": 0.002264738082885742, "reduction": 13.607594936708855, "validation": {"accuracy": 48.41772151898734}, "test": {"accuracy": 62.857142857142854}}, "0.1": {"reduction_in_attributes": 66.66666666666667, "time": 0.0024139881134033203, "reduction": 26.265822784810123, "validation": {"accuracy": 48.41772151898734}, "test": {"accuracy": 62.857142857142854}}, "0.2": {"reduction_in_attributes": 66.66666666666667, "time": 0.0022170543670654297, "reduction": 26.89873417721519, "validation": {"accuracy": 48.41772151898734}, "test": {"accuracy": 62.857142857142854}}, "0.3": {"reduction_in_attributes": 66.66666666666667, "time": 0.0032269954681396484, "reduction": 31.329113924050635, "validation": {"accuracy": 48.41772151898734}, "test": {"accuracy": 62.857142857142854}}, "0.4": {"reduction_in_attributes": 66.66666666666667, "time": 0.002180814743041992, "reduction": 37.65822784810127, "validation": {"accuracy": 48.41772151898734}, "test": {"accuracy": 62.857142857142854}}, "0.5": {"reduction_in_attributes": 66.66666666666667, "time": 0.0020668506622314453, "reduction": 45.25316455696202,