{"3": {"0.0": {"reduction_in_attributes": 97.22222222222221, "time": 0.49254918098449707, "reduction": 0.43170436884821806, "validation": {"accuracy": 44.69003626316698}, "test": {"accuracy": 15.838509316770185}}, "0.1": {"reduction_in_attributes": 97.22222222222221, "time": 0.497650146484375, "reduction": 3.902607494387844, "validation": {"accuracy": 47.81557589362804}, "test": {"accuracy": 30.434782608695656}}, "0.2": {"reduction_in_attributes": 97.22222222222221, "time": 0.4995288848876953, "reduction": 3.850802970126055, "validation": {"accuracy": 42.98048696252806}, "test": {"accuracy": 17.391304347826086}}, "0.3": {"reduction_in_attributes": 97.22222222222221, "time": 0.4749119281768799, "reduction": 14.833362113624593, "validation": {"accuracy": 52.32256950440338}, "test": {"accuracy": 33.07453416149068}}, "0.4": {"reduction_in_attributes": 97.22222222222221, "time": 0.47891926765441895, "reduction": 16.888274909342083, "validation": {"accuracy": 50.18131583491625}, "test": {"accuracy": 13.664596273291925}}, "0.5": {"reduction_in_attributes": 97.22222222222221, "time": 0.48677706718444824, "reduction": 10.499050250388532, "validation": {"accuracy": 44.18925919530305}, "test": {"accuracy": 28.726708074534162}}, "0.6": {"reduction_in_attributes": 97.22222222222221, "time": 0.47583889961242676, "reduction": 18.045242617855294, "validation": {"accuracy": 47.280262476256254}, "test": {"accuracy": 29.19254658385093}}, "0.7": {"reduction_in_attributes": 97.22222222222221, "time": 0.45224499702453613, "reduction": 36.14228975997237, "validation": {"accuracy": 53.03056466931445}, "test": {"accuracy": 17.236024844720497}}, "0.8": {"reduction_in_attributes": 97.22222222222221, "time": 0.4673128128051758, "reduction": 33.84562251769988, "validation": {"accuracy": 47.43567604904161}, "test": {"accuracy": 28.416149068322984}}, "0.9": {"reduction_in_attributes": 97.22222222222221, "time": 0.43192100524902344, "reduction": 57.9001899499223, "validation": {"accuracy": 43.93023657399413}, "test": {"accuracy": 18.32298136645963}}, "1.0": {"reduction_in_attributes": 97.22222222222221, "time": 0.422044038772583, "reduction": 97.46157831117252, "validation": {"accuracy": 17.803488171300295}, "test": {"accuracy": 15.527950310559005}}}, "4": {"0.0": {"reduction_in_attributes": 97.22222222222221, "time": 0.48296189308166504, "reduction": 7.477119668451049, "validation": {"accuracy": 50.077706786392675}, "test": {"accuracy": 12.111801242236025}}, "0.1": {"reduction_in_attributes": 97.22222222222221, "time": 0.48891711235046387, "reduction": 6.3374201346917625, "validation": {"accuracy": 48.98981177689518}, "test": {"accuracy": 15.838509316770185}}, "0.2": {"reduction_in_attributes": 97.22222222222221, "time": 0.4888298511505127, "reduction": 8.133310309100327, "validation": {"accuracy": 48.661716456570545}, "test": {"accuracy": 31.987577639751553}}, "0.3": {"reduction_in_attributes": 97.22222222222221, "time": 0.49327516555786133, "reduction": 6.838197202555685, "validation": {"accuracy": 43.032291486789845}, "test": {"accuracy": 15.372670807453417}}, "0.4": {"reduction_in_attributes": 97.22222222222221, "time": 0.4858381748199463, "reduction": 11.414263512346745, "validation": {"accuracy": 43.1877050595752}, "test": {"accuracy": 13.198757763975156}}, "0.5": {"reduction_in_attributes": 97.22222222222221, "time": 0.4761018753051758, "reduction": 16.90554308409601, "validation": {"accuracy": 48.28181661198411}, "test": {"accuracy": 29.6583850931677}}, "0.6": {"reduction_in_attributes": 97.22222222222221, "time": 0.47852277755737305, "reduction": 17.47539285097566, "validation": {"accuracy": 44.828181661198414}, "test": {"accuracy": 31.211180124223603}}, "0.7": {"reduction_in_attributes": 97.22222222222221, "time": 0.4681558609008789, "reduction": 21.136245898808493, "validation": {"accuracy": 45.15627698152305}, "test": {"accuracy": 30.900621118012424}}, "0.8": {"reduction_in_attributes": 97.22222222222221, "time": 0.4572000503540039, "reduction": 33.05128647901917, "validation": {"accuracy": 43.37765498186842}, "test": {"accuracy": 29.6583850931677}}, "0.9": {"reduction_in_attributes": 97.22222222222221, "time": 0.437824010848999, "reduction": 58.245553445000866, "validation": {"accuracy": 35.555171818338806}, "test": {"accuracy": 17.080745341614907}}, "1.0": {"reduction_in_attributes": 97.22222222222221, "time": 0.4216339588165283, "reduction": 96.0628561561043, "validation": {"accuracy": 33.431186323605594}, "test": {"accuracy": 29.6583850931677}}}, "5": {"0.0": {"reduction_in_attributes": 97.22222222222221, "time": 0.48174524307250977, "reduction": 7.062683474356756, "validation": {"accuracy": 49.870488689345535}, "test": {"accuracy": 31.67701863354037}}, "0.1": {"reduction_in_attributes": 97.22222222222221, "time": 0.4990689754486084, "reduction": 4.127093766188916, "validation": {"accuracy": 50.077706786392675}, "test": {"accuracy": 31.832298136645964}}, "0.2": {"reduction_in_attributes": 97.22222222222221, "time": 0.49133896827697754, "reduction": 4.7314798825764175, "validation": {"accuracy": 43.08409601105163}, "test": {"accuracy": 12.732919254658384}}, "0.3": {"reduction_in_attributes": 97.22222222222221, "time": 0.48593807220458984, "reduction": 6.544638231738908, "validation": {"accuracy": 50.077706786392675}, "test": {"accuracy": 31.832298136645964}}, "0.4": {"reduction_in_attributes": 97.22222222222221, "time": 0.4883561134338379, "reduction": 9.117596270074257, "validation": {"accuracy": 47.21118977724055}, "test": {"accuracy": 29.81366459627329}}, "0.5": {"reduction_in_attributes": 97.22222222222221, "time": 0.47638916969299316, "reduction": 20.359178034881708, "validation": {"accuracy": 51.80452426178553}, "test": {"accuracy": 18.788819875776397}}, "0.6": {"reduction_in_attributes": 97.22222222222221, "time": 0.4759981632232666, "reduction": 16.42203419098601, "validation": {"accuracy": 47.41840787428769}, "test": {"accuracy": 30.745341614906835}}, "0.7": {"reduction_in_attributes": 97.22222222222221, "time": 0.458514928817749, "reduction": 33.396649974097734, "validation": {"accuracy": 47.29753065101019}, "test": {"accuracy": 19.40993788819876}}, "0.8": {"reduction_in_attributes": 97.22222222222221, "time": 0.45281362533569336, "reduction": 33.154895527542735, "validation": {"accuracy": 45.847003971680195}, "test": {"accuracy": 28.26086956521739}}, "0.9": {"reduction_in_attributes": 97.22222222222221, "time": 0.42153382301330566, "reduction": 56.53600414436194, "validation": {"accuracy": 45.29442237955448}, "test": {"accuracy": 18.32298136645963}}, "1.0": {"reduction_in_attributes": 97.22222222222221, "time": 0.42675304412841797, "reduction": 94.83681574857538, "validation": {"accuracy": 30.80642376100846}, "test": {"accuracy": 27.48447204968944}}}, "6": {"0.0": {"reduction_in_attributes": 97.22222222222221, "time": 0.4948539733886719, "reduction": 3.5048342541436517, "validation": {"accuracy": 50.94958563535912}, "test": {"accuracy": 31.57076205287714}}, "0.1": {"reduction_in_attributes": 97.22222222222221, "time": 0.4984266757965088, "reduction": 4.454419889502759, "validation": {"accuracy": 48.46339779005525}, "test": {"accuracy": 31.104199066874028}}, "0.2": {"reduction_in_attributes": 97.22222222222221, "time": 0.4853551387786865, "reduction": 9.96201657458563, "validation": {"accuracy": 50.91505524861878}, "test": {"accuracy": 19.440124416796266}}, "0.3": {"reduction_in_attributes": 97.22222222222221, "time": 0.49921512603759766, "reduction": 5.83563535911602, "validation": {"accuracy": 47.51381215469613}, "test": {"accuracy": 30.637636080870916}}, "0.4": {"reduction_in_attributes": 97.22222222222221, "time": 0.48308897018432617, "reduction": 8.908839779005529, "validation": {"accuracy": 47.5310773480663}, "test": {"accuracy": 30.94867807153966}}, "0.5": {"reduction_in_attributes": 97.22222222222221, "time": 0.4803609848022461, "reduction": 15.107044198895025, "validation": {"accuracy": 43.88812154696133},