{"3": {"0.0": {"reduction_in_attributes": 75.0, "time": 0.0010371208190917969, "reduction": 7.638888888888884, "validation": {"accuracy": 59.72222222222222}, "test": {"accuracy": 68.75}}, "0.1": {"reduction_in_attributes": 75.0, "time": 0.0010759830474853516, "reduction": 29.861111111111114, "validation": {"accuracy": 59.02777777777778}, "test": {"accuracy": 62.5}}, "0.2": {"reduction_in_attributes": 75.0, "time": 0.0009500980377197266, "reduction": 33.333333333333336, "validation": {"accuracy": 59.72222222222222}, "test": {"accuracy": 68.75}}, "0.3": {"reduction_in_attributes": 75.0, "time": 0.00092315673828125, "reduction": 45.833333333333336, "validation": {"accuracy": 59.02777777777778}, "test": {"accuracy": 62.5}}, "0.4": {"reduction_in_attributes": 75.0, "time": 0.0011060237884521484, "reduction": 52.77777777777778, "validation": {"accuracy": 55.55555555555556}, "test": {"accuracy": 25.0}}, "0.5": {"reduction_in_attributes": 75.0, "time": 0.001024007797241211, "reduction": 47.916666666666664, "validation": {"accuracy": 59.02777777777778}, "test": {"accuracy": 62.5}}, "0.6": {"reduction_in_attributes": 75.0, "time": 0.0009028911590576172, "reduction": 55.55555555555556, "validation": {"accuracy": 53.47222222222222}, "test": {"accuracy": 62.5}}, "0.7": {"reduction_in_attributes": 75.0, "time": 0.0009019374847412109, "reduction": 54.861111111111114, "validation": {"accuracy": 55.55555555555556}, "test": {"accuracy": 25.0}}, "0.8": {"reduction_in_attributes": 75.0, "time": 0.0009088516235351562, "reduction": 55.55555555555556, "validation": {"accuracy": 53.47222222222222}, "test": {"accuracy": 62.5}}, "0.9": {"reduction_in_attributes": 75.0, "time": 0.0009810924530029297, "reduction": 56.94444444444444, "validation": {"accuracy": 53.47222222222222}, "test": {"accuracy": 68.75}}, "1.0": {"reduction_in_attributes": 75.0, "time": 0.0009112358093261719, "reduction": 55.55555555555556, "validation": {"accuracy": 53.47222222222222}, "test": {"accuracy": 62.5}}}, "4": {"0.0": {"reduction_in_attributes": 75.0, "time": 0.0009648799896240234, "reduction": 6.944444444444442, "validation": {"accuracy": 54.166666666666664}, "test": {"accuracy": 62.5}}, "0.1": {"reduction_in_attributes": 75.0, "time": 0.0009388923645019531, "reduction": 39.583333333333336, "validation": {"accuracy": 60.416666666666664}, "test": {"accuracy": 37.5}}, "0.2": {"reduction_in_attributes": 75.0, "time": 0.0010471343994140625, "reduction": 39.583333333333336, "validation": {"accuracy": 30.555555555555557}, "test": {"accuracy": 37.5}}, "0.3": {"reduction_in_attributes": 75.0, "time": 0.001032114028930664, "reduction": 45.833333333333336, "validation": {"accuracy": 54.166666666666664}, "test": {"accuracy": 31.25}}, "0.4": {"reduction_in_attributes": 75.0, "time": 0.000885009765625, "reduction": 50.0, "validation": {"accuracy": 30.555555555555557}, "test": {"accuracy": 37.5}}, "0.5": {"reduction_in_attributes": 75.0, "time": 0.0008990764617919922, "reduction": 55.55555555555556, "validation": {"accuracy": 54.166666666666664}, "test": {"accuracy": 62.5}}, "0.6": {"reduction_in_attributes": 75.0, "time": 0.0009179115295410156, "reduction": 50.0, "validation": {"accuracy": 30.555555555555557}, "test": {"accuracy": 37.5}}, "0.7": {"reduction_in_attributes": 75.0, "time": 0.000997781753540039, "reduction": 56.94444444444444, "validation": {"accuracy": 54.166666666666664}, "test": {"accuracy": 31.25}}, "0.8": {"reduction_in_attributes": 75.0, "time": 0.000911712646484375, "reduction": 56.94444444444444, "validation": {"accuracy": 54.166666666666664}, "test": {"accuracy": 31.25}}, "0.9": {"reduction_in_attributes": 75.0, "time": 0.0009090900421142578, "reduction": 56.94444444444444, "validation": {"accuracy": 54.166666666666664}, "test": {"accuracy": 31.25}}, "1.0": {"reduction_in_attributes": 75.0, "time": 0.0009150505065917969, "reduction": 53.47222222222222, "validation": {"accuracy": 55.55555555555556}, "test": {"accuracy": 37.5}}}, "5": {"0.0": {"reduction_in_attributes": 75.0, "time": 0.0010752677917480469, "reduction": 8.333333333333337, "validation": {"accuracy": 53.47222222222222}, "test": {"accuracy": 37.5}}, "0.1": {"reduction_in_attributes": 75.0, "time": 0.0009520053863525391, "reduction": 27.77777777777778, "validation": {"accuracy": 53.47222222222222}, "test": {"accuracy": 37.5}}, "0.2": {"reduction_in_attributes": 75.0, "time": 0.0009198188781738281, "reduction": 43.05555555555556, "validation": {"accuracy": 61.80555555555556}, "test": {"accuracy": 50.0}}, "0.3": {"reduction_in_attributes": 75.0, "time": 0.0009188652038574219, "reduction": 27.083333333333336, "validation": {"accuracy": 31.944444444444443}, "test": {"accuracy": 31.25}}, "0.4": {"reduction_in_attributes": 75.0, "time": 0.0009279251098632812, "reduction": 52.77777777777778, "validation": {"accuracy": 54.166666666666664}, "test": {"accuracy": 56.25}}, "0.5": {"reduction_in_attributes": 75.0, "time": 0.0009930133819580078, "reduction": 55.55555555555556, "validation": {"accuracy": 54.166666666666664}, "test": {"accuracy": 56.25}}, "0.6": {"reduction_in_attributes": 75.0, "time": 0.0009107589721679688, "reduction": 57.638888888888886, "validation": {"accuracy": 53.47222222222222}, "test": {"accuracy": 37.5}}, "0.7": {"reduction_in_attributes": 75.0, "time": 0.0009112358093261719, "reduction": 55.55555555555556, "validation": {"accuracy": 54.166666666666664}, "test": {"accuracy": 56.25}}, "0.8": {"reduction_in_attributes": 75.0, "time": 0.0009140968322753906, "reduction": 52.77777777777778, "validation": {"accuracy": 56.25}, "test": {"accuracy": 43.75}}, "0.9": {"reduction_in_attributes": 75.0, "time": 0.0009381771087646484, "reduction": 55.55555555555556, "validation": {"accuracy": 54.166666666666664}, "test": {"accuracy": 56.25}}, "1.0": {"reduction_in_attributes": 75.0, "time": 0.0009140968322753906, "reduction": 52.77777777777778, "validation": {"accuracy": 56.25}, "test": {"accuracy": 43.75}}}, "6": {"0.0": {"reduction_in_attributes": 75.0, "time": 0.0009751319885253906, "reduction": 8.333333333333337, "validation": {"accuracy": 54.861111111111114}, "test": {"accuracy": 37.5}}, "0.1": {"reduction_in_attributes": 75.0, "time": 0.0010001659393310547, "reduction": 49.30555555555556, "validation": {"accuracy": 52.083333333333336}, "test": {"accuracy": 68.75}}, "0.2": {"reduction_in_attributes": 75.0, "time": 0.0009560585021972656, "reduction": 33.333333333333336, "validation": {"accuracy": 62.5}, "test": {"accuracy": 25.0}}, "0.3": {"reduction_in_attributes": 75.0, "time": 0.0009350776672363281, "reduction": 54.16666666666667, "validation": {"accuracy": 52.083333333333336}, "test": {"accuracy": 68.75}}, "0.4": {"reduction_in_attributes": 75.0, "time": 0.0009129047393798828, "reduction": 54.16666666666667, "validation": {"accuracy": 52.083333333333336}, "test": {"accuracy": 68.75}}, "0.5": {"reduction_in_attributes": 75.0, "time": 0.0009067058563232422, "reduction": 55.55555555555556, "validation": {"accuracy": 54.861111111111114}, "test": {"accuracy": 37.5}}, "0.6": {"reduction_in_attributes": 75.0, "time": 0.0009160041809082031, "reduction": 51.388888888888886, "validation": {"accuracy": 29.86111111111111}, "test": {"accuracy": 43.75}}, "0.7": {"reduction_in_attributes": 75.0, "time": 0.0009832382202148438, "reduction": 54.861111111111114, "validation": {"accuracy": 56.25}, "test": {"accuracy": 25.0}}, "0.8": {"reduction_in_attributes": 75.0, "time": 0.0009551048278808594, "reduction": 55.55555555555556, "validation": {"accuracy": 54.861111111111114}, "test": {"accuracy": 37.5}}, "0.9": {"reduction_in_attributes": 75.0, "time": 0.0009250640869140625, "reduction": 56.94444444444444, "validation": {"accuracy": 52.083333333333336}, "test": {"accuracy": 68.75}}, "1.0": {"reduction_in_attributes": 75.0, "time": 0.0009992122650146484, "reduction": 54.861111111111114, "validation": {"accuracy": 56.25}, "test": {"accuracy": 25.0}}}, "7": {"0.0": {"reduction_in_attributes": 75.0, "time": 0.0010330677032470703,