{"3": {"0.0": {"reduction_in_attributes": 85.71428571428572, "time": 0.003888845443725586, "reduction": 0.0, "validation": {"accuracy": 19.555555555555557}, "test": {"accuracy": 20.0}}, "0.1": {"reduction_in_attributes": 85.71428571428572, "time": 0.0037260055541992188, "reduction": 16.666666666666664, "validation": {"accuracy": 18.22222222222222}, "test": {"accuracy": 20.0}}, "0.2": {"reduction_in_attributes": 85.71428571428572, "time": 0.00449061393737793, "reduction": 9.777777777777775, "validation": {"accuracy": 20.444444444444446}, "test": {"accuracy": 20.0}}, "0.3": {"reduction_in_attributes": 85.71428571428572, "time": 0.0038568973541259766, "reduction": 9.777777777777775, "validation": {"accuracy": 19.555555555555557}, "test": {"accuracy": 20.0}}, "0.4": {"reduction_in_attributes": 85.71428571428572, "time": 0.003876924514770508, "reduction": 9.111111111111114, "validation": {"accuracy": 18.666666666666668}, "test": {"accuracy": 22.0}}, "0.5": {"reduction_in_attributes": 85.71428571428572, "time": 0.003803253173828125, "reduction": 11.333333333333329, "validation": {"accuracy": 20.0}, "test": {"accuracy": 22.0}}, "0.6": {"reduction_in_attributes": 85.71428571428572, "time": 0.003834962844848633, "reduction": 12.888888888888895, "validation": {"accuracy": 15.555555555555555}, "test": {"accuracy": 14.000000000000002}}, "0.7": {"reduction_in_attributes": 85.71428571428572, "time": 0.0047092437744140625, "reduction": 12.888888888888895, "validation": {"accuracy": 15.555555555555555}, "test": {"accuracy": 14.000000000000002}}, "0.8": {"reduction_in_attributes": 85.71428571428572, "time": 0.004049777984619141, "reduction": 10.888888888888893, "validation": {"accuracy": 18.0}, "test": {"accuracy": 16.0}}, "0.9": {"reduction_in_attributes": 85.71428571428572, "time": 0.004015207290649414, "reduction": 9.111111111111114, "validation": {"accuracy": 18.666666666666668}, "test": {"accuracy": 22.0}}, "1.0": {"reduction_in_attributes": 85.71428571428572, "time": 0.003996849060058594, "reduction": 12.888888888888895, "validation": {"accuracy": 15.555555555555555}, "test": {"accuracy": 14.000000000000002}}}, "4": {"0.0": {"reduction_in_attributes": 85.71428571428572, "time": 0.005218982696533203, "reduction": 0.0, "validation": {"accuracy": 19.333333333333332}, "test": {"accuracy": 18.0}}, "0.1": {"reduction_in_attributes": 85.71428571428572, "time": 0.004476308822631836, "reduction": 9.55555555555555, "validation": {"accuracy": 16.88888888888889}, "test": {"accuracy": 16.0}}, "0.2": {"reduction_in_attributes": 85.71428571428572, "time": 0.003688335418701172, "reduction": 8.888888888888891, "validation": {"accuracy": 19.11111111111111}, "test": {"accuracy": 18.0}}, "0.3": {"reduction_in_attributes": 85.71428571428572, "time": 0.004410743713378906, "reduction": 10.666666666666668, "validation": {"accuracy": 17.333333333333336}, "test": {"accuracy": 20.0}}, "0.4": {"reduction_in_attributes": 85.71428571428572, "time": 0.004411935806274414, "reduction": 9.55555555555555, "validation": {"accuracy": 19.333333333333332}, "test": {"accuracy": 18.0}}, "0.5": {"reduction_in_attributes": 85.71428571428572, "time": 0.0042400360107421875, "reduction": 9.55555555555555, "validation": {"accuracy": 18.22222222222222}, "test": {"accuracy": 16.0}}, "0.6": {"reduction_in_attributes": 85.71428571428572, "time": 0.0042340755462646484, "reduction": 8.888888888888891, "validation": {"accuracy": 20.88888888888889}, "test": {"accuracy": 20.0}}, "0.7": {"reduction_in_attributes": 85.71428571428572, "time": 0.004115104675292969, "reduction": 10.666666666666668, "validation": {"accuracy": 17.333333333333336}, "test": {"accuracy": 20.0}}, "0.8": {"reduction_in_attributes": 85.71428571428572, "time": 0.003534078598022461, "reduction": 8.888888888888891, "validation": {"accuracy": 19.11111111111111}, "test": {"accuracy": 18.0}}, "0.9": {"reduction_in_attributes": 85.71428571428572, "time": 0.00392913818359375, "reduction": 8.888888888888891, "validation": {"accuracy": 19.11111111111111}, "test": {"accuracy": 18.0}}, "1.0": {"reduction_in_attributes": 85.71428571428572, "time": 0.0039081573486328125, "reduction": 10.666666666666668, "validation": {"accuracy": 17.333333333333336}, "test": {"accuracy": 20.0}}}, "5": {"0.0": {"reduction_in_attributes": 85.71428571428572, "time": 0.00403904914855957, "reduction": 0.0, "validation": {"accuracy": 19.333333333333332}, "test": {"accuracy": 20.0}}, "0.1": {"reduction_in_attributes": 85.71428571428572, "time": 0.004051923751831055, "reduction": 9.111111111111114, "validation": {"accuracy": 20.0}, "test": {"accuracy": 22.0}}, "0.2": {"reduction_in_attributes": 85.71428571428572, "time": 0.003720998764038086, "reduction": 9.777777777777775, "validation": {"accuracy": 19.333333333333332}, "test": {"accuracy": 20.0}}, "0.3": {"reduction_in_attributes": 85.71428571428572, "time": 0.003641843795776367, "reduction": 9.55555555555555, "validation": {"accuracy": 16.88888888888889}, "test": {"accuracy": 10.0}}, "0.4": {"reduction_in_attributes": 85.71428571428572, "time": 0.003604888916015625, "reduction": 9.111111111111114, "validation": {"accuracy": 20.0}, "test": {"accuracy": 22.0}}, "0.5": {"reduction_in_attributes": 85.71428571428572, "time": 0.0035941600799560547, "reduction": 9.55555555555555, "validation": {"accuracy": 16.88888888888889}, "test": {"accuracy": 10.0}}, "0.6": {"reduction_in_attributes": 85.71428571428572, "time": 0.0033190250396728516, "reduction": 8.888888888888891, "validation": {"accuracy": 19.11111111111111}, "test": {"accuracy": 18.0}}, "0.7": {"reduction_in_attributes": 85.71428571428572, "time": 0.0034329891204833984, "reduction": 9.55555555555555, "validation": {"accuracy": 20.0}, "test": {"accuracy": 22.0}}, "0.8": {"reduction_in_attributes": 85.71428571428572, "time": 0.0036559104919433594, "reduction": 9.777777777777775, "validation": {"accuracy": 19.333333333333332}, "test": {"accuracy": 20.0}}, "0.9": {"reduction_in_attributes": 85.71428571428572, "time": 0.004023075103759766, "reduction": 9.55555555555555, "validation": {"accuracy": 16.88888888888889}, "test": {"accuracy": 10.0}}, "1.0": {"reduction_in_attributes": 85.71428571428572, "time": 0.0036308765411376953, "reduction": 9.55555555555555, "validation": {"accuracy": 16.88888888888889}, "test": {"accuracy": 10.0}}}, "6": {"0.0": {"reduction_in_attributes": 85.71428571428572, "time": 0.0043909549713134766, "reduction": 0.0, "validation": {"accuracy": 18.88888888888889}, "test": {"accuracy": 20.0}}, "0.1": {"reduction_in_attributes": 85.71428571428572, "time": 0.003915071487426758, "reduction": 9.333333333333337, "validation": {"accuracy": 16.666666666666664}, "test": {"accuracy": 18.0}}, "0.2": {"reduction_in_attributes": 85.71428571428572, "time": 0.0037488937377929688, "reduction": 9.55555555555555, "validation": {"accuracy": 18.88888888888889}, "test": {"accuracy": 20.0}}, "0.3": {"reduction_in_attributes": 85.71428571428572, "time": 0.00432586669921875, "reduction": 9.55555555555555, "validation": {"accuracy": 20.666666666666668}, "test": {"accuracy": 22.0}}, "0.4": {"reduction_in_attributes": 85.71428571428572, "time": 0.003719329833984375, "reduction": 9.55555555555555, "validation": {"accuracy": 18.88888888888889}, "test": {"accuracy": 20.0}}, "0.5": {"reduction_in_attributes": 85.71428571428572, "time": 0.004313945770263672, "reduction": 11.111111111111116, "validation": {"accuracy": 17.77777777777778}, "test": {"accuracy": 16.0}}, "0.6": {"reduction_in_attributes": 85.71428571428572, "time": 0.004809141159057617, "reduction": 9.333333333333337, "validation": {"accuracy": 16.666666666666664}, "test": {"accuracy": 18.0}}, "0.7": {"reduction_in_attributes": 85.71428571428572, "time": 0.003912925720214844, "reduction": 11.111111111111116, "validation": {"accuracy": 17.77777777777778}, "test": {"accuracy": 16.0}}, "0.8": {"reduction_in_attributes": 85.71428571428572, "time": 0.004297018051147461, "reduction": 9.55555555555555,