{"3": {"0.0": {"reduction_in_attributes": 68.23529411764706, "time": 2.5682177543640137, "reduction": 75.72398190045249, "validation": {"accuracy": 94.0158371040724}, "test": {"accuracy": 94.09368635437882}}, "0.1": {"reduction_in_attributes": 68.23529411764706, "time": 2.637932062149048, "reduction": 75.7918552036199, "validation": {"accuracy": 94.0158371040724}, "test": {"accuracy": 94.09368635437882}}, "0.2": {"reduction_in_attributes": 68.23529411764706, "time": 2.623572826385498, "reduction": 76.289592760181, "validation": {"accuracy": 94.0158371040724}, "test": {"accuracy": 94.09368635437882}}, "0.3": {"reduction_in_attributes": 68.23529411764706, "time": 2.2722008228302, "reduction": 78.16742081447964, "validation": {"accuracy": 94.0158371040724}, "test": {"accuracy": 94.09368635437882}}, "0.4": {"reduction_in_attributes": 68.23529411764706, "time": 2.591295003890991, "reduction": 81.75339366515837, "validation": {"accuracy": 94.0158371040724}, "test": {"accuracy": 94.09368635437882}}, "0.5": {"reduction_in_attributes": 68.23529411764706, "time": 2.5483810901641846, "reduction": 85.46380090497738, "validation": {"accuracy": 93.97058823529412}, "test": {"accuracy": 93.9918533604888}}, "0.6": {"reduction_in_attributes": 68.23529411764706, "time": 2.4518332481384277, "reduction": 89.36651583710407, "validation": {"accuracy": 93.06561085972851}, "test": {"accuracy": 92.9735234215886}}, "0.7": {"reduction_in_attributes": 68.23529411764706, "time": 2.1693010330200195, "reduction": 94.52488687782805, "validation": {"accuracy": 92.34162895927602}, "test": {"accuracy": 92.76985743380855}}, "0.8": {"reduction_in_attributes": 68.23529411764706, "time": 2.511523962020874, "reduction": 98.38235294117646, "validation": {"accuracy": 91.48190045248869}, "test": {"accuracy": 91.14052953156822}}, "0.9": {"reduction_in_attributes": 68.23529411764706, "time": 2.4953830242156982, "reduction": 99.73981900452489, "validation": {"accuracy": 93.67647058823529}, "test": {"accuracy": 93.89002036659878}}, "1.0": {"reduction_in_attributes": 68.23529411764706, "time": 2.499772787094116, "reduction": 99.97737556561086, "validation": {"accuracy": 92.25113122171946}, "test": {"accuracy": 92.05702647657841}}}, "4": {"0.0": {"reduction_in_attributes": 65.88235294117646, "time": 2.765601873397827, "reduction": 74.94343891402715, "validation": {"accuracy": 92.6131221719457}, "test": {"accuracy": 93.48268839103869}}, "0.1": {"reduction_in_attributes": 65.88235294117646, "time": 2.408644914627075, "reduction": 75.16968325791855, "validation": {"accuracy": 92.56787330316743}, "test": {"accuracy": 93.48268839103869}}, "0.2": {"reduction_in_attributes": 65.88235294117646, "time": 2.7784972190856934, "reduction": 76.13122171945702, "validation": {"accuracy": 92.56787330316743}, "test": {"accuracy": 93.48268839103869}}, "0.3": {"reduction_in_attributes": 65.88235294117646, "time": 2.736595869064331, "reduction": 78.61990950226244, "validation": {"accuracy": 92.52262443438914}, "test": {"accuracy": 93.48268839103869}}, "0.4": {"reduction_in_attributes": 65.88235294117646, "time": 2.6854798793792725, "reduction": 82.61312217194569, "validation": {"accuracy": 92.48868778280543}, "test": {"accuracy": 93.38085539714868}}, "0.5": {"reduction_in_attributes": 65.88235294117646, "time": 2.6637492179870605, "reduction": 87.65837104072398, "validation": {"accuracy": 92.18325791855203}, "test": {"accuracy": 93.07535641547861}}, "0.6": {"reduction_in_attributes": 65.88235294117646, "time": 2.397894859313965, "reduction": 92.82805429864254, "validation": {"accuracy": 87.51131221719457}, "test": {"accuracy": 88.69653767820775}}, "0.7": {"reduction_in_attributes": 65.88235294117646, "time": 2.4644219875335693, "reduction": 97.01357466063348, "validation": {"accuracy": 93.80090497737557}, "test": {"accuracy": 93.9918533604888}}, "0.8": {"reduction_in_attributes": 65.88235294117646, "time": 2.6171228885650635, "reduction": 99.10633484162896, "validation": {"accuracy": 90.05656108597286}, "test": {"accuracy": 90.93686354378818}}, "0.9": {"reduction_in_attributes": 65.88235294117646, "time": 2.6123077869415283, "reduction": 99.90950226244344, "validation": {"accuracy": 83.84615384615385}, "test": {"accuracy": 85.74338085539715}}, "1.0": {"reduction_in_attributes": 65.88235294117646, "time": 2.5578689575195312, "reduction": 99.97737556561086, "validation": {"accuracy": 19.457013574660635}, "test": {"accuracy": 19.144602851323828}}}, "5": {"0.0": {"reduction_in_attributes": 69.41176470588235, "time": 2.233909845352173, "reduction": 75.20361990950227, "validation": {"accuracy": 94.00452488687783}, "test": {"accuracy": 94.19551934826885}}, "0.1": {"reduction_in_attributes": 69.41176470588235, "time": 2.5988149642944336, "reduction": 75.42986425339366, "validation": {"accuracy": 94.00452488687783}, "test": {"accuracy": 94.19551934826885}}, "0.2": {"reduction_in_attributes": 69.41176470588235, "time": 2.5519862174987793, "reduction": 76.14253393665157, "validation": {"accuracy": 93.99321266968326}, "test": {"accuracy": 94.19551934826885}}, "0.3": {"reduction_in_attributes": 69.41176470588235, "time": 2.508748769760132, "reduction": 78.789592760181, "validation": {"accuracy": 93.97058823529412}, "test": {"accuracy": 94.09368635437882}}, "0.4": {"reduction_in_attributes": 69.41176470588235, "time": 2.172703981399536, "reduction": 82.71493212669682, "validation": {"accuracy": 93.92533936651584}, "test": {"accuracy": 93.9918533604888}}, "0.5": {"reduction_in_attributes": 69.41176470588235, "time": 2.4774770736694336, "reduction": 86.90045248868779, "validation": {"accuracy": 92.59049773755656}, "test": {"accuracy": 92.15885947046843}}, "0.6": {"reduction_in_attributes": 69.41176470588235, "time": 2.4503040313720703, "reduction": 91.34615384615384, "validation": {"accuracy": 91.92307692307692}, "test": {"accuracy": 91.14052953156822}}, "0.7": {"reduction_in_attributes": 69.41176470588235, "time": 2.4288151264190674, "reduction": 96.10859728506787, "validation": {"accuracy": 88.37104072398189}, "test": {"accuracy": 88.4928716904277}}, "0.8": {"reduction_in_attributes": 69.41176470588235, "time": 2.1816320419311523, "reduction": 98.66515837104073, "validation": {"accuracy": 88.69909502262443}, "test": {"accuracy": 89.10386965376782}}, "0.9": {"reduction_in_attributes": 69.41176470588235, "time": 2.109403133392334, "reduction": 99.83031674208145, "validation": {"accuracy": 83.76696832579185}, "test": {"accuracy": 82.9938900203666}}, "1.0": {"reduction_in_attributes": 69.41176470588235, "time": 2.4319727420806885, "reduction": 99.97737556561086, "validation": {"accuracy": 83.1108597285068}, "test": {"accuracy": 84.72505091649694}}}, "6": {"0.0": {"reduction_in_attributes": 67.05882352941177, "time": 2.7016477584838867, "reduction": 75.04524886877829, "validation": {"accuracy": 93.97058823529412}, "test": {"accuracy": 93.9918533604888}}, "0.1": {"reduction_in_attributes": 67.05882352941177, "time": 2.7108640670776367, "reduction": 75.23755656108597, "validation": {"accuracy": 93.97058823529412}, "test": {"accuracy": 93.9918533604888}}, "0.2": {"reduction_in_attributes": 67.05882352941177, "time": 2.3436198234558105, "reduction": 76.0972850678733, "validation": {"accuracy": 93.97058823529412}, "test": {"accuracy": 93.9918533604888}}, "0.3": {"reduction_in_attributes": 67.05882352941177, "time": 2.694100856781006, "reduction": 78.07692307692308, "validation": {"accuracy": 93.95927601809954}, "test": {"accuracy": 93.9918533604888}}, "0.4": {"reduction_in_attributes": 67.05882352941177, "time": 2.6290500164031982, "reduction": 81.10859728506787, "validation": {"accuracy": 94.0158371040724}, "test": {"accuracy": 94.09368635437882}}, "0.5": {"reduction_in_attributes": 67.05882352941177, "time": 2.5134921073913574, "reduction": 85.37330316742081, "validation": {"accuracy": 94.00452488687783}, "test": {"accuracy": 93.9918533604888}}, "0.6": {"reduction_in_attributes": 67.05882352941177, "time": 2.2744357585906982,