{"3": {"0.0": {"reduction_in_attributes": 87.5, "time": 0.020226001739501953, "reduction": 0.0, "validation": {"accuracy": 16.853932584269664}, "test": {"accuracy": 17.449664429530202}}, "0.1": {"reduction_in_attributes": 87.5, "time": 0.03276515007019043, "reduction": 2.7715355805243425, "validation": {"accuracy": 30.48689138576779}, "test": {"accuracy": 21.476510067114095}}, "0.2": {"reduction_in_attributes": 87.5, "time": 0.03272414207458496, "reduction": 9.28838951310862, "validation": {"accuracy": 18.801498127340825}, "test": {"accuracy": 36.241610738255034}}, "0.3": {"reduction_in_attributes": 87.5, "time": 0.03237199783325195, "reduction": 7.415730337078652, "validation": {"accuracy": 32.359550561797754}, "test": {"accuracy": 28.187919463087248}}, "0.4": {"reduction_in_attributes": 87.5, "time": 0.03164410591125488, "reduction": 10.1123595505618, "validation": {"accuracy": 32.359550561797754}, "test": {"accuracy": 28.187919463087248}}, "0.5": {"reduction_in_attributes": 87.5, "time": 0.029808998107910156, "reduction": 42.77153558052434, "validation": {"accuracy": 16.704119850187265}, "test": {"accuracy": 28.859060402684566}}, "0.6": {"reduction_in_attributes": 87.5, "time": 0.03019118309020996, "reduction": 30.78651685393259, "validation": {"accuracy": 30.48689138576779}, "test": {"accuracy": 21.476510067114095}}, "0.7": {"reduction_in_attributes": 87.5, "time": 0.0303192138671875, "reduction": 43.52059925093633, "validation": {"accuracy": 16.10486891385768}, "test": {"accuracy": 39.59731543624161}}, "0.8": {"reduction_in_attributes": 87.5, "time": 0.028396129608154297, "reduction": 56.62921348314607, "validation": {"accuracy": 29.73782771535581}, "test": {"accuracy": 21.476510067114095}}, "0.9": {"reduction_in_attributes": 87.5, "time": 0.028588056564331055, "reduction": 57.67790262172285, "validation": {"accuracy": 20.749063670411985}, "test": {"accuracy": 36.241610738255034}}, "1.0": {"reduction_in_attributes": 87.5, "time": 0.027534961700439453, "reduction": 98.42696629213484, "validation": {"accuracy": 30.187265917602996}, "test": {"accuracy": 32.88590604026846}}}, "4": {"0.0": {"reduction_in_attributes": 87.5, "time": 0.03314375877380371, "reduction": 0.2996254681647992, "validation": {"accuracy": 16.40449438202247}, "test": {"accuracy": 28.859060402684566}}, "0.1": {"reduction_in_attributes": 87.5, "time": 0.032357215881347656, "reduction": 2.7715355805243425, "validation": {"accuracy": 23.520599250936332}, "test": {"accuracy": 32.21476510067114}}, "0.2": {"reduction_in_attributes": 87.5, "time": 0.03181600570678711, "reduction": 4.269662921348316, "validation": {"accuracy": 31.086142322097377}, "test": {"accuracy": 30.87248322147651}}, "0.3": {"reduction_in_attributes": 87.5, "time": 0.031931161880493164, "reduction": 20.299625468164795, "validation": {"accuracy": 15.730337078651685}, "test": {"accuracy": 35.57046979865772}}, "0.4": {"reduction_in_attributes": 87.5, "time": 0.03090810775756836, "reduction": 16.479400749063664, "validation": {"accuracy": 18.05243445692884}, "test": {"accuracy": 39.59731543624161}}, "0.5": {"reduction_in_attributes": 87.5, "time": 0.029724836349487305, "reduction": 46.142322097378276, "validation": {"accuracy": 16.179775280898877}, "test": {"accuracy": 28.859060402684566}}, "0.6": {"reduction_in_attributes": 87.5, "time": 0.03047800064086914, "reduction": 22.846441947565545, "validation": {"accuracy": 31.086142322097377}, "test": {"accuracy": 30.87248322147651}}, "0.7": {"reduction_in_attributes": 87.5, "time": 0.029542922973632812, "reduction": 39.9250936329588, "validation": {"accuracy": 29.438202247191008}, "test": {"accuracy": 30.201342281879196}}, "0.8": {"reduction_in_attributes": 87.5, "time": 0.01830005645751953, "reduction": 29.21348314606742, "validation": {"accuracy": 28.98876404494382}, "test": {"accuracy": 28.187919463087248}}, "0.9": {"reduction_in_attributes": 87.5, "time": 0.018397092819213867, "reduction": 29.21348314606742, "validation": {"accuracy": 28.98876404494382}, "test": {"accuracy": 28.187919463087248}}, "1.0": {"reduction_in_attributes": 87.5, "time": 0.027578115463256836, "reduction": 97.30337078651685, "validation": {"accuracy": 30.48689138576779}, "test": {"accuracy": 29.53020134228188}}}, "5": {"0.0": {"reduction_in_attributes": 87.5, "time": 0.03245186805725098, "reduction": 1.1227544910179632, "validation": {"accuracy": 21.182634730538922}, "test": {"accuracy": 31.756756756756754}}, "0.1": {"reduction_in_attributes": 87.5, "time": 0.016076087951660156, "reduction": 51.87125748502994, "validation": {"accuracy": 31.811377245508982}, "test": {"accuracy": 32.432432432432435}}, "0.2": {"reduction_in_attributes": 87.5, "time": 0.03186988830566406, "reduction": 4.6407185628742464, "validation": {"accuracy": 21.182634730538922}, "test": {"accuracy": 31.756756756756754}}, "0.3": {"reduction_in_attributes": 87.5, "time": 0.03218412399291992, "reduction": 6.511976047904189, "validation": {"accuracy": 28.443113772455092}, "test": {"accuracy": 29.054054054054053}}, "0.4": {"reduction_in_attributes": 87.5, "time": 0.031987905502319336, "reduction": 9.206586826347307, "validation": {"accuracy": 21.182634730538922}, "test": {"accuracy": 31.756756756756754}}, "0.5": {"reduction_in_attributes": 87.5, "time": 0.03067493438720703, "reduction": 19.91017964071856, "validation": {"accuracy": 30.08982035928144}, "test": {"accuracy": 17.56756756756757}}, "0.6": {"reduction_in_attributes": 87.5, "time": 0.01878523826599121, "reduction": 26.19760479041916, "validation": {"accuracy": 3.44311377245509}, "test": {"accuracy": 3.3783783783783785}}, "0.7": {"reduction_in_attributes": 87.5, "time": 0.030755281448364258, "reduction": 42.06586826347305, "validation": {"accuracy": 14.820359281437126}, "test": {"accuracy": 36.486486486486484}}, "0.8": {"reduction_in_attributes": 87.5, "time": 0.028844118118286133, "reduction": 66.84131736526946, "validation": {"accuracy": 18.48802395209581}, "test": {"accuracy": 27.7027027027027}}, "0.9": {"reduction_in_attributes": 87.5, "time": 0.02947211265563965, "reduction": 68.18862275449102, "validation": {"accuracy": 17.889221556886227}, "test": {"accuracy": 36.486486486486484}}, "1.0": {"reduction_in_attributes": 87.5, "time": 0.018925905227661133, "reduction": 26.19760479041916, "validation": {"accuracy": 3.44311377245509}, "test": {"accuracy": 3.3783783783783785}}}, "6": {"0.0": {"reduction_in_attributes": 87.5, "time": 0.020021677017211914, "reduction": 0.0, "validation": {"accuracy": 16.991017964071855}, "test": {"accuracy": 16.216216216216218}}, "0.1": {"reduction_in_attributes": 87.5, "time": 0.03185105323791504, "reduction": 11.452095808383234, "validation": {"accuracy": 19.236526946107784}, "test": {"accuracy": 31.756756756756754}}, "0.2": {"reduction_in_attributes": 87.5, "time": 0.032697200775146484, "reduction": 15.494011976047906, "validation": {"accuracy": 15.6437125748503}, "test": {"accuracy": 37.16216216216216}}, "0.3": {"reduction_in_attributes": 87.5, "time": 0.03265976905822754, "reduction": 7.035928143712578, "validation": {"accuracy": 19.386227544910177}, "test": {"accuracy": 31.756756756756754}}, "0.4": {"reduction_in_attributes": 87.5, "time": 0.032099246978759766, "reduction": 24.401197604790415, "validation": {"accuracy": 15.6437125748503}, "test": {"accuracy": 37.16216216216216}}, "0.5": {"reduction_in_attributes": 87.5, "time": 0.031334877014160156, "reduction": 15.6437125748503, "validation": {"accuracy": 19.386227544910177}, "test": {"accuracy": 31.756756756756754}}, "0.6": {"reduction_in_attributes": 87.5, "time": 0.031008005142211914, "reduction": 21.482035928143716, "validation": {"accuracy": 30.389221556886227}, "test": {"accuracy": 33.108108108108105}}, "0.7": {"reduction_in_attributes": 87.5, "time": 0.016550064086914062, "reduction": 51.94610778443114, "validation": {"accuracy": 16.991017964071855}, "test": {"accuracy": 16.216216216216218}}, "0.8": {"reduction_in_attributes": 87.5, "time": 0.016434907913208008,