{"3": {"0.0": {"time": 0.006897687911987305, "reduction": 1.9572953736654797, "validation": {"accuracy": 15.658362989323843}, "test": {"accuracy": 25.396825396825395}}, "0.1": {"time": 0.005425930023193359, "reduction": 10.676156583629892, "validation": {"accuracy": 17.259786476868328}, "test": {"accuracy": 25.396825396825395}}, "0.2": {"time": 0.005531787872314453, "reduction": 16.725978647686834, "validation": {"accuracy": 17.615658362989322}, "test": {"accuracy": 28.57142857142857}}, "0.3": {"time": 0.0063931941986083984, "reduction": 25.62277580071174, "validation": {"accuracy": 26.334519572953734}, "test": {"accuracy": 28.57142857142857}}, "0.4": {"time": 0.0055730342864990234, "reduction": 25.978647686832744, "validation": {"accuracy": 26.334519572953734}, "test": {"accuracy": 28.57142857142857}}, "0.5": {"time": 0.004944801330566406, "reduction": 35.76512455516014, "validation": {"accuracy": 26.690391459074732}, "test": {"accuracy": 26.984126984126984}}, "0.6": {"time": 0.004884004592895508, "reduction": 47.864768683274015, "validation": {"accuracy": 47.686832740213525}, "test": {"accuracy": 52.38095238095239}}, "0.7": {"time": 0.00497889518737793, "reduction": 49.822064056939496, "validation": {"accuracy": 47.686832740213525}, "test": {"accuracy": 52.38095238095239}}, "0.8": {"time": 0.0049817562103271484, "reduction": 60.85409252669039, "validation": {"accuracy": 32.38434163701068}, "test": {"accuracy": 33.33333333333333}}, "0.9": {"time": 0.005044221878051758, "reduction": 72.59786476868328, "validation": {"accuracy": 9.252669039145907}, "test": {"accuracy": 15.873015873015872}}, "1.0": {"time": 0.005609035491943359, "reduction": 72.77580071174377, "validation": {"accuracy": 9.252669039145907}, "test": {"accuracy": 15.873015873015872}}}, "4": {"0.0": {"time": 0.005944728851318359, "reduction": 1.7793594306049876, "validation": {"accuracy": 19.217081850533805}, "test": {"accuracy": 30.158730158730158}}, "0.1": {"time": 0.006003856658935547, "reduction": 10.320284697508896, "validation": {"accuracy": 19.217081850533805}, "test": {"accuracy": 30.158730158730158}}, "0.2": {"time": 0.0052411556243896484, "reduction": 17.61565836298933, "validation": {"accuracy": 29.8932384341637}, "test": {"accuracy": 36.507936507936506}}, "0.3": {"time": 0.005472898483276367, "reduction": 19.217081850533813, "validation": {"accuracy": 29.8932384341637}, "test": {"accuracy": 36.507936507936506}}, "0.4": {"time": 0.006134986877441406, "reduction": 34.34163701067615, "validation": {"accuracy": 29.715302491103202}, "test": {"accuracy": 38.095238095238095}}, "0.5": {"time": 0.006401777267456055, "reduction": 34.519572953736656, "validation": {"accuracy": 30.071174377224196}, "test": {"accuracy": 39.682539682539684}}, "0.6": {"time": 0.005027055740356445, "reduction": 34.87544483985765, "validation": {"accuracy": 30.071174377224196}, "test": {"accuracy": 39.682539682539684}}, "0.7": {"time": 0.005182981491088867, "reduction": 57.29537366548043, "validation": {"accuracy": 34.87544483985765}, "test": {"accuracy": 38.095238095238095}}, "0.8": {"time": 0.005368232727050781, "reduction": 58.00711743772242, "validation": {"accuracy": 50.355871886120994}, "test": {"accuracy": 53.96825396825397}}, "0.9": {"time": 0.005578041076660156, "reduction": 70.46263345195729, "validation": {"accuracy": 50.5338078291815}, "test": {"accuracy": 52.38095238095239}}, "1.0": {"time": 0.005837202072143555, "reduction": 70.8185053380783, "validation": {"accuracy": 50.5338078291815}, "test": {"accuracy": 52.38095238095239}}}, "5": {"0.0": {"time": 0.005699872970581055, "reduction": 1.6014234875444844, "validation": {"accuracy": 10.320284697508896}, "test": {"accuracy": 22.22222222222222}}, "0.1": {"time": 0.006810903549194336, "reduction": 9.964412811387902, "validation": {"accuracy": 10.320284697508896}, "test": {"accuracy": 22.22222222222222}}, "0.2": {"time": 0.005553007125854492, "reduction": 15.658362989323848, "validation": {"accuracy": 10.85409252669039}, "test": {"accuracy": 23.809523809523807}}, "0.3": {"time": 0.00526118278503418, "reduction": 24.199288256227756, "validation": {"accuracy": 20.99644128113879}, "test": {"accuracy": 33.33333333333333}}, "0.4": {"time": 0.006392955780029297, "reduction": 24.733096085409258, "validation": {"accuracy": 20.99644128113879}, "test": {"accuracy": 33.33333333333333}}, "0.5": {"time": 0.00577998161315918, "reduction": 32.740213523131665, "validation": {"accuracy": 20.818505338078293}, "test": {"accuracy": 34.92063492063492}}, "0.6": {"time": 0.004837989807128906, "reduction": 44.306049822064054, "validation": {"accuracy": 29.537366548042705}, "test": {"accuracy": 36.507936507936506}}, "0.7": {"time": 0.0056569576263427734, "reduction": 44.83985765124555, "validation": {"accuracy": 29.537366548042705}, "test": {"accuracy": 36.507936507936506}}, "0.8": {"time": 0.005750179290771484, "reduction": 55.33807829181494, "validation": {"accuracy": 28.46975088967972}, "test": {"accuracy": 38.095238095238095}}, "0.9": {"time": 0.0055921077728271484, "reduction": 67.61565836298932, "validation": {"accuracy": 32.74021352313167}, "test": {"accuracy": 41.269841269841265}}, "1.0": {"time": 0.004655122756958008, "reduction": 69.5729537366548, "validation": {"accuracy": 46.619217081850536}, "test": {"accuracy": 46.03174603174603}}}, "6": {"0.0": {"time": 0.005789995193481445, "reduction": 1.7761989342806372, "validation": {"accuracy": 21.847246891651864}, "test": {"accuracy": 16.129032258064516}}, "0.1": {"time": 0.006807088851928711, "reduction": 10.479573712255775, "validation": {"accuracy": 21.847246891651864}, "test": {"accuracy": 19.35483870967742}}, "0.2": {"time": 0.00560307502746582, "reduction": 16.163410301953817, "validation": {"accuracy": 22.202486678507995}, "test": {"accuracy": 19.35483870967742}}, "0.3": {"time": 0.005135774612426758, "reduction": 23.80106571936057, "validation": {"accuracy": 22.202486678507995}, "test": {"accuracy": 19.35483870967742}}, "0.4": {"time": 0.005619049072265625, "reduction": 24.333925399644762, "validation": {"accuracy": 22.202486678507995}, "test": {"accuracy": 19.35483870967742}}, "0.5": {"time": 0.006149768829345703, "reduction": 32.859680284191825, "validation": {"accuracy": 22.02486678507993}, "test": {"accuracy": 25.806451612903224}}, "0.6": {"time": 0.005772113800048828, "reduction": 44.227353463587924, "validation": {"accuracy": 30.19538188277087}, "test": {"accuracy": 30.64516129032258}}, "0.7": {"time": 0.004703044891357422, "reduction": 46.00355239786856, "validation": {"accuracy": 31.616341030195382}, "test": {"accuracy": 29.03225806451613}}, "0.8": {"time": 0.006209135055541992, "reduction": 56.838365896980456, "validation": {"accuracy": 43.3392539964476}, "test": {"accuracy": 41.935483870967744}}, "0.9": {"time": 0.005970001220703125, "reduction": 70.33747779751332, "validation": {"accuracy": 46.714031971580816}, "test": {"accuracy": 38.70967741935484}}, "1.0": {"time": 0.004753828048706055, "reduction": 70.51509769094139, "validation": {"accuracy": 46.714031971580816}, "test": {"accuracy": 38.70967741935484}}}, "7": {"0.0": {"time": 0.0058612823486328125, "reduction": 1.4209591474245165, "validation": {"accuracy": 10.301953818827709}, "test": {"accuracy": 24.193548387096776}}, "0.1": {"time": 0.007560014724731445, "reduction": 9.946714031971581, "validation": {"accuracy": 18.47246891651865}, "test": {"accuracy": 32.25806451612903}}, "0.2": {"time": 0.005384206771850586, "reduction": 15.808170515097686, "validation": {"accuracy": 18.47246891651865}, "test": {"accuracy": 33.87096774193548}}, "0.3": {"time": 0.005209922790527344, "reduction": 17.2291296625222, "validation": {"accuracy": 29.129662522202487}, "test": {"accuracy": 40.32258064516129}}, "0.4": {"time": 0.006379127502441406, "reduction": 26.46536412078153, "validation": {"accuracy": 35.34635879218472}, "test": {"accuracy": 37.096774193548384}}, "0.5": {"time": 0.00621795654296875, "reduction": 36.41207815275311,