{"3": {"0.0": {"reduction_in_attributes": 66.66666666666667, "time": 0.002660989761352539, "reduction": 1.285347043701801, "validation": {"accuracy": 65.03856041131105}, "test": {"accuracy": 55.81395348837209}}, "0.1": {"reduction_in_attributes": 66.66666666666667, "time": 0.0026421546936035156, "reduction": 10.53984575835476, "validation": {"accuracy": 65.03856041131105}, "test": {"accuracy": 55.81395348837209}}, "0.2": {"reduction_in_attributes": 66.66666666666667, "time": 0.0025539398193359375, "reduction": 11.82519280205655, "validation": {"accuracy": 65.03856041131105}, "test": {"accuracy": 55.81395348837209}}, "0.3": {"reduction_in_attributes": 66.66666666666667, "time": 0.002526998519897461, "reduction": 19.02313624678663, "validation": {"accuracy": 65.03856041131105}, "test": {"accuracy": 55.81395348837209}}, "0.4": {"reduction_in_attributes": 66.66666666666667, "time": 0.002599954605102539, "reduction": 19.280205655526995, "validation": {"accuracy": 65.03856041131105}, "test": {"accuracy": 55.81395348837209}}, "0.5": {"reduction_in_attributes": 66.66666666666667, "time": 0.0025169849395751953, "reduction": 19.537275064267355, "validation": {"accuracy": 82.0051413881748}, "test": {"accuracy": 74.4186046511628}}, "0.6": {"reduction_in_attributes": 66.66666666666667, "time": 0.002505064010620117, "reduction": 19.537275064267355, "validation": {"accuracy": 82.0051413881748}, "test": {"accuracy": 74.4186046511628}}, "0.7": {"reduction_in_attributes": 66.66666666666667, "time": 0.002627134323120117, "reduction": 20.822622107969146, "validation": {"accuracy": 80.97686375321337}, "test": {"accuracy": 76.74418604651163}}, "0.8": {"reduction_in_attributes": 66.66666666666667, "time": 0.002328157424926758, "reduction": 46.01542416452442, "validation": {"accuracy": 82.0051413881748}, "test": {"accuracy": 72.09302325581395}}, "0.9": {"reduction_in_attributes": 66.66666666666667, "time": 0.002318143844604492, "reduction": 46.27249357326478, "validation": {"accuracy": 82.0051413881748}, "test": {"accuracy": 72.09302325581395}}, "1.0": {"reduction_in_attributes": 66.66666666666667, "time": 0.002413034439086914, "reduction": 46.27249357326478, "validation": {"accuracy": 82.0051413881748}, "test": {"accuracy": 72.09302325581395}}}, "4": {"0.0": {"reduction_in_attributes": 66.66666666666667, "time": 0.0027010440826416016, "reduction": 1.285347043701801, "validation": {"accuracy": 64.52442159383034}, "test": {"accuracy": 51.162790697674424}}, "0.1": {"reduction_in_attributes": 66.66666666666667, "time": 0.0027709007263183594, "reduction": 11.568123393316199, "validation": {"accuracy": 64.52442159383034}, "test": {"accuracy": 51.162790697674424}}, "0.2": {"reduction_in_attributes": 66.66666666666667, "time": 0.002624034881591797, "reduction": 12.339331619537274, "validation": {"accuracy": 64.52442159383034}, "test": {"accuracy": 51.162790697674424}}, "0.3": {"reduction_in_attributes": 66.66666666666667, "time": 0.0025789737701416016, "reduction": 19.280205655526995, "validation": {"accuracy": 64.52442159383034}, "test": {"accuracy": 51.162790697674424}}, "0.4": {"reduction_in_attributes": 66.66666666666667, "time": 0.0025360584259033203, "reduction": 19.280205655526995, "validation": {"accuracy": 64.52442159383034}, "test": {"accuracy": 51.162790697674424}}, "0.5": {"reduction_in_attributes": 66.66666666666667, "time": 0.0026230812072753906, "reduction": 20.05141388174807, "validation": {"accuracy": 81.23393316195373}, "test": {"accuracy": 69.76744186046511}}, "0.6": {"reduction_in_attributes": 66.66666666666667, "time": 0.0025589466094970703, "reduction": 20.822622107969146, "validation": {"accuracy": 80.97686375321337}, "test": {"accuracy": 76.74418604651163}}, "0.7": {"reduction_in_attributes": 66.66666666666667, "time": 0.0025238990783691406, "reduction": 20.822622107969146, "validation": {"accuracy": 80.97686375321337}, "test": {"accuracy": 76.74418604651163}}, "0.8": {"reduction_in_attributes": 66.66666666666667, "time": 0.002490997314453125, "reduction": 44.47300771208226, "validation": {"accuracy": 81.49100257069408}, "test": {"accuracy": 72.09302325581395}}, "0.9": {"reduction_in_attributes": 66.66666666666667, "time": 0.0025458335876464844, "reduction": 45.24421593830334, "validation": {"accuracy": 81.49100257069408}, "test": {"accuracy": 72.09302325581395}}, "1.0": {"reduction_in_attributes": 66.66666666666667, "time": 0.0023431777954101562, "reduction": 45.24421593830334, "validation": {"accuracy": 81.49100257069408}, "test": {"accuracy": 72.09302325581395}}}, "5": {"0.0": {"reduction_in_attributes": 66.66666666666667, "time": 0.002747774124145508, "reduction": 1.285347043701801, "validation": {"accuracy": 66.83804627249359}, "test": {"accuracy": 53.48837209302325}}, "0.1": {"reduction_in_attributes": 66.66666666666667, "time": 0.0025930404663085938, "reduction": 10.53984575835476, "validation": {"accuracy": 66.83804627249359}, "test": {"accuracy": 53.48837209302325}}, "0.2": {"reduction_in_attributes": 66.66666666666667, "time": 0.002521991729736328, "reduction": 10.53984575835476, "validation": {"accuracy": 66.83804627249359}, "test": {"accuracy": 53.48837209302325}}, "0.3": {"reduction_in_attributes": 66.66666666666667, "time": 0.0025680065155029297, "reduction": 18.76606683804627, "validation": {"accuracy": 66.83804627249359}, "test": {"accuracy": 53.48837209302325}}, "0.4": {"reduction_in_attributes": 66.66666666666667, "time": 0.0025081634521484375, "reduction": 19.02313624678663, "validation": {"accuracy": 66.83804627249359}, "test": {"accuracy": 53.48837209302325}}, "0.5": {"reduction_in_attributes": 66.66666666666667, "time": 0.002508878707885742, "reduction": 19.280205655526995, "validation": {"accuracy": 82.26221079691517}, "test": {"accuracy": 67.44186046511628}}, "0.6": {"reduction_in_attributes": 66.66666666666667, "time": 0.0025060176849365234, "reduction": 19.280205655526995, "validation": {"accuracy": 82.26221079691517}, "test": {"accuracy": 67.44186046511628}}, "0.7": {"reduction_in_attributes": 66.66666666666667, "time": 0.0024340152740478516, "reduction": 20.565552699228796, "validation": {"accuracy": 81.23393316195373}, "test": {"accuracy": 74.4186046511628}}, "0.8": {"reduction_in_attributes": 66.66666666666667, "time": 0.002363920211791992, "reduction": 44.21593830334191, "validation": {"accuracy": 65.80976863753213}, "test": {"accuracy": 46.51162790697674}}, "0.9": {"reduction_in_attributes": 66.66666666666667, "time": 0.0023088455200195312, "reduction": 44.21593830334191, "validation": {"accuracy": 65.80976863753213}, "test": {"accuracy": 46.51162790697674}}, "1.0": {"reduction_in_attributes": 66.66666666666667, "time": 0.0023260116577148438, "reduction": 44.21593830334191, "validation": {"accuracy": 65.80976863753213}, "test": {"accuracy": 46.51162790697674}}}, "6": {"0.0": {"reduction_in_attributes": 66.66666666666667, "time": 0.002869844436645508, "reduction": 1.285347043701801, "validation": {"accuracy": 65.29562982005142}, "test": {"accuracy": 53.48837209302325}}, "0.1": {"reduction_in_attributes": 66.66666666666667, "time": 0.002902984619140625, "reduction": 10.025706940874034, "validation": {"accuracy": 65.29562982005142}, "test": {"accuracy": 53.48837209302325}}, "0.2": {"reduction_in_attributes": 66.66666666666667, "time": 0.0026159286499023438, "reduction": 10.025706940874034, "validation": {"accuracy": 65.29562982005142}, "test": {"accuracy": 53.48837209302325}}, "0.3": {"reduction_in_attributes": 66.66666666666667, "time": 0.0025458335876464844, "reduction": 18.76606683804627, "validation": {"accuracy": 65.29562982005142}, "test": {"accuracy": 53.48837209302325}}, "0.4": {"reduction_in_attributes": 66.66666666666667, "time": 0.0025539398193359375, "reduction": 19.02313624678663, "validation": {"accuracy": 65.29562982005142}, "test": {"accuracy": 53.48837209302325}}, "0.5": {"reduction_in_attributes": 66.66666666666667, "time": 0.0025730133056640625, "reduction": 19.280205655526995,