{"3": {"0.0": {"reduction_in_attributes": 53.84615384615385, "time": 0.0010600090026855469, "reduction": 70.0, "validation": {"accuracy": 66.875}, "test": {"accuracy": 38.88888888888889}}, "0.1": {"reduction_in_attributes": 53.84615384615385, "time": 0.0010941028594970703, "reduction": 73.125, "validation": {"accuracy": 66.875}, "test": {"accuracy": 38.88888888888889}}, "0.2": {"reduction_in_attributes": 53.84615384615385, "time": 0.0010542869567871094, "reduction": 75.625, "validation": {"accuracy": 66.875}, "test": {"accuracy": 38.88888888888889}}, "0.3": {"reduction_in_attributes": 53.84615384615385, "time": 0.0010638236999511719, "reduction": 76.25, "validation": {"accuracy": 66.875}, "test": {"accuracy": 38.88888888888889}}, "0.4": {"reduction_in_attributes": 53.84615384615385, "time": 0.0010290145874023438, "reduction": 78.125, "validation": {"accuracy": 65.0}, "test": {"accuracy": 38.88888888888889}}, "0.5": {"reduction_in_attributes": 53.84615384615385, "time": 0.0010509490966796875, "reduction": 80.625, "validation": {"accuracy": 65.0}, "test": {"accuracy": 38.88888888888889}}, "0.6": {"reduction_in_attributes": 53.84615384615385, "time": 0.0010139942169189453, "reduction": 81.875, "validation": {"accuracy": 65.0}, "test": {"accuracy": 38.88888888888889}}, "0.7": {"reduction_in_attributes": 53.84615384615385, "time": 0.0009958744049072266, "reduction": 87.5, "validation": {"accuracy": 65.0}, "test": {"accuracy": 38.88888888888889}}, "0.8": {"reduction_in_attributes": 53.84615384615385, "time": 0.0010073184967041016, "reduction": 93.125, "validation": {"accuracy": 66.875}, "test": {"accuracy": 44.44444444444444}}, "0.9": {"reduction_in_attributes": 53.84615384615385, "time": 0.0009872913360595703, "reduction": 97.5, "validation": {"accuracy": 66.875}, "test": {"accuracy": 44.44444444444444}}, "1.0": {"reduction_in_attributes": 53.84615384615385, "time": 0.0010221004486083984, "reduction": 98.125, "validation": {"accuracy": 66.875}, "test": {"accuracy": 44.44444444444444}}}, "4": {"0.0": {"reduction_in_attributes": 61.53846153846154, "time": 0.0010139942169189453, "reduction": 66.25, "validation": {"accuracy": 59.375}, "test": {"accuracy": 61.111111111111114}}, "0.1": {"reduction_in_attributes": 61.53846153846154, "time": 0.000988006591796875, "reduction": 68.125, "validation": {"accuracy": 59.375}, "test": {"accuracy": 61.111111111111114}}, "0.2": {"reduction_in_attributes": 61.53846153846154, "time": 0.001013040542602539, "reduction": 70.625, "validation": {"accuracy": 59.375}, "test": {"accuracy": 61.111111111111114}}, "0.3": {"reduction_in_attributes": 61.53846153846154, "time": 0.0010218620300292969, "reduction": 74.375, "validation": {"accuracy": 59.375}, "test": {"accuracy": 61.111111111111114}}, "0.4": {"reduction_in_attributes": 61.53846153846154, "time": 0.0010061264038085938, "reduction": 75.625, "validation": {"accuracy": 58.75}, "test": {"accuracy": 61.111111111111114}}, "0.5": {"reduction_in_attributes": 61.53846153846154, "time": 0.0010178089141845703, "reduction": 77.5, "validation": {"accuracy": 58.75}, "test": {"accuracy": 61.111111111111114}}, "0.6": {"reduction_in_attributes": 61.53846153846154, "time": 0.0010180473327636719, "reduction": 79.375, "validation": {"accuracy": 58.75}, "test": {"accuracy": 61.111111111111114}}, "0.7": {"reduction_in_attributes": 61.53846153846154, "time": 0.0010292530059814453, "reduction": 81.875, "validation": {"accuracy": 58.75}, "test": {"accuracy": 61.111111111111114}}, "0.8": {"reduction_in_attributes": 61.53846153846154, "time": 0.0010068416595458984, "reduction": 88.75, "validation": {"accuracy": 61.25000000000001}, "test": {"accuracy": 61.111111111111114}}, "0.9": {"reduction_in_attributes": 61.53846153846154, "time": 0.0009341239929199219, "reduction": 95.0, "validation": {"accuracy": 71.875}, "test": {"accuracy": 55.55555555555556}}, "1.0": {"reduction_in_attributes": 61.53846153846154, "time": 0.0009951591491699219, "reduction": 98.125, "validation": {"accuracy": 71.875}, "test": {"accuracy": 55.55555555555556}}}, "5": {"0.0": {"reduction_in_attributes": 53.84615384615385, "time": 0.0010178089141845703, "reduction": 62.5, "validation": {"accuracy": 68.125}, "test": {"accuracy": 44.44444444444444}}, "0.1": {"reduction_in_attributes": 53.84615384615385, "time": 0.0010190010070800781, "reduction": 63.74999999999999, "validation": {"accuracy": 68.125}, "test": {"accuracy": 44.44444444444444}}, "0.2": {"reduction_in_attributes": 53.84615384615385, "time": 0.0010309219360351562, "reduction": 66.25, "validation": {"accuracy": 67.5}, "test": {"accuracy": 44.44444444444444}}, "0.3": {"reduction_in_attributes": 53.84615384615385, "time": 0.001027822494506836, "reduction": 68.125, "validation": {"accuracy": 64.375}, "test": {"accuracy": 38.88888888888889}}, "0.4": {"reduction_in_attributes": 53.84615384615385, "time": 0.0009987354278564453, "reduction": 70.0, "validation": {"accuracy": 63.74999999999999}, "test": {"accuracy": 38.88888888888889}}, "0.5": {"reduction_in_attributes": 53.84615384615385, "time": 0.0010330677032470703, "reduction": 72.5, "validation": {"accuracy": 63.74999999999999}, "test": {"accuracy": 38.88888888888889}}, "0.6": {"reduction_in_attributes": 53.84615384615385, "time": 0.0010230541229248047, "reduction": 75.0, "validation": {"accuracy": 63.74999999999999}, "test": {"accuracy": 38.88888888888889}}, "0.7": {"reduction_in_attributes": 53.84615384615385, "time": 0.0010101795196533203, "reduction": 81.25, "validation": {"accuracy": 63.74999999999999}, "test": {"accuracy": 38.88888888888889}}, "0.8": {"reduction_in_attributes": 53.84615384615385, "time": 0.0009248256683349609, "reduction": 89.375, "validation": {"accuracy": 65.0}, "test": {"accuracy": 38.88888888888889}}, "0.9": {"reduction_in_attributes": 53.84615384615385, "time": 0.0009872913360595703, "reduction": 95.0, "validation": {"accuracy": 67.5}, "test": {"accuracy": 44.44444444444444}}, "1.0": {"reduction_in_attributes": 53.84615384615385, "time": 0.0009851455688476562, "reduction": 98.125, "validation": {"accuracy": 67.5}, "test": {"accuracy": 44.44444444444444}}}, "6": {"0.0": {"reduction_in_attributes": 53.84615384615385, "time": 0.001007080078125, "reduction": 63.125, "validation": {"accuracy": 66.875}, "test": {"accuracy": 44.44444444444444}}, "0.1": {"reduction_in_attributes": 53.84615384615385, "time": 0.0010349750518798828, "reduction": 66.25, "validation": {"accuracy": 66.875}, "test": {"accuracy": 44.44444444444444}}, "0.2": {"reduction_in_attributes": 53.84615384615385, "time": 0.0010399818420410156, "reduction": 68.75, "validation": {"accuracy": 66.875}, "test": {"accuracy": 44.44444444444444}}, "0.3": {"reduction_in_attributes": 53.84615384615385, "time": 0.0009982585906982422, "reduction": 73.125, "validation": {"accuracy": 66.875}, "test": {"accuracy": 44.44444444444444}}, "0.4": {"reduction_in_attributes": 53.84615384615385, "time": 0.0010330677032470703, "reduction": 75.0, "validation": {"accuracy": 66.875}, "test": {"accuracy": 44.44444444444444}}, "0.5": {"reduction_in_attributes": 53.84615384615385, "time": 0.001032114028930664, "reduction": 77.5, "validation": {"accuracy": 66.875}, "test": {"accuracy": 44.44444444444444}}, "0.6": {"reduction_in_attributes": 53.84615384615385, "time": 0.0010981559753417969, "reduction": 80.0, "validation": {"accuracy": 66.875}, "test": {"accuracy": 44.44444444444444}}, "0.7": {"reduction_in_attributes": 53.84615384615385, "time": 0.00096893310546875, "reduction": 82.5, "validation": {"accuracy": 67.5}, "test": {"accuracy": 44.44444444444444}}, "0.8": {"reduction_in_attributes": 53.84615384615385, "time": 0.0009520053863525391, "reduction": 84.375, "validation": {"accuracy": 67.5}, "test": {"accuracy": 44.44444444444444}}, "0.9": {"reduction_in_attributes": 53.84615384615385, "time": 0.0010197162628173828, "reduction": 90.0, "validation": {"accuracy": 68.125}, "test": {"accuracy": 44.44444444444444}}, "1.0": {"reduction_in_attributes": 53.84615384615385,