{"3": {"0.0": {"reduction_in_attributes": 66.66666666666667, "time": 0.002679109573364258, "reduction": 1.285347043701801, "validation": {"accuracy": 65.55269922879178}, "test": {"accuracy": 53.48837209302325}}, "0.1": {"reduction_in_attributes": 66.66666666666667, "time": 0.002622842788696289, "reduction": 11.053984575835473, "validation": {"accuracy": 65.55269922879178}, "test": {"accuracy": 53.48837209302325}}, "0.2": {"reduction_in_attributes": 66.66666666666667, "time": 0.003815174102783203, "reduction": 12.339331619537274, "validation": {"accuracy": 65.55269922879178}, "test": {"accuracy": 53.48837209302325}}, "0.3": {"reduction_in_attributes": 66.66666666666667, "time": 0.0026009082794189453, "reduction": 19.280205655526995, "validation": {"accuracy": 65.55269922879178}, "test": {"accuracy": 53.48837209302325}}, "0.4": {"reduction_in_attributes": 66.66666666666667, "time": 0.0025200843811035156, "reduction": 19.537275064267355, "validation": {"accuracy": 65.55269922879178}, "test": {"accuracy": 53.48837209302325}}, "0.5": {"reduction_in_attributes": 66.66666666666667, "time": 0.0025191307067871094, "reduction": 19.79434447300771, "validation": {"accuracy": 81.74807197943444}, "test": {"accuracy": 74.4186046511628}}, "0.6": {"reduction_in_attributes": 66.66666666666667, "time": 0.003851175308227539, "reduction": 19.79434447300771, "validation": {"accuracy": 81.74807197943444}, "test": {"accuracy": 74.4186046511628}}, "0.7": {"reduction_in_attributes": 66.66666666666667, "time": 0.0026078224182128906, "reduction": 21.07969151670951, "validation": {"accuracy": 80.719794344473}, "test": {"accuracy": 79.06976744186046}}, "0.8": {"reduction_in_attributes": 66.66666666666667, "time": 0.0023441314697265625, "reduction": 45.24421593830334, "validation": {"accuracy": 64.52442159383034}, "test": {"accuracy": 58.139534883720934}}, "0.9": {"reduction_in_attributes": 66.66666666666667, "time": 0.002340078353881836, "reduction": 45.501285347043705, "validation": {"accuracy": 64.52442159383034}, "test": {"accuracy": 58.139534883720934}}, "1.0": {"reduction_in_attributes": 66.66666666666667, "time": 0.0023441314697265625, "reduction": 45.501285347043705, "validation": {"accuracy": 64.52442159383034}, "test": {"accuracy": 58.139534883720934}}}, "4": {"0.0": {"reduction_in_attributes": 66.66666666666667, "time": 0.002719879150390625, "reduction": 1.285347043701801, "validation": {"accuracy": 64.26735218508998}, "test": {"accuracy": 62.7906976744186}}, "0.1": {"reduction_in_attributes": 66.66666666666667, "time": 0.0026018619537353516, "reduction": 11.053984575835473, "validation": {"accuracy": 64.26735218508998}, "test": {"accuracy": 62.7906976744186}}, "0.2": {"reduction_in_attributes": 66.66666666666667, "time": 0.002669095993041992, "reduction": 12.082262210796912, "validation": {"accuracy": 64.26735218508998}, "test": {"accuracy": 62.7906976744186}}, "0.3": {"reduction_in_attributes": 66.66666666666667, "time": 0.0024929046630859375, "reduction": 19.280205655526995, "validation": {"accuracy": 64.26735218508998}, "test": {"accuracy": 62.7906976744186}}, "0.4": {"reduction_in_attributes": 66.66666666666667, "time": 0.002529144287109375, "reduction": 19.280205655526995, "validation": {"accuracy": 64.26735218508998}, "test": {"accuracy": 62.7906976744186}}, "0.5": {"reduction_in_attributes": 66.66666666666667, "time": 0.002554178237915039, "reduction": 19.79434447300771, "validation": {"accuracy": 81.74807197943444}, "test": {"accuracy": 76.74418604651163}}, "0.6": {"reduction_in_attributes": 66.66666666666667, "time": 0.0024750232696533203, "reduction": 21.07969151670951, "validation": {"accuracy": 80.719794344473}, "test": {"accuracy": 79.06976744186046}}, "0.7": {"reduction_in_attributes": 66.66666666666667, "time": 0.0025110244750976562, "reduction": 21.07969151670951, "validation": {"accuracy": 80.719794344473}, "test": {"accuracy": 79.06976744186046}}, "0.8": {"reduction_in_attributes": 66.66666666666667, "time": 0.0023419857025146484, "reduction": 46.27249357326478, "validation": {"accuracy": 81.74807197943444}, "test": {"accuracy": 74.4186046511628}}, "0.9": {"reduction_in_attributes": 66.66666666666667, "time": 0.0023581981658935547, "reduction": 46.786632390745496, "validation": {"accuracy": 81.74807197943444}, "test": {"accuracy": 74.4186046511628}}, "1.0": {"reduction_in_attributes": 66.66666666666667, "time": 0.002415895462036133, "reduction": 46.786632390745496, "validation": {"accuracy": 81.74807197943444}, "test": {"accuracy": 74.4186046511628}}}, "5": {"0.0": {"reduction_in_attributes": 66.66666666666667, "time": 0.0026750564575195312, "reduction": 1.285347043701801, "validation": {"accuracy": 64.78149100257069}, "test": {"accuracy": 53.48837209302325}}, "0.1": {"reduction_in_attributes": 66.66666666666667, "time": 0.0026569366455078125, "reduction": 11.311053984575835, "validation": {"accuracy": 64.78149100257069}, "test": {"accuracy": 53.48837209302325}}, "0.2": {"reduction_in_attributes": 66.66666666666667, "time": 0.002577066421508789, "reduction": 12.339331619537274, "validation": {"accuracy": 64.78149100257069}, "test": {"accuracy": 53.48837209302325}}, "0.3": {"reduction_in_attributes": 66.66666666666667, "time": 0.0026090145111083984, "reduction": 19.02313624678663, "validation": {"accuracy": 64.78149100257069}, "test": {"accuracy": 53.48837209302325}}, "0.4": {"reduction_in_attributes": 66.66666666666667, "time": 0.0025141239166259766, "reduction": 19.280205655526995, "validation": {"accuracy": 64.78149100257069}, "test": {"accuracy": 53.48837209302325}}, "0.5": {"reduction_in_attributes": 66.66666666666667, "time": 0.0025017261505126953, "reduction": 19.537275064267355, "validation": {"accuracy": 82.0051413881748}, "test": {"accuracy": 79.06976744186046}}, "0.6": {"reduction_in_attributes": 66.66666666666667, "time": 0.0025730133056640625, "reduction": 19.537275064267355, "validation": {"accuracy": 82.0051413881748}, "test": {"accuracy": 79.06976744186046}}, "0.7": {"reduction_in_attributes": 66.66666666666667, "time": 0.0025091171264648438, "reduction": 20.822622107969146, "validation": {"accuracy": 80.97686375321337}, "test": {"accuracy": 76.74418604651163}}, "0.8": {"reduction_in_attributes": 66.66666666666667, "time": 0.0023272037506103516, "reduction": 45.24421593830334, "validation": {"accuracy": 82.0051413881748}, "test": {"accuracy": 79.06976744186046}}, "0.9": {"reduction_in_attributes": 66.66666666666667, "time": 0.00234222412109375, "reduction": 45.75835475578406, "validation": {"accuracy": 82.0051413881748}, "test": {"accuracy": 79.06976744186046}}, "1.0": {"reduction_in_attributes": 66.66666666666667, "time": 0.002357006072998047, "reduction": 45.75835475578406, "validation": {"accuracy": 82.0051413881748}, "test": {"accuracy": 79.06976744186046}}}, "6": {"0.0": {"reduction_in_attributes": 66.66666666666667, "time": 0.0027360916137695312, "reduction": 1.285347043701801, "validation": {"accuracy": 64.01028277634961}, "test": {"accuracy": 65.11627906976744}}, "0.1": {"reduction_in_attributes": 66.66666666666667, "time": 0.002680063247680664, "reduction": 11.311053984575835, "validation": {"accuracy": 64.01028277634961}, "test": {"accuracy": 65.11627906976744}}, "0.2": {"reduction_in_attributes": 66.66666666666667, "time": 0.0026192665100097656, "reduction": 12.596401028277636, "validation": {"accuracy": 64.01028277634961}, "test": {"accuracy": 65.11627906976744}}, "0.3": {"reduction_in_attributes": 66.66666666666667, "time": 0.002496004104614258, "reduction": 20.05141388174807, "validation": {"accuracy": 64.01028277634961}, "test": {"accuracy": 65.11627906976744}}, "0.4": {"reduction_in_attributes": 66.66666666666667, "time": 0.002601146697998047, "reduction": 20.05141388174807, "validation": {"accuracy": 64.01028277634961}, "test": {"accuracy": 65.11627906976744}}, "0.5": {"reduction_in_attributes": 66.66666666666667, "time": 0.0024900436401367188, "reduction": 20.822622107969146,