{"3": {"0.0": {"reduction_in_attributes": 87.5, "time": 0.02576589584350586, "reduction": 0.22471910112359383, "validation": {"accuracy": 30.0374531835206}, "test": {"accuracy": 21.476510067114095}}, "0.1": {"reduction_in_attributes": 87.5, "time": 0.025570154190063477, "reduction": 11.535580524344569, "validation": {"accuracy": 18.127340823970037}, "test": {"accuracy": 31.543624161073826}}, "0.2": {"reduction_in_attributes": 87.5, "time": 0.02540278434753418, "reduction": 4.269662921348316, "validation": {"accuracy": 33.18352059925094}, "test": {"accuracy": 30.87248322147651}}, "0.3": {"reduction_in_attributes": 87.5, "time": 0.02399611473083496, "reduction": 13.558052434456924, "validation": {"accuracy": 17.60299625468165}, "test": {"accuracy": 30.201342281879196}}, "0.4": {"reduction_in_attributes": 87.5, "time": 0.02366471290588379, "reduction": 32.134831460674164, "validation": {"accuracy": 18.127340823970037}, "test": {"accuracy": 31.543624161073826}}, "0.5": {"reduction_in_attributes": 87.5, "time": 0.02279186248779297, "reduction": 19.925093632958802, "validation": {"accuracy": 17.60299625468165}, "test": {"accuracy": 30.201342281879196}}, "0.6": {"reduction_in_attributes": 87.5, "time": 0.023328065872192383, "reduction": 25.99250936329588, "validation": {"accuracy": 17.303370786516854}, "test": {"accuracy": 30.201342281879196}}, "0.7": {"reduction_in_attributes": 87.5, "time": 0.022033214569091797, "reduction": 34.00749063670412, "validation": {"accuracy": 17.303370786516854}, "test": {"accuracy": 30.201342281879196}}, "0.8": {"reduction_in_attributes": 87.5, "time": 0.022850751876831055, "reduction": 51.08614232209738, "validation": {"accuracy": 22.621722846441948}, "test": {"accuracy": 28.859060402684566}}, "0.9": {"reduction_in_attributes": 87.5, "time": 0.020542144775390625, "reduction": 78.27715355805243, "validation": {"accuracy": 25.54307116104869}, "test": {"accuracy": 28.859060402684566}}, "1.0": {"reduction_in_attributes": 87.5, "time": 0.013833045959472656, "reduction": 25.99250936329588, "validation": {"accuracy": 3.445692883895131}, "test": {"accuracy": 3.3557046979865772}}}, "4": {"0.0": {"reduction_in_attributes": 87.5, "time": 0.0259249210357666, "reduction": 2.097378277153561, "validation": {"accuracy": 15.355805243445692}, "test": {"accuracy": 37.58389261744966}}, "0.1": {"reduction_in_attributes": 87.5, "time": 0.025480985641479492, "reduction": 12.284644194756556, "validation": {"accuracy": 14.831460674157304}, "test": {"accuracy": 38.92617449664429}}, "0.2": {"reduction_in_attributes": 87.5, "time": 0.014755010604858398, "reduction": 26.067415730337075, "validation": {"accuracy": 3.445692883895131}, "test": {"accuracy": 3.3557046979865772}}, "0.3": {"reduction_in_attributes": 87.5, "time": 0.025641918182373047, "reduction": 7.265917602996252, "validation": {"accuracy": 31.46067415730337}, "test": {"accuracy": 29.53020134228188}}, "0.4": {"reduction_in_attributes": 87.5, "time": 0.02386474609375, "reduction": 25.69288389513109, "validation": {"accuracy": 14.681647940074907}, "test": {"accuracy": 40.939597315436245}}, "0.5": {"reduction_in_attributes": 87.5, "time": 0.023420095443725586, "reduction": 44.71910112359551, "validation": {"accuracy": 17.97752808988764}, "test": {"accuracy": 31.543624161073826}}, "0.6": {"reduction_in_attributes": 87.5, "time": 0.01331472396850586, "reduction": 52.059925093632955, "validation": {"accuracy": 31.760299625468164}, "test": {"accuracy": 32.21476510067114}}, "0.7": {"reduction_in_attributes": 87.5, "time": 0.024993181228637695, "reduction": 42.69662921348315, "validation": {"accuracy": 31.46067415730337}, "test": {"accuracy": 18.79194630872483}}, "0.8": {"reduction_in_attributes": 87.5, "time": 0.023467063903808594, "reduction": 51.53558052434457, "validation": {"accuracy": 19.850187265917604}, "test": {"accuracy": 36.241610738255034}}, "0.9": {"reduction_in_attributes": 87.5, "time": 0.021753787994384766, "reduction": 68.83895131086142, "validation": {"accuracy": 29.812734082397004}, "test": {"accuracy": 18.79194630872483}}, "1.0": {"reduction_in_attributes": 87.5, "time": 0.021188974380493164, "reduction": 97.52808988764045, "validation": {"accuracy": 30.0374531835206}, "test": {"accuracy": 29.53020134228188}}}, "5": {"0.0": {"reduction_in_attributes": 87.5, "time": 0.025595903396606445, "reduction": 0.22455089820359042, "validation": {"accuracy": 28.36826347305389}, "test": {"accuracy": 20.27027027027027}}, "0.1": {"reduction_in_attributes": 87.5, "time": 0.02467799186706543, "reduction": 11.826347305389218, "validation": {"accuracy": 16.691616766467064}, "test": {"accuracy": 31.756756756756754}}, "0.2": {"reduction_in_attributes": 87.5, "time": 0.023891210556030273, "reduction": 4.116766467065869, "validation": {"accuracy": 33.08383233532935}, "test": {"accuracy": 29.72972972972973}}, "0.3": {"reduction_in_attributes": 87.5, "time": 0.012384176254272461, "reduction": 51.87125748502994, "validation": {"accuracy": 31.736526946107784}, "test": {"accuracy": 32.432432432432435}}, "0.4": {"reduction_in_attributes": 87.5, "time": 0.02452707290649414, "reduction": 14.89520958083832, "validation": {"accuracy": 28.29341317365269}, "test": {"accuracy": 20.27027027027027}}, "0.5": {"reduction_in_attributes": 87.5, "time": 0.014795064926147461, "reduction": 26.19760479041916, "validation": {"accuracy": 3.44311377245509}, "test": {"accuracy": 3.3783783783783785}}, "0.6": {"reduction_in_attributes": 87.5, "time": 0.015874147415161133, "reduction": 52.02095808383233, "validation": {"accuracy": 31.736526946107784}, "test": {"accuracy": 32.432432432432435}}, "0.7": {"reduction_in_attributes": 87.5, "time": 0.022883176803588867, "reduction": 39.221556886227546, "validation": {"accuracy": 28.29341317365269}, "test": {"accuracy": 20.27027027027027}}, "0.8": {"reduction_in_attributes": 87.5, "time": 0.02166008949279785, "reduction": 50.82335329341318, "validation": {"accuracy": 20.733532934131738}, "test": {"accuracy": 36.486486486486484}}, "0.9": {"reduction_in_attributes": 87.5, "time": 0.023868083953857422, "reduction": 75.97305389221557, "validation": {"accuracy": 14.520958083832337}, "test": {"accuracy": 31.08108108108108}}, "1.0": {"reduction_in_attributes": 87.5, "time": 0.02205801010131836, "reduction": 95.20958083832335, "validation": {"accuracy": 25.748502994011975}, "test": {"accuracy": 31.756756756756754}}}, "6": {"0.0": {"reduction_in_attributes": 87.5, "time": 0.01530909538269043, "reduction": 0.0, "validation": {"accuracy": 31.736526946107784}, "test": {"accuracy": 32.432432432432435}}, "0.1": {"reduction_in_attributes": 87.5, "time": 0.02646803855895996, "reduction": 2.9940119760479056, "validation": {"accuracy": 29.34131736526946}, "test": {"accuracy": 23.64864864864865}}, "0.2": {"reduction_in_attributes": 87.5, "time": 0.02405571937561035, "reduction": 18.7125748502994, "validation": {"accuracy": 16.61676646706587}, "test": {"accuracy": 29.72972972972973}}, "0.3": {"reduction_in_attributes": 87.5, "time": 0.024367809295654297, "reduction": 6.437125748502992, "validation": {"accuracy": 32.709580838323355}, "test": {"accuracy": 31.08108108108108}}, "0.4": {"reduction_in_attributes": 87.5, "time": 0.02855396270751953, "reduction": 13.47305389221557, "validation": {"accuracy": 29.34131736526946}, "test": {"accuracy": 23.64864864864865}}, "0.5": {"reduction_in_attributes": 87.5, "time": 0.02821183204650879, "reduction": 14.446107784431138, "validation": {"accuracy": 21.107784431137723}, "test": {"accuracy": 38.513513513513516}}, "0.6": {"reduction_in_attributes": 87.5, "time": 0.02148604393005371, "reduction": 51.796407185628745, "validation": {"accuracy": 16.541916167664674}, "test": {"accuracy": 29.72972972972973}}, "0.7": {"reduction_in_attributes": 87.5, "time": 0.02340102195739746, "reduction": 40.044910179640716, "validation": {"accuracy": 16.84131736526946}, "test": {"accuracy": 35.810810810810814}}, "0.8": {"reduction_in_attributes": 87.5, "time": 0.021075963973999023,