{"3": {"0.0": {"reduction_in_attributes": 42.85714285714286, "time": 0.000598907470703125, "reduction": 86.31578947368422, "validation": {"accuracy": 89.47368421052632}, "test": {"accuracy": 90.9090909090909}}, "0.1": {"reduction_in_attributes": 42.85714285714286, "time": 0.0005748271942138672, "reduction": 89.47368421052632, "validation": {"accuracy": 89.47368421052632}, "test": {"accuracy": 90.9090909090909}}, "0.2": {"reduction_in_attributes": 42.85714285714286, "time": 0.0005369186401367188, "reduction": 92.63157894736842, "validation": {"accuracy": 89.47368421052632}, "test": {"accuracy": 90.9090909090909}}, "0.3": {"reduction_in_attributes": 42.85714285714286, "time": 0.0005490779876708984, "reduction": 94.73684210526316, "validation": {"accuracy": 87.36842105263159}, "test": {"accuracy": 81.81818181818183}}, "0.4": {"reduction_in_attributes": 42.85714285714286, "time": 0.0005428791046142578, "reduction": 95.78947368421052, "validation": {"accuracy": 87.36842105263159}, "test": {"accuracy": 81.81818181818183}}, "0.5": {"reduction_in_attributes": 42.85714285714286, "time": 0.0005371570587158203, "reduction": 95.78947368421052, "validation": {"accuracy": 87.36842105263159}, "test": {"accuracy": 81.81818181818183}}, "0.6": {"reduction_in_attributes": 42.85714285714286, "time": 0.0005311965942382812, "reduction": 97.89473684210527, "validation": {"accuracy": 75.78947368421053}, "test": {"accuracy": 90.9090909090909}}, "0.7": {"reduction_in_attributes": 42.85714285714286, "time": 0.0005240440368652344, "reduction": 97.89473684210527, "validation": {"accuracy": 75.78947368421053}, "test": {"accuracy": 90.9090909090909}}, "0.8": {"reduction_in_attributes": 42.85714285714286, "time": 0.0005369186401367188, "reduction": 97.89473684210527, "validation": {"accuracy": 75.78947368421053}, "test": {"accuracy": 90.9090909090909}}, "0.9": {"reduction_in_attributes": 42.85714285714286, "time": 0.0005259513854980469, "reduction": 97.89473684210527, "validation": {"accuracy": 75.78947368421053}, "test": {"accuracy": 90.9090909090909}}, "1.0": {"reduction_in_attributes": 42.85714285714286, "time": 0.0005791187286376953, "reduction": 97.89473684210527, "validation": {"accuracy": 75.78947368421053}, "test": {"accuracy": 90.9090909090909}}}, "4": {"0.0": {"reduction_in_attributes": 57.14285714285714, "time": 0.0005767345428466797, "reduction": 87.36842105263159, "validation": {"accuracy": 86.31578947368422}, "test": {"accuracy": 81.81818181818183}}, "0.1": {"reduction_in_attributes": 57.14285714285714, "time": 0.0005872249603271484, "reduction": 91.57894736842105, "validation": {"accuracy": 86.31578947368422}, "test": {"accuracy": 81.81818181818183}}, "0.2": {"reduction_in_attributes": 57.14285714285714, "time": 0.0005769729614257812, "reduction": 92.63157894736842, "validation": {"accuracy": 86.31578947368422}, "test": {"accuracy": 81.81818181818183}}, "0.3": {"reduction_in_attributes": 57.14285714285714, "time": 0.0005638599395751953, "reduction": 93.6842105263158, "validation": {"accuracy": 86.31578947368422}, "test": {"accuracy": 81.81818181818183}}, "0.4": {"reduction_in_attributes": 57.14285714285714, "time": 0.0005581378936767578, "reduction": 94.73684210526316, "validation": {"accuracy": 86.31578947368422}, "test": {"accuracy": 81.81818181818183}}, "0.5": {"reduction_in_attributes": 57.14285714285714, "time": 0.0005559921264648438, "reduction": 95.78947368421052, "validation": {"accuracy": 85.26315789473684}, "test": {"accuracy": 81.81818181818183}}, "0.6": {"reduction_in_attributes": 57.14285714285714, "time": 0.0006170272827148438, "reduction": 96.84210526315789, "validation": {"accuracy": 85.26315789473684}, "test": {"accuracy": 81.81818181818183}}, "0.7": {"reduction_in_attributes": 57.14285714285714, "time": 0.0005712509155273438, "reduction": 97.89473684210527, "validation": {"accuracy": 81.05263157894737}, "test": {"accuracy": 81.81818181818183}}, "0.8": {"reduction_in_attributes": 57.14285714285714, "time": 0.0005629062652587891, "reduction": 97.89473684210527, "validation": {"accuracy": 81.05263157894737}, "test": {"accuracy": 81.81818181818183}}, "0.9": {"reduction_in_attributes": 57.14285714285714, "time": 0.0006070137023925781, "reduction": 97.89473684210527, "validation": {"accuracy": 81.05263157894737}, "test": {"accuracy": 81.81818181818183}}, "1.0": {"reduction_in_attributes": 57.14285714285714, "time": 0.0006129741668701172, "reduction": 97.89473684210527, "validation": {"accuracy": 81.05263157894737}, "test": {"accuracy": 81.81818181818183}}}, "5": {"0.0": {"reduction_in_attributes": 57.14285714285714, "time": 0.0005881786346435547, "reduction": 82.10526315789474, "validation": {"accuracy": 91.57894736842105}, "test": {"accuracy": 90.9090909090909}}, "0.1": {"reduction_in_attributes": 57.14285714285714, "time": 0.0006060600280761719, "reduction": 85.26315789473684, "validation": {"accuracy": 91.57894736842105}, "test": {"accuracy": 90.9090909090909}}, "0.2": {"reduction_in_attributes": 57.14285714285714, "time": 0.0005691051483154297, "reduction": 87.36842105263159, "validation": {"accuracy": 88.42105263157895}, "test": {"accuracy": 90.9090909090909}}, "0.3": {"reduction_in_attributes": 57.14285714285714, "time": 0.0005970001220703125, "reduction": 89.47368421052632, "validation": {"accuracy": 88.42105263157895}, "test": {"accuracy": 90.9090909090909}}, "0.4": {"reduction_in_attributes": 57.14285714285714, "time": 0.0005719661712646484, "reduction": 91.57894736842105, "validation": {"accuracy": 91.57894736842105}, "test": {"accuracy": 81.81818181818183}}, "0.5": {"reduction_in_attributes": 57.14285714285714, "time": 0.0005609989166259766, "reduction": 94.73684210526316, "validation": {"accuracy": 90.52631578947368}, "test": {"accuracy": 81.81818181818183}}, "0.6": {"reduction_in_attributes": 57.14285714285714, "time": 0.0005769729614257812, "reduction": 95.78947368421052, "validation": {"accuracy": 90.52631578947368}, "test": {"accuracy": 81.81818181818183}}, "0.7": {"reduction_in_attributes": 57.14285714285714, "time": 0.0005838871002197266, "reduction": 97.89473684210527, "validation": {"accuracy": 90.52631578947368}, "test": {"accuracy": 81.81818181818183}}, "0.8": {"reduction_in_attributes": 57.14285714285714, "time": 0.0005779266357421875, "reduction": 97.89473684210527, "validation": {"accuracy": 90.52631578947368}, "test": {"accuracy": 81.81818181818183}}, "0.9": {"reduction_in_attributes": 57.14285714285714, "time": 0.0005650520324707031, "reduction": 97.89473684210527, "validation": {"accuracy": 90.52631578947368}, "test": {"accuracy": 81.81818181818183}}, "1.0": {"reduction_in_attributes": 57.14285714285714, "time": 0.0005629062652587891, "reduction": 97.89473684210527, "validation": {"accuracy": 90.52631578947368}, "test": {"accuracy": 81.81818181818183}}}, "6": {"0.0": {"reduction_in_attributes": 57.14285714285714, "time": 0.0005719661712646484, "reduction": 84.21052631578947, "validation": {"accuracy": 87.36842105263159}, "test": {"accuracy": 100.0}}, "0.1": {"reduction_in_attributes": 57.14285714285714, "time": 0.0005822181701660156, "reduction": 87.36842105263159, "validation": {"accuracy": 87.36842105263159}, "test": {"accuracy": 100.0}}, "0.2": {"reduction_in_attributes": 57.14285714285714, "time": 0.0005669593811035156, "reduction": 90.52631578947368, "validation": {"accuracy": 89.47368421052632}, "test": {"accuracy": 90.9090909090909}}, "0.3": {"reduction_in_attributes": 57.14285714285714, "time": 0.0005843639373779297, "reduction": 93.6842105263158, "validation": {"accuracy": 90.52631578947368}, "test": {"accuracy": 90.9090909090909}}, "0.4": {"reduction_in_attributes": 57.14285714285714, "time": 0.0005650520324707031, "reduction": 94.73684210526316, "validation": {"accuracy": 92.63157894736842}, "test": {"accuracy": 90.9090909090909}}, "0.5": {"reduction_in_attributes": 57.14285714285714, "time": 0.0005633831024169922, "reduction": 96.84210526315789, "validation": {"accuracy": 92.63157894736842},