{"3": {"0.0": {"reduction_in_attributes": 46.15384615384615, "time": 0.001466989517211914, "reduction": 37.860082304526756, "validation": {"accuracy": 46.913580246913575}, "test": {"accuracy": 59.25925925925925}}, "0.1": {"reduction_in_attributes": 46.15384615384615, "time": 0.0015149116516113281, "reduction": 40.32921810699589, "validation": {"accuracy": 46.913580246913575}, "test": {"accuracy": 59.25925925925925}}, "0.2": {"reduction_in_attributes": 46.15384615384615, "time": 0.0016090869903564453, "reduction": 45.67901234567901, "validation": {"accuracy": 46.913580246913575}, "test": {"accuracy": 59.25925925925925}}, "0.3": {"reduction_in_attributes": 46.15384615384615, "time": 0.0013828277587890625, "reduction": 50.20576131687242, "validation": {"accuracy": 47.73662551440329}, "test": {"accuracy": 59.25925925925925}}, "0.4": {"reduction_in_attributes": 46.15384615384615, "time": 0.001611948013305664, "reduction": 59.25925925925925, "validation": {"accuracy": 51.85185185185185}, "test": {"accuracy": 51.85185185185185}}, "0.5": {"reduction_in_attributes": 46.15384615384615, "time": 0.0014190673828125, "reduction": 68.3127572016461, "validation": {"accuracy": 51.440329218106996}, "test": {"accuracy": 55.55555555555556}}, "0.6": {"reduction_in_attributes": 46.15384615384615, "time": 0.0016047954559326172, "reduction": 72.42798353909465, "validation": {"accuracy": 51.440329218106996}, "test": {"accuracy": 55.55555555555556}}, "0.7": {"reduction_in_attributes": 46.15384615384615, "time": 0.0013489723205566406, "reduction": 78.18930041152264, "validation": {"accuracy": 51.440329218106996}, "test": {"accuracy": 55.55555555555556}}, "0.8": {"reduction_in_attributes": 46.15384615384615, "time": 0.0016231536865234375, "reduction": 84.36213991769547, "validation": {"accuracy": 52.674897119341566}, "test": {"accuracy": 55.55555555555556}}, "0.9": {"reduction_in_attributes": 46.15384615384615, "time": 0.0013229846954345703, "reduction": 94.23868312757202, "validation": {"accuracy": 61.72839506172839}, "test": {"accuracy": 59.25925925925925}}, "1.0": {"reduction_in_attributes": 46.15384615384615, "time": 0.0016682147979736328, "reduction": 99.1769547325103, "validation": {"accuracy": 55.96707818930041}, "test": {"accuracy": 59.25925925925925}}}, "4": {"0.0": {"reduction_in_attributes": 53.84615384615385, "time": 0.0018699169158935547, "reduction": 33.333333333333336, "validation": {"accuracy": 51.85185185185185}, "test": {"accuracy": 62.96296296296296}}, "0.1": {"reduction_in_attributes": 53.84615384615385, "time": 0.001415252685546875, "reduction": 37.03703703703704, "validation": {"accuracy": 51.85185185185185}, "test": {"accuracy": 62.96296296296296}}, "0.2": {"reduction_in_attributes": 53.84615384615385, "time": 0.0016810894012451172, "reduction": 41.56378600823045, "validation": {"accuracy": 52.2633744855967}, "test": {"accuracy": 59.25925925925925}}, "0.3": {"reduction_in_attributes": 53.84615384615385, "time": 0.0013670921325683594, "reduction": 46.09053497942387, "validation": {"accuracy": 52.674897119341566}, "test": {"accuracy": 51.85185185185185}}, "0.4": {"reduction_in_attributes": 53.84615384615385, "time": 0.0021240711212158203, "reduction": 54.32098765432099, "validation": {"accuracy": 52.674897119341566}, "test": {"accuracy": 51.85185185185185}}, "0.5": {"reduction_in_attributes": 53.84615384615385, "time": 0.001338958740234375, "reduction": 62.139917695473244, "validation": {"accuracy": 52.2633744855967}, "test": {"accuracy": 55.55555555555556}}, "0.6": {"reduction_in_attributes": 53.84615384615385, "time": 0.0016069412231445312, "reduction": 67.07818930041152, "validation": {"accuracy": 52.2633744855967}, "test": {"accuracy": 55.55555555555556}}, "0.7": {"reduction_in_attributes": 53.84615384615385, "time": 0.0013213157653808594, "reduction": 72.8395061728395, "validation": {"accuracy": 52.2633744855967}, "test": {"accuracy": 55.55555555555556}}, "0.8": {"reduction_in_attributes": 53.84615384615385, "time": 0.001909017562866211, "reduction": 77.36625514403292, "validation": {"accuracy": 49.794238683127574}, "test": {"accuracy": 48.148148148148145}}, "0.9": {"reduction_in_attributes": 53.84615384615385, "time": 0.0013508796691894531, "reduction": 86.0082304526749, "validation": {"accuracy": 53.086419753086425}, "test": {"accuracy": 59.25925925925925}}, "1.0": {"reduction_in_attributes": 53.84615384615385, "time": 0.0014121532440185547, "reduction": 99.1769547325103, "validation": {"accuracy": 49.794238683127574}, "test": {"accuracy": 62.96296296296296}}}, "5": {"0.0": {"reduction_in_attributes": 53.84615384615385, "time": 0.0021359920501708984, "reduction": 39.50617283950617, "validation": {"accuracy": 56.37860082304527}, "test": {"accuracy": 48.148148148148145}}, "0.1": {"reduction_in_attributes": 53.84615384615385, "time": 0.0016710758209228516, "reduction": 44.855967078189295, "validation": {"accuracy": 56.79012345679012}, "test": {"accuracy": 48.148148148148145}}, "0.2": {"reduction_in_attributes": 53.84615384615385, "time": 0.0015740394592285156, "reduction": 48.971193415637856, "validation": {"accuracy": 56.79012345679012}, "test": {"accuracy": 44.44444444444444}}, "0.3": {"reduction_in_attributes": 53.84615384615385, "time": 0.001405954360961914, "reduction": 51.440329218106996, "validation": {"accuracy": 56.79012345679012}, "test": {"accuracy": 44.44444444444444}}, "0.4": {"reduction_in_attributes": 53.84615384615385, "time": 0.0017919540405273438, "reduction": 58.8477366255144, "validation": {"accuracy": 55.96707818930041}, "test": {"accuracy": 51.85185185185185}}, "0.5": {"reduction_in_attributes": 53.84615384615385, "time": 0.0013689994812011719, "reduction": 65.02057613168724, "validation": {"accuracy": 55.144032921810705}, "test": {"accuracy": 51.85185185185185}}, "0.6": {"reduction_in_attributes": 53.84615384615385, "time": 0.0013768672943115234, "reduction": 69.1358024691358, "validation": {"accuracy": 55.96707818930041}, "test": {"accuracy": 51.85185185185185}}, "0.7": {"reduction_in_attributes": 53.84615384615385, "time": 0.0015490055084228516, "reduction": 74.48559670781893, "validation": {"accuracy": 54.32098765432099}, "test": {"accuracy": 48.148148148148145}}, "0.8": {"reduction_in_attributes": 53.84615384615385, "time": 0.0014410018920898438, "reduction": 82.3045267489712, "validation": {"accuracy": 53.086419753086425}, "test": {"accuracy": 51.85185185185185}}, "0.9": {"reduction_in_attributes": 53.84615384615385, "time": 0.0015187263488769531, "reduction": 90.94650205761316, "validation": {"accuracy": 48.559670781893004}, "test": {"accuracy": 55.55555555555556}}, "1.0": {"reduction_in_attributes": 53.84615384615385, "time": 0.001280069351196289, "reduction": 99.1769547325103, "validation": {"accuracy": 55.96707818930041}, "test": {"accuracy": 59.25925925925925}}}, "6": {"0.0": {"reduction_in_attributes": 53.84615384615385, "time": 0.001477956771850586, "reduction": 40.74074074074075, "validation": {"accuracy": 51.85185185185185}, "test": {"accuracy": 48.148148148148145}}, "0.1": {"reduction_in_attributes": 53.84615384615385, "time": 0.0016999244689941406, "reduction": 45.67901234567901, "validation": {"accuracy": 52.2633744855967}, "test": {"accuracy": 48.148148148148145}}, "0.2": {"reduction_in_attributes": 53.84615384615385, "time": 0.0015170574188232422, "reduction": 49.79423868312757, "validation": {"accuracy": 52.2633744855967}, "test": {"accuracy": 44.44444444444444}}, "0.3": {"reduction_in_attributes": 53.84615384615385, "time": 0.001497030258178711, "reduction": 52.2633744855967, "validation": {"accuracy": 51.85185185185185}, "test": {"accuracy": 44.44444444444444}}, "0.4": {"reduction_in_attributes": 53.84615384615385, "time": 0.0014011859893798828, "reduction": 55.96707818930041, "validation": {"accuracy": 51.85185185185185}, "test": {"accuracy": 44.44444444444444}}, "0.5": {"reduction_in_attributes": 53.84615384615385, "time": 0.0017740726470947266, "reduction": 64.19753086419753,