{"3": {"0.0": {"time": 0.0005769729614257812, "reduction": 86.31578947368422, "validation": {"accuracy": 54.736842105263165}, "test": {"accuracy": 36.36363636363637}}, "0.1": {"time": 0.0005519390106201172, "reduction": 88.42105263157895, "validation": {"accuracy": 54.736842105263165}, "test": {"accuracy": 36.36363636363637}}, "0.2": {"time": 0.0005199909210205078, "reduction": 90.52631578947368, "validation": {"accuracy": 54.736842105263165}, "test": {"accuracy": 36.36363636363637}}, "0.3": {"time": 0.0005679130554199219, "reduction": 92.63157894736842, "validation": {"accuracy": 77.89473684210526}, "test": {"accuracy": 45.45454545454545}}, "0.4": {"time": 0.0005478858947753906, "reduction": 94.73684210526316, "validation": {"accuracy": 90.52631578947368}, "test": {"accuracy": 54.54545454545454}}, "0.5": {"time": 0.0005557537078857422, "reduction": 95.78947368421052, "validation": {"accuracy": 90.52631578947368}, "test": {"accuracy": 54.54545454545454}}, "0.6": {"time": 0.0005481243133544922, "reduction": 97.89473684210527, "validation": {"accuracy": 72.63157894736842}, "test": {"accuracy": 45.45454545454545}}, "0.7": {"time": 0.0005300045013427734, "reduction": 97.89473684210527, "validation": {"accuracy": 72.63157894736842}, "test": {"accuracy": 45.45454545454545}}, "0.8": {"time": 0.0005350112915039062, "reduction": 97.89473684210527, "validation": {"accuracy": 72.63157894736842}, "test": {"accuracy": 45.45454545454545}}, "0.9": {"time": 0.0005199909210205078, "reduction": 97.89473684210527, "validation": {"accuracy": 72.63157894736842}, "test": {"accuracy": 45.45454545454545}}, "1.0": {"time": 0.0005459785461425781, "reduction": 97.89473684210527, "validation": {"accuracy": 72.63157894736842}, "test": {"accuracy": 45.45454545454545}}}, "4": {"0.0": {"time": 0.0007281303405761719, "reduction": 82.10526315789474, "validation": {"accuracy": 77.89473684210526}, "test": {"accuracy": 81.81818181818183}}, "0.1": {"time": 0.0005600452423095703, "reduction": 83.15789473684211, "validation": {"accuracy": 77.89473684210526}, "test": {"accuracy": 81.81818181818183}}, "0.2": {"time": 0.0005578994750976562, "reduction": 85.26315789473684, "validation": {"accuracy": 77.89473684210526}, "test": {"accuracy": 81.81818181818183}}, "0.3": {"time": 0.0005559921264648438, "reduction": 88.42105263157895, "validation": {"accuracy": 89.47368421052632}, "test": {"accuracy": 81.81818181818183}}, "0.4": {"time": 0.000553131103515625, "reduction": 89.47368421052632, "validation": {"accuracy": 89.47368421052632}, "test": {"accuracy": 81.81818181818183}}, "0.5": {"time": 0.0005471706390380859, "reduction": 91.57894736842105, "validation": {"accuracy": 81.05263157894737}, "test": {"accuracy": 81.81818181818183}}, "0.6": {"time": 0.0005629062652587891, "reduction": 95.78947368421052, "validation": {"accuracy": 89.47368421052632}, "test": {"accuracy": 81.81818181818183}}, "0.7": {"time": 0.0005590915679931641, "reduction": 97.89473684210527, "validation": {"accuracy": 94.73684210526315}, "test": {"accuracy": 81.81818181818183}}, "0.8": {"time": 0.0005450248718261719, "reduction": 97.89473684210527, "validation": {"accuracy": 94.73684210526315}, "test": {"accuracy": 81.81818181818183}}, "0.9": {"time": 0.0005488395690917969, "reduction": 97.89473684210527, "validation": {"accuracy": 94.73684210526315}, "test": {"accuracy": 81.81818181818183}}, "1.0": {"time": 0.0005507469177246094, "reduction": 97.89473684210527, "validation": {"accuracy": 94.73684210526315}, "test": {"accuracy": 81.81818181818183}}}, "5": {"0.0": {"time": 0.0005388259887695312, "reduction": 76.84210526315789, "validation": {"accuracy": 63.1578947368421}, "test": {"accuracy": 63.63636363636363}}, "0.1": {"time": 0.0005390644073486328, "reduction": 80.0, "validation": {"accuracy": 63.1578947368421}, "test": {"accuracy": 63.63636363636363}}, "0.2": {"time": 0.0005593299865722656, "reduction": 82.10526315789474, "validation": {"accuracy": 63.1578947368421}, "test": {"accuracy": 63.63636363636363}}, "0.3": {"time": 0.0005321502685546875, "reduction": 85.26315789473684, "validation": {"accuracy": 63.1578947368421}, "test": {"accuracy": 63.63636363636363}}, "0.4": {"time": 0.0005319118499755859, "reduction": 89.47368421052632, "validation": {"accuracy": 74.73684210526315}, "test": {"accuracy": 72.72727272727273}}, "0.5": {"time": 0.0005362033843994141, "reduction": 92.63157894736842, "validation": {"accuracy": 88.42105263157895}, "test": {"accuracy": 81.81818181818183}}, "0.6": {"time": 0.0007212162017822266, "reduction": 93.6842105263158, "validation": {"accuracy": 88.42105263157895}, "test": {"accuracy": 81.81818181818183}}, "0.7": {"time": 0.0005528926849365234, "reduction": 94.73684210526316, "validation": {"accuracy": 88.42105263157895}, "test": {"accuracy": 90.9090909090909}}, "0.8": {"time": 0.0005478858947753906, "reduction": 95.78947368421052, "validation": {"accuracy": 88.42105263157895}, "test": {"accuracy": 90.9090909090909}}, "0.9": {"time": 0.0005359649658203125, "reduction": 97.89473684210527, "validation": {"accuracy": 83.15789473684211}, "test": {"accuracy": 90.9090909090909}}, "1.0": {"time": 0.0005171298980712891, "reduction": 97.89473684210527, "validation": {"accuracy": 83.15789473684211}, "test": {"accuracy": 90.9090909090909}}}, "6": {"0.0": {"time": 0.0005271434783935547, "reduction": 73.6842105263158, "validation": {"accuracy": 74.73684210526315}, "test": {"accuracy": 81.81818181818183}}, "0.1": {"time": 0.0005347728729248047, "reduction": 75.78947368421053, "validation": {"accuracy": 74.73684210526315}, "test": {"accuracy": 81.81818181818183}}, "0.2": {"time": 0.0005319118499755859, "reduction": 80.0, "validation": {"accuracy": 74.73684210526315}, "test": {"accuracy": 81.81818181818183}}, "0.3": {"time": 0.0005629062652587891, "reduction": 80.0, "validation": {"accuracy": 74.73684210526315}, "test": {"accuracy": 81.81818181818183}}, "0.4": {"time": 0.000675201416015625, "reduction": 85.26315789473684, "validation": {"accuracy": 92.63157894736842}, "test": {"accuracy": 72.72727272727273}}, "0.5": {"time": 0.0005528926849365234, "reduction": 86.31578947368422, "validation": {"accuracy": 92.63157894736842}, "test": {"accuracy": 72.72727272727273}}, "0.6": {"time": 0.0005369186401367188, "reduction": 90.52631578947368, "validation": {"accuracy": 82.10526315789474}, "test": {"accuracy": 81.81818181818183}}, "0.7": {"time": 0.000537872314453125, "reduction": 94.73684210526316, "validation": {"accuracy": 91.57894736842105}, "test": {"accuracy": 81.81818181818183}}, "0.8": {"time": 0.0005359649658203125, "reduction": 95.78947368421052, "validation": {"accuracy": 91.57894736842105}, "test": {"accuracy": 81.81818181818183}}, "0.9": {"time": 0.0005369186401367188, "reduction": 96.84210526315789, "validation": {"accuracy": 91.57894736842105}, "test": {"accuracy": 81.81818181818183}}, "1.0": {"time": 0.0005979537963867188, "reduction": 97.89473684210527, "validation": {"accuracy": 85.26315789473684}, "test": {"accuracy": 81.81818181818183}}}, "7": {"0.0": {"time": 0.0005357265472412109, "reduction": 78.125, "validation": {"accuracy": 70.83333333333334}, "test": {"accuracy": 60.0}}, "0.1": {"time": 0.0006480216979980469, "reduction": 82.29166666666666, "validation": {"accuracy": 70.83333333333334}, "test": {"accuracy": 60.0}}, "0.2": {"time": 0.0006101131439208984, "reduction": 84.375, "validation": {"accuracy": 70.83333333333334}, "test": {"accuracy": 70.0}}, "0.3": {"time": 0.0005340576171875, "reduction": 85.41666666666666, "validation": {"accuracy": 70.83333333333334}, "test": {"accuracy": 70.0}}, "0.4": {"time": 0.0005261898040771484, "reduction": 87.5, "validation": {"accuracy": 92.70833333333334}, "test": {"accuracy": 70.0}}, "0.5": {"time": 0.0005218982696533203, "reduction": 91.66666666666666, "validation": {"accuracy": 92.70833333333334}, "test": {"accuracy": 80.0}}, "0.6": {"time": 0.0005209445953369141, "reduction": 93.75, "validation": {"accuracy": 88.54166666666666},